variant	pos	gene	feature	sub_feature	distance_to_gene	locus
igh_1022579	1022579	IGHV1-69D	coding	region	0	IGH
igh_1022629	1022629	IGHV1-69D	coding	region	0	IGH
igh_1022636	1022636	IGHV1-69D	coding	region	0	IGH
igh_1022651	1022651	IGHV1-69D	coding	region	0	IGH
igh_1022748	1022748	IGHV1-69D	coding	region	0	IGH
igh_1022793	1022793	IGHV1-69D	coding	region	0	IGH
igh_1022817	1022817	IGHV1-69D	leader	leader_intron	0	IGH
igh_1022984	1022984	IGHV1-69D	utr	utr	0	IGH
igh_1031107	1031107	IGHV2-70	coding	region	0	IGH
igh_1031134	1031134	IGHV2-70	coding	region	0	IGH
igh_1031174	1031174	IGHV2-70	coding	region	0	IGH
igh_1031186	1031186	IGHV2-70	coding	region	0	IGH
igh_1031232	1031232	IGHV2-70	coding	region	0	IGH
igh_1031275	1031275	IGHV2-70	coding	region	0	IGH
igh_1031380	1031380	IGHV2-70	leader	leader_intron	0	IGH
igh_1031412	1031412	IGHV2-70	leader	l_part1	0	IGH
igh_1031423	1031423	IGHV2-70	leader	l_part1	0	IGH
igh_1031437	1031437	IGHV2-70	utr	utr	0	IGH
igh_1051074	1051074	IGHV3-72	rss	spacer	0	IGH
igh_1063384	1063384	IGHV3-73	coding	region	0	IGH
igh_1135047	1135047	IGHV7-81	coding	region	0	IGH
igh_1135055	1135055	IGHV7-81	coding	region	0	IGH
igh_1135317	1135317	IGHV7-81	leader	leader_intron	0	IGH
igh_1135324	1135324	IGHV7-81	leader	leader_intron	0	IGH
igh_1135352	1135352	IGHV7-81	leader	leader_intron	0	IGH
igh_1135358	1135358	IGHV7-81	leader	leader_intron	0	IGH
igh_1135362	1135362	IGHV7-81	leader	leader_intron	0	IGH
igh_1160388	1160388	IGHV1-8	coding	region	0	IGH
igh_1160505	1160505	IGHV1-8	coding	region	0	IGH
igh_1160619	1160619	IGHV1-8	leader	leader_intron	0	IGH
igh_1173535	1173535	IGHV3-9	coding	region	0	IGH
igh_126104	126104	IGHV1-2	coding	region	0	IGH
igh_126180	126180	IGHV1-2	coding	region	0	IGH
igh_126231	126231	IGHV1-2	coding	region	0	IGH
igh_144620	144620	IGHV1-3	coding	region	0	IGH
igh_144625	144625	IGHV1-3	coding	region	0	IGH
igh_144705	144705	IGHV1-3	coding	region	0	IGH
igh_144740	144740	IGHV1-3	coding	region	0	IGH
igh_144880	144880	IGHV1-3	coding	region	0	IGH
igh_144886	144886	IGHV1-3	coding	region	0	IGH
igh_144899	144899	IGHV1-3	leader	l_part2	0	IGH
igh_144932	144932	IGHV1-3	leader	leader_intron	0	IGH
igh_144933	144933	IGHV1-3	leader	leader_intron	0	IGH
igh_144947	144947	IGHV1-3	leader	leader_intron	0	IGH
igh_145037	145037	IGHV1-3	utr	utr	0	IGH
igh_145041	145041	IGHV1-3	utr	utr	0	IGH
igh_151435	151435	IGHV4-4	coding	region	0	IGH
igh_151498	151498	IGHV4-4	coding	region	0	IGH
igh_151509	151509	IGHV4-4	coding	region	0	IGH
igh_151533	151533	IGHV4-4	coding	region	0	IGH
igh_151557	151557	IGHV4-4	coding	region	0	IGH
igh_151558	151558	IGHV4-4	coding	region	0	IGH
igh_151559	151559	IGHV4-4	coding	region	0	IGH
igh_151566	151566	IGHV4-4	coding	region	0	IGH
igh_151567	151567	IGHV4-4	coding	region	0	IGH
igh_151568	151568	IGHV4-4	coding	region	0	IGH
igh_151584	151584	IGHV4-4	coding	region	0	IGH
igh_151593	151593	IGHV4-4	coding	region	0	IGH
igh_151595	151595	IGHV4-4	coding	region	0	IGH
igh_151602	151602	IGHV4-4	coding	region	0	IGH
igh_151607	151607	IGHV4-4	coding	region	0	IGH
igh_151611	151611	IGHV4-4	coding	region	0	IGH
igh_151617	151617	IGHV4-4	coding	region	0	IGH
igh_151618	151618	IGHV4-4	coding	region	0	IGH
igh_151622	151622	IGHV4-4	coding	region	0	IGH
igh_151652	151652	IGHV4-4	coding	region	0	IGH
igh_151672	151672	IGHV4-4	coding	region	0	IGH
igh_151676	151676	IGHV4-4	coding	region	0	IGH
igh_151719	151719	IGHV4-4	leader	l_part2	0	IGH
igh_151782	151782	IGHV4-4	leader	leader_intron	0	IGH
igh_151831	151831	IGHV4-4	leader	l_part1	0	IGH
igh_151865	151865	IGHV4-4	utr	utr	0	IGH
igh_151866	151866	IGHV4-4	utr	utr	0	IGH
igh_151874	151874	IGHV4-4	utr	utr	0	IGH
igh_151878	151878	IGHV4-4	utr	utr	0	IGH
igh_151881	151881	IGHV4-4	utr	utr	0	IGH
igh_164692	164692	IGHV7-4-1	coding	region	0	IGH
igh_177538	177538	IGHV2-5	coding	region	0	IGH
igh_177772	177772	IGHV2-5	leader	leader_intron	0	IGH
igh_201652	201652	IGHV3-7	coding	region	0	IGH
igh_201670	201670	IGHV3-7	coding	region	0	IGH
igh_201817	201817	IGHV3-7	coding	region	0	IGH
igh_201990	201990	IGHV3-7	leader	leader_intron	0	IGH
igh_202100	202100	IGHV3-7	leader	l_part1	0	IGH
igh_21014	21014	IGHD6-25	rss	nonamer	0	IGH
igh_21063	21063	IGHD6-25	rss	heptamer	0	IGH
igh_256122	256122	IGHV3-11	rss	spacer	0	IGH
igh_256156	256156	IGHV3-11	coding	region	0	IGH
igh_256216	256216	IGHV3-11	coding	region	0	IGH
igh_256257	256257	IGHV3-11	coding	region	0	IGH
igh_256259	256259	IGHV3-11	coding	region	0	IGH
igh_256262	256262	IGHV3-11	coding	region	0	IGH
igh_256263	256263	IGHV3-11	coding	region	0	IGH
igh_256269	256269	IGHV3-11	coding	region	0	IGH
igh_256464	256464	IGHV3-11	leader	leader_intron	0	IGH
igh_269137	269137	IGHV3-13	coding	region	0	IGH
igh_269165	269165	IGHV3-13	coding	region	0	IGH
igh_269196	269196	IGHV3-13	coding	region	0	IGH
igh_269260	269260	IGHV3-13	coding	region	0	IGH
igh_2726	2726	IGHJ6	coding	region	0	IGH
igh_2742	2742	IGHJ6	coding	region	0	IGH
igh_2743	2743	IGHJ6	coding	region	0	IGH
igh_2744	2744	IGHJ6	coding	region	0	IGH
igh_28061	28061	IGHD2-21	coding	region	0	IGH
igh_28093	28093	IGHD2-21	rss	spacer	0	IGH
igh_293094	293094	IGHV3-15	rss	spacer	0	IGH
igh_293281	293281	IGHV3-15	coding	region	0	IGH
igh_293321	293321	IGHV3-15	coding	region	0	IGH
igh_293347	293347	IGHV3-15	coding	region	0	IGH
igh_304888	304888	IGHV3-16	coding	region	0	IGH
igh_305096	305096	IGHV3-16	leader	leader_intron	0	IGH
igh_324600	324600	IGHV1-18	coding	region	0	IGH
igh_33031	33031	IGHD5-18	rss	spacer	0	IGH
igh_33047	33047	IGHD5-18	coding	region	0	IGH
igh_33049	33049	IGHD5-18	coding	region	0	IGH
igh_33055	33055	IGHD5-18	coding	region	0	IGH
igh_33059	33059	IGHD5-18	coding	region	0	IGH
igh_33084	33084	IGHD5-18	rss	nonamer	0	IGH
igh_350399	350399	IGHV3-20	rss	nonamer	0	IGH
igh_350450	350450	IGHV3-20	coding	region	0	IGH
igh_350668	350668	IGHV3-20	coding	region	0	IGH
igh_35158	35158	IGHD3-16	coding	region	0	IGH
igh_374549	374549	IGHV3-21	rss	spacer	0	IGH
igh_375035	375035	IGHV3-21	utr	utr	0	IGH
igh_408387	408387	IGHV3-23	coding	region	0	IGH
igh_4171	4171	IGHJ3	rss	nonamer	0	IGH
igh_419228	419228	IGHV3-23D	coding	region	0	IGH
igh_427267	427267	IGHV1-24	leader	leader_intron	0	IGH
igh_427340	427340	IGHV1-24	utr	utr	0	IGH
igh_439386	439386	IGHV3-25	coding	region	0	IGH
igh_439520	439520	IGHV3-25	coding	region	0	IGH
igh_44013	44013	IGHD3-10	coding	region	0	IGH
igh_46728	46728	IGHD2-8	coding	region	0	IGH
igh_46729	46729	IGHD2-8	coding	region	0	IGH
igh_474720	474720	IGHV4-28	coding	region	0	IGH
igh_474845	474845	IGHV4-28	coding	region	0	IGH
igh_474847	474847	IGHV4-28	coding	region	0	IGH
igh_474848	474848	IGHV4-28	coding	region	0	IGH
igh_474887	474887	IGHV4-28	coding	region	0	IGH
igh_474903	474903	IGHV4-28	leader	l_part2	0	IGH
igh_485426	485426	IGHV3-30	coding	region	0	IGH
igh_485539	485539	IGHV3-30	coding	region	0	IGH
igh_485563	485563	IGHV3-30	coding	region	0	IGH
igh_485564	485564	IGHV3-30	coding	region	0	IGH
igh_485565	485565	IGHV3-30	coding	region	0	IGH
igh_485571	485571	IGHV3-30	coding	region	0	IGH
igh_485647	485647	IGHV3-30	coding	region	0	IGH
igh_485673	485673	IGHV3-30	coding	region	0	IGH
igh_485760	485760	IGHV3-30	leader	leader_intron	0	IGH
igh_499631	499631	IGHV4-30-2	coding	region	0	IGH
igh_499661	499661	IGHV4-30-2	coding	region	0	IGH
igh_499697	499697	IGHV4-30-2	coding	region	0	IGH
igh_499701	499701	IGHV4-30-2	coding	region	0	IGH
igh_499718	499718	IGHV4-30-2	coding	region	0	IGH
igh_499760	499760	IGHV4-30-2	coding	region	0	IGH
igh_499762	499762	IGHV4-30-2	coding	region	0	IGH
igh_499799	499799	IGHV4-30-2	coding	region	0	IGH
igh_499800	499800	IGHV4-30-2	coding	region	0	IGH
igh_499805	499805	IGHV4-30-2	coding	region	0	IGH
igh_499821	499821	IGHV4-30-2	coding	region	0	IGH
igh_499858	499858	IGHV4-30-2	coding	region	0	IGH
igh_499900	499900	IGHV4-30-2	coding	region	0	IGH
igh_499904	499904	IGHV4-30-2	coding	region	0	IGH
igh_499921	499921	IGHV4-30-2	coding	region	0	IGH
igh_499952	499952	IGHV4-30-2	leader	leader_intron	0	IGH
igh_499969	499969	IGHV4-30-2	leader	leader_intron	0	IGH
igh_500071	500071	IGHV4-30-2	utr	utr	0	IGH
igh_500072	500072	IGHV4-30-2	utr	utr	0	IGH
igh_509342	509342	IGHV3-30-3	rss	spacer	0	IGH
igh_509472	509472	IGHV3-30-3	coding	region	0	IGH
igh_509484	509484	IGHV3-30-3	coding	region	0	IGH
igh_509496	509496	IGHV3-30-3	coding	region	0	IGH
igh_509497	509497	IGHV3-30-3	coding	region	0	IGH
igh_509517	509517	IGHV3-30-3	coding	region	0	IGH
igh_509553	509553	IGHV3-30-3	coding	region	0	IGH
igh_509554	509554	IGHV3-30-3	coding	region	0	IGH
igh_509580	509580	IGHV3-30-3	coding	region	0	IGH
igh_509832	509832	IGHV3-30-3	utr	utr	0	IGH
igh_509855	509855	IGHV3-30-3	utr	utr	0	IGH
igh_509863	509863	IGHV3-30-3	utr	utr	0	IGH
igh_509876	509876	IGHV3-30-3	utr	utr	0	IGH
igh_523559	523559	IGHV4-30-4	coding	region	0	IGH
igh_523583	523583	IGHV4-30-4	coding	region	0	IGH
igh_523589	523589	IGHV4-30-4	coding	region	0	IGH
igh_523625	523625	IGHV4-30-4	coding	region	0	IGH
igh_523697	523697	IGHV4-30-4	coding	region	0	IGH
igh_523715	523715	IGHV4-30-4	coding	region	0	IGH
igh_523727	523727	IGHV4-30-4	coding	region	0	IGH
igh_523728	523728	IGHV4-30-4	coding	region	0	IGH
igh_523733	523733	IGHV4-30-4	coding	region	0	IGH
igh_523742	523742	IGHV4-30-4	coding	region	0	IGH
igh_523749	523749	IGHV4-30-4	coding	region	0	IGH
igh_523755	523755	IGHV4-30-4	coding	region	0	IGH
igh_523786	523786	IGHV4-30-4	coding	region	0	IGH
igh_534341	534341	IGHV3-30-5	rss	spacer	0	IGH
igh_534358	534358	IGHV3-30-5	coding	region	0	IGH
igh_534387	534387	IGHV3-30-5	coding	region	0	IGH
igh_534471	534471	IGHV3-30-5	coding	region	0	IGH
igh_534495	534495	IGHV3-30-5	coding	region	0	IGH
igh_534496	534496	IGHV3-30-5	coding	region	0	IGH
igh_534497	534497	IGHV3-30-5	coding	region	0	IGH
igh_534503	534503	IGHV3-30-5	coding	region	0	IGH
igh_534552	534552	IGHV3-30-5	coding	region	0	IGH
igh_534553	534553	IGHV3-30-5	coding	region	0	IGH
igh_534579	534579	IGHV3-30-5	coding	region	0	IGH
igh_534605	534605	IGHV3-30-5	coding	region	0	IGH
igh_534692	534692	IGHV3-30-5	leader	leader_intron	0	IGH
igh_534754	534754	IGHV3-30-5	leader	leader_intron	0	IGH
igh_534831	534831	IGHV3-30-5	utr	utr	0	IGH
igh_534854	534854	IGHV3-30-5	utr	utr	0	IGH
igh_534862	534862	IGHV3-30-5	utr	utr	0	IGH
igh_534875	534875	IGHV3-30-5	utr	utr	0	IGH
igh_548561	548561	IGHV4-31	coding	region	0	IGH
igh_548591	548591	IGHV4-31	coding	region	0	IGH
igh_548627	548627	IGHV4-31	coding	region	0	IGH
igh_548631	548631	IGHV4-31	coding	region	0	IGH
igh_548648	548648	IGHV4-31	coding	region	0	IGH
igh_548652	548652	IGHV4-31	coding	region	0	IGH
igh_548690	548690	IGHV4-31	coding	region	0	IGH
igh_548692	548692	IGHV4-31	coding	region	0	IGH
igh_548729	548729	IGHV4-31	coding	region	0	IGH
igh_548730	548730	IGHV4-31	coding	region	0	IGH
igh_548735	548735	IGHV4-31	coding	region	0	IGH
igh_548751	548751	IGHV4-31	coding	region	0	IGH
igh_548788	548788	IGHV4-31	coding	region	0	IGH
igh_548830	548830	IGHV4-31	coding	region	0	IGH
igh_548834	548834	IGHV4-31	coding	region	0	IGH
igh_548851	548851	IGHV4-31	coding	region	0	IGH
igh_548882	548882	IGHV4-31	leader	leader_intron	0	IGH
igh_548899	548899	IGHV4-31	leader	leader_intron	0	IGH
igh_559050	559050	IGHV3-33	rss	spacer	0	IGH
igh_559067	559067	IGHV3-33	coding	region	0	IGH
igh_559096	559096	IGHV3-33	coding	region	0	IGH
igh_559204	559204	IGHV3-33	coding	region	0	IGH
igh_559205	559205	IGHV3-33	coding	region	0	IGH
igh_559288	559288	IGHV3-33	coding	region	0	IGH
igh_56329	56329	IGHD2-2	coding	region	0	IGH
igh_572934	572934	IGHV4-34	coding	region	0	IGH
igh_588650	588650	IGHV3-35	rss	spacer	0	IGH
igh_588759	588759	IGHV3-35	coding	region	0	IGH
igh_58974	58974	IGHD1-1	rss	nonamer	0	IGH
igh_609925	609925	IGHV3-38	coding	region	0	IGH
igh_620937	620937	IGHV4-38-2	rss	nonamer	0	IGH
igh_620972	620972	IGHV4-38-2	coding	region	0	IGH
igh_620991	620991	IGHV4-38-2	coding	region	0	IGH
igh_621054	621054	IGHV4-38-2	coding	region	0	IGH
igh_621107	621107	IGHV4-38-2	coding	region	0	IGH
igh_621150	621150	IGHV4-38-2	coding	region	0	IGH
igh_621173	621173	IGHV4-38-2	coding	region	0	IGH
igh_621187	621187	IGHV4-38-2	coding	region	0	IGH
igh_621188	621188	IGHV4-38-2	coding	region	0	IGH
igh_621200	621200	IGHV4-38-2	coding	region	0	IGH
igh_621263	621263	IGHV4-38-2	coding	region	0	IGH
igh_621296	621296	IGHV4-38-2	leader	leader_intron	0	IGH
igh_621298	621298	IGHV4-38-2	leader	leader_intron	0	IGH
igh_621322	621322	IGHV4-38-2	leader	leader_intron	0	IGH
igh_621333	621333	IGHV4-38-2	leader	leader_intron	0	IGH
igh_621336	621336	IGHV4-38-2	leader	leader_intron	0	IGH
igh_621342	621342	IGHV4-38-2	leader	leader_intron	0	IGH
igh_621347	621347	IGHV4-38-2	leader	leader_intron	0	IGH
igh_621348	621348	IGHV4-38-2	leader	leader_intron	0	IGH
igh_621351	621351	IGHV4-38-2	leader	leader_intron	0	IGH
igh_621370	621370	IGHV4-38-2	leader	l_part1	0	IGH
igh_621388	621388	IGHV4-38-2	leader	l_part1	0	IGH
igh_621406	621406	IGHV4-38-2	utr	utr	0	IGH
igh_621417	621417	IGHV4-38-2	utr	utr	0	IGH
igh_621421	621421	IGHV4-38-2	utr	utr	0	IGH
igh_636291	636291	IGHV3-43D	rss	spacer	0	IGH
igh_636300	636300	IGHV3-43D	rss	spacer	0	IGH
igh_636347	636347	IGHV3-43D	coding	region	0	IGH
igh_636411	636411	IGHV3-43D	coding	region	0	IGH
igh_636435	636435	IGHV3-43D	coding	region	0	IGH
igh_636512	636512	IGHV3-43D	coding	region	0	IGH
igh_636773	636773	IGHV3-43D	utr	utr	0	IGH
igh_636836	636836	IGHV3-43D	utr	utr	0	IGH
igh_682121	682121	IGHV4-39	coding	region	0	IGH
igh_682140	682140	IGHV4-39	coding	region	0	IGH
igh_682149	682149	IGHV4-39	coding	region	0	IGH
igh_682203	682203	IGHV4-39	coding	region	0	IGH
igh_682256	682256	IGHV4-39	coding	region	0	IGH
igh_682299	682299	IGHV4-39	coding	region	0	IGH
igh_682325	682325	IGHV4-39	coding	region	0	IGH
igh_682339	682339	IGHV4-39	coding	region	0	IGH
igh_682340	682340	IGHV4-39	coding	region	0	IGH
igh_682352	682352	IGHV4-39	coding	region	0	IGH
igh_682415	682415	IGHV4-39	coding	region	0	IGH
igh_682450	682450	IGHV4-39	leader	leader_intron	0	IGH
igh_682475	682475	IGHV4-39	leader	leader_intron	0	IGH
igh_682486	682486	IGHV4-39	leader	leader_intron	0	IGH
igh_682489	682489	IGHV4-39	leader	leader_intron	0	IGH
igh_682495	682495	IGHV4-39	leader	leader_intron	0	IGH
igh_682500	682500	IGHV4-39	leader	leader_intron	0	IGH
igh_682501	682501	IGHV4-39	leader	leader_intron	0	IGH
igh_682504	682504	IGHV4-39	leader	leader_intron	0	IGH
igh_682523	682523	IGHV4-39	leader	l_part1	0	IGH
igh_682541	682541	IGHV4-39	leader	l_part1	0	IGH
igh_730815	730815	IGHV3-43	coding	region	0	IGH
igh_730849	730849	IGHV3-43	coding	region	0	IGH
igh_730875	730875	IGHV3-43	coding	region	0	IGH
igh_730943	730943	IGHV3-43	coding	region	0	IGH
igh_731002	731002	IGHV3-43	leader	leader_intron	0	IGH
igh_731003	731003	IGHV3-43	leader	leader_intron	0	IGH
igh_731011	731011	IGHV3-43	leader	leader_intron	0	IGH
igh_731023	731023	IGHV3-43	leader	leader_intron	0	IGH
igh_731136	731136	IGHV3-43	utr	utr	0	IGH
igh_767579	767579	IGHV1-45	coding	region	0	IGH
igh_767804	767804	IGHV1-45	leader	l_part1	0	IGH
igh_771531	771531	IGHV1-46	coding	region	0	IGH
igh_79352	79352	IGHV6-1	coding	region	0	IGH
igh_798207	798207	IGHV3-48	rss	spacer	0	IGH
igh_798238	798238	IGHV3-48	coding	region	0	IGH
igh_798254	798254	IGHV3-48	coding	region	0	IGH
igh_798295	798295	IGHV3-48	coding	region	0	IGH
igh_798354	798354	IGHV3-48	coding	region	0	IGH
igh_798418	798418	IGHV3-48	coding	region	0	IGH
igh_798419	798419	IGHV3-48	coding	region	0	IGH
igh_798420	798420	IGHV3-48	coding	region	0	IGH
igh_798424	798424	IGHV3-48	coding	region	0	IGH
igh_798472	798472	IGHV3-48	coding	region	0	IGH
igh_817328	817328	IGHV3-49	rss	spacer	0	IGH
igh_817540	817540	IGHV3-49	coding	region	0	IGH
igh_817612	817612	IGHV3-49	coding	region	0	IGH
igh_839407	839407	IGHV5-51	coding	region	0	IGH
igh_839532	839532	IGHV5-51	leader	leader_intron	0	IGH
igh_839633	839633	IGHV5-51	utr	utr	0	IGH
igh_843957	843957	IGHV8-51-1	coding	region	0	IGH
igh_843976	843976	IGHV8-51-1	coding	region	0	IGH
igh_844167	844167	IGHV8-51-1	coding	region	0	IGH
igh_844531	844531	IGHV8-51-1	utr	utr	0	IGH
igh_853071	853071	IGHV3-53	rss	spacer	0	IGH
igh_853073	853073	IGHV3-53	rss	spacer	0	IGH
igh_853119	853119	IGHV3-53	coding	region	0	IGH
igh_853166	853166	IGHV3-53	coding	region	0	IGH
igh_853346	853346	IGHV3-53	coding	region	0	IGH
igh_853361	853361	IGHV3-53	coding	region	0	IGH
igh_853466	853466	IGHV3-53	leader	leader_intron	0	IGH
igh_853497	853497	IGHV3-53	leader	l_part1	0	IGH
igh_882964	882964	IGHV1-58	coding	region	0	IGH
igh_883187	883187	IGHV1-58	leader	l_part1	0	IGH
igh_888039	888039	IGHV4-59	leader	leader_intron	0	IGH
igh_899496	899496	IGHV4-61	rss	nonamer	0	IGH
igh_899504	899504	IGHV4-61	rss	spacer	0	IGH
igh_899531	899531	IGHV4-61	coding	region	0	IGH
igh_899559	899559	IGHV4-61	coding	region	0	IGH
igh_899562	899562	IGHV4-61	coding	region	0	IGH
igh_899665	899665	IGHV4-61	coding	region	0	IGH
igh_899666	899666	IGHV4-61	coding	region	0	IGH
igh_899674	899674	IGHV4-61	coding	region	0	IGH
igh_899675	899675	IGHV4-61	coding	region	0	IGH
igh_899700	899700	IGHV4-61	coding	region	0	IGH
igh_899702	899702	IGHV4-61	coding	region	0	IGH
igh_899744	899744	IGHV4-61	coding	region	0	IGH
igh_899783	899783	IGHV4-61	coding	region	0	IGH
igh_899784	899784	IGHV4-61	coding	region	0	IGH
igh_899870	899870	IGHV4-61	leader	leader_intron	0	IGH
igh_899873	899873	IGHV4-61	leader	leader_intron	0	IGH
igh_899884	899884	IGHV4-61	leader	leader_intron	0	IGH
igh_899892	899892	IGHV4-61	leader	leader_intron	0	IGH
igh_899944	899944	IGHV4-61	leader	l_part1	0	IGH
igh_899959	899959	IGHV4-61	leader	l_part1	0	IGH
igh_903540	903540	IGHV3-62	rss	heptamer	0	IGH
igh_903555	903555	IGHV3-62	coding	region	0	IGH
igh_903564	903564	IGHV3-62	coding	region	0	IGH
igh_903565	903565	IGHV3-62	coding	region	0	IGH
igh_903570	903570	IGHV3-62	coding	region	0	IGH
igh_903670	903670	IGHV3-62	coding	region	0	IGH
igh_903701	903701	IGHV3-62	coding	region	0	IGH
igh_903713	903713	IGHV3-62	coding	region	0	IGH
igh_903715	903715	IGHV3-62	coding	region	0	IGH
igh_903736	903736	IGHV3-62	coding	region	0	IGH
igh_903801	903801	IGHV3-62	coding	region	0	IGH
igh_903811	903811	IGHV3-62	coding	region	0	IGH
igh_903858	903858	IGHV3-62	leader	leader_intron	0	IGH
igh_903858_1	903858	IGHV3-62	leader	leader_intron	0	IGH
igh_903859	903859	IGHV3-62	leader	leader_intron	0	IGH
igh_903888	903888	IGHV3-62	leader	leader_intron	0	IGH
igh_903908	903908	IGHV3-62	leader	leader_intron	0	IGH
igh_903910	903910	IGHV3-62	leader	leader_intron	0	IGH
igh_903919	903919	IGHV3-62	leader	leader_intron	0	IGH
igh_903966	903966	IGHV3-62	leader	l_part1	0	IGH
igh_903967	903967	IGHV3-62	leader	l_part1	0	IGH
igh_904027	904027	IGHV3-62	utr	utr	0	IGH
igh_904041	904041	IGHV3-62	utr	utr	0	IGH
igh_904043	904043	IGHV3-62	utr	utr	0	IGH
igh_918246	918246	IGHV3-64	coding	region	0	IGH
igh_918404	918404	IGHV3-64	coding	region	0	IGH
igh_918588	918588	IGHV3-64	leader	l_part1	0	IGH
igh_935410	935410	IGHV3-66	rss	spacer	0	IGH
igh_935412	935412	IGHV3-66	rss	spacer	0	IGH
igh_935420	935420	IGHV3-66	rss	heptamer	0	IGH
igh_935421	935421	IGHV3-66	rss	heptamer	0	IGH
igh_935425	935425	IGHV3-66	rss	heptamer	0	IGH
igh_935427	935427	IGHV3-66	coding	region	0	IGH
igh_935431	935431	IGHV3-66	coding	region	0	IGH
igh_935458	935458	IGHV3-66	coding	region	0	IGH
igh_935523	935523	IGHV3-66	coding	region	0	IGH
igh_935559	935559	IGHV3-66	coding	region	0	IGH
igh_935641	935641	IGHV3-66	coding	region	0	IGH
igh_935685	935685	IGHV3-66	coding	region	0	IGH
igh_935695	935695	IGHV3-66	coding	region	0	IGH
igh_935696	935696	IGHV3-66	coding	region	0	IGH
igh_935744	935744	IGHV3-66	leader	leader_intron	0	IGH
igh_935752	935752	IGHV3-66	leader	leader_intron	0	IGH
igh_935770	935770	IGHV3-66	leader	leader_intron	0	IGH
igh_935789	935789	IGHV3-66	leader	leader_intron	0	IGH
igh_935791	935791	IGHV3-66	leader	leader_intron	0	IGH
igh_935805	935805	IGHV3-66	leader	leader_intron	0	IGH
igh_975169	975169	IGHV1-69	coding	region	0	IGH
igh_975175	975175	IGHV1-69	coding	region	0	IGH
igh_975219	975219	IGHV1-69	coding	region	0	IGH
igh_975226	975226	IGHV1-69	coding	region	0	IGH
igh_975241	975241	IGHV1-69	coding	region	0	IGH
igh_975292	975292	IGHV1-69	coding	region	0	IGH
igh_975338	975338	IGHV1-69	coding	region	0	IGH
igh_975371	975371	IGHV1-69	coding	region	0	IGH
igh_975383	975383	IGHV1-69	coding	region	0	IGH
igh_975407	975407	IGHV1-69	leader	leader_intron	0	IGH
igh_975562	975562	IGHV1-69	utr	utr	0	IGH
igh_975574	975574	IGHV1-69	utr	utr	0	IGH
igh_984179	984179	IGHV2-70D	coding	region	0	IGH
igh_997500	997500	IGHV1-69-2	rss	spacer	0	IGH
igh_997637	997637	IGHV1-69-2	coding	region	0	IGH
igh_997971	997971	IGHV1-69-2	utr	utr	0	IGH
igh_997972	997972	IGHV1-69-2	utr	utr	0	IGH
igh_44659	44659	IGHD3-9	intergenic	intergenic	419	IGH
igh_61228	61228	IGHD1-1	intergenic	intergenic	2181	IGH
igh_61310	61310	IGHD1-1	intergenic	intergenic	2263	IGH
igh_61383	61383	IGHD1-1	intergenic	intergenic	2336	IGH
igh_43508	43508	IGHD4-11	intergenic	intergenic	348	IGH
igh_43518	43518	IGHD4-11	intergenic	intergenic	358	IGH
igh_44080	44080	IGHD3-10	intergenic	intergenic	24	IGH
igh_25758	25758	IGHD3-22	intergenic	intergenic	168	IGH
igh_31110	31110	IGHD6-19	intergenic	intergenic	61	IGH
igh_31170	31170	IGHD6-19	intergenic	intergenic	1	IGH
igh_31712	31712	IGHD6-19	intergenic	intergenic	464	IGH
igh_32108	32108	IGHD6-19	intergenic	intergenic	860	IGH
igh_32157	32157	IGHD5-18	intergenic	intergenic	857	IGH
igh_32423	32423	IGHD5-18	intergenic	intergenic	591	IGH
igh_32571	32571	IGHD5-18	intergenic	intergenic	443	IGH
igh_33452	33452	IGHD5-18	intergenic	intergenic	362	IGH
igh_33861	33861	IGHD4-17	intergenic	intergenic	119	IGH
igh_33924	33924	IGHD4-17	intergenic	intergenic	56	IGH
igh_34276	34276	IGHD4-17	intergenic	intergenic	224	IGH
igh_34434	34434	IGHD4-17	intergenic	intergenic	382	IGH
igh_35262	35262	IGHD3-16	intergenic	intergenic	63	IGH
igh_35267	35267	IGHD3-16	intergenic	intergenic	68	IGH
igh_35450	35450	IGHD3-16	intergenic	intergenic	251	IGH
igh_35838	35838	IGHD3-16	intergenic	intergenic	639	IGH
igh_35847	35847	IGHD3-16	intergenic	intergenic	648	IGH
igh_36202	36202	IGHD3-16	intergenic	intergenic	1003	IGH
igh_36335	36335	IGHD2-15	intergenic	intergenic	1094	IGH
igh_36414	36414	IGHD2-15	intergenic	intergenic	1015	IGH
igh_36743	36743	IGHD2-15	intergenic	intergenic	686	IGH
igh_36758	36758	IGHD2-15	intergenic	intergenic	671	IGH
igh_36862	36862	IGHD2-15	intergenic	intergenic	567	IGH
igh_36898	36898	IGHD2-15	intergenic	intergenic	531	IGH
igh_37948	37948	IGHD2-15	intergenic	intergenic	432	IGH
igh_39183	39183	IGHD1-14	intergenic	intergenic	927	IGH
igh_40479	40479	IGHD6-13	intergenic	intergenic	135	IGH
igh_66750	66750	IGHD1-1	intergenic	intergenic	7703	IGH
igh_142230	142230	IGHV1-3	intergenic	intergenic	2326	IGH
igh_60950	60950	IGHD1-1	intergenic	intergenic	1903	IGH
igh_140470	140470	IGHV1-3	intergenic	intergenic	4086	IGH
igh_139282	139282	IGHV1-3	intergenic	intergenic	5274	IGH
igh_139283	139283	IGHV1-3	intergenic	intergenic	5273	IGH
igh_139284	139284	IGHV1-3	intergenic	intergenic	5272	IGH
igh_139287	139287	IGHV1-3	intergenic	intergenic	5269	IGH
igh_139291	139291	IGHV1-3	intergenic	intergenic	5265	IGH
igh_139387	139387	IGHV1-3	intergenic	intergenic	5169	IGH
igh_139405	139405	IGHV1-3	intergenic	intergenic	5151	IGH
igh_139417	139417	IGHV1-3	intergenic	intergenic	5139	IGH
igh_140368	140368	IGHV1-3	intergenic	intergenic	4188	IGH
igh_140929	140929	IGHV1-3	intergenic	intergenic	3627	IGH
igh_141146	141146	IGHV1-3	intergenic	intergenic	3410	IGH
igh_141293	141293	IGHV1-3	intergenic	intergenic	3263	IGH
igh_141434	141434	IGHV1-3	intergenic	intergenic	3122	IGH
igh_141895	141895	IGHV1-3	intergenic	intergenic	2661	IGH
igh_141995	141995	IGHV1-3	intergenic	intergenic	2561	IGH
igh_142338	142338	IGHV1-3	intergenic	intergenic	2218	IGH
igh_142359	142359	IGHV1-3	intergenic	intergenic	2197	IGH
igh_142758	142758	IGHV1-3	intergenic	intergenic	1798	IGH
igh_142827	142827	IGHV1-3	intergenic	intergenic	1729	IGH
igh_143634	143634	IGHV1-3	intergenic	intergenic	922	IGH
igh_143667	143667	IGHV1-3	intergenic	intergenic	889	IGH
igh_143692	143692	IGHV1-3	intergenic	intergenic	864	IGH
igh_143787	143787	IGHV1-3	intergenic	intergenic	769	IGH
igh_144024	144024	IGHV1-3	intergenic	intergenic	532	IGH
igh_144447	144447	IGHV1-3	intergenic	intergenic	109	IGH
igh_145274	145274	IGHV1-3	intergenic	intergenic	197	IGH
igh_145372	145372	IGHV1-3	intergenic	intergenic	295	IGH
igh_253144	253144	IGHV3-11	intergenic	intergenic	2952	IGH
igh_253150	253150	IGHV3-11	intergenic	intergenic	2946	IGH
igh_253180	253180	IGHV3-11	intergenic	intergenic	2916	IGH
igh_253300	253300	IGHV3-11	intergenic	intergenic	2796	IGH
igh_253346	253346	IGHV3-11	intergenic	intergenic	2750	IGH
igh_253461	253461	IGHV3-11	intergenic	intergenic	2635	IGH
igh_253484	253484	IGHV3-11	intergenic	intergenic	2612	IGH
igh_253530	253530	IGHV3-11	intergenic	intergenic	2566	IGH
igh_253559	253559	IGHV3-11	intergenic	intergenic	2537	IGH
igh_253573	253573	IGHV3-11	intergenic	intergenic	2523	IGH
igh_253574	253574	IGHV3-11	intergenic	intergenic	2522	IGH
igh_253593	253593	IGHV3-11	intergenic	intergenic	2503	IGH
igh_253655	253655	IGHV3-11	intergenic	intergenic	2441	IGH
igh_253713	253713	IGHV3-11	intergenic	intergenic	2383	IGH
igh_253800	253800	IGHV3-11	intergenic	intergenic	2296	IGH
igh_253903	253903	IGHV3-11	intergenic	intergenic	2193	IGH
igh_255856	255856	IGHV3-11	intergenic	intergenic	240	IGH
igh_255858	255858	IGHV3-11	intergenic	intergenic	238	IGH
igh_255860	255860	IGHV3-11	intergenic	intergenic	236	IGH
igh_255864	255864	IGHV3-11	intergenic	intergenic	232	IGH
igh_255872	255872	IGHV3-11	intergenic	intergenic	224	IGH
igh_255902	255902	IGHV3-11	intergenic	intergenic	194	IGH
igh_255905	255905	IGHV3-11	intergenic	intergenic	191	IGH
igh_255908	255908	IGHV3-11	intergenic	intergenic	188	IGH
igh_255911	255911	IGHV3-11	intergenic	intergenic	185	IGH
igh_255990	255990	IGHV3-11	intergenic	intergenic	106	IGH
igh_256050	256050	IGHV3-11	intergenic	intergenic	46	IGH
igh_139189	139189	IGHV1-3	intergenic	intergenic	5367	IGH
igh_139222	139222	IGHV1-3	intergenic	intergenic	5334	IGH
igh_139224	139224	IGHV1-3	intergenic	intergenic	5332	IGH
igh_139225	139225	IGHV1-3	intergenic	intergenic	5331	IGH
igh_139226	139226	IGHV1-3	intergenic	intergenic	5330	IGH
igh_139251	139251	IGHV1-3	intergenic	intergenic	5305	IGH
igh_139266	139266	IGHV1-3	intergenic	intergenic	5290	IGH
igh_141349	141349	IGHV1-3	intergenic	intergenic	3207	IGH
igh_139965	139965	IGHV1-3	intergenic	intergenic	4591	IGH
igh_139972	139972	IGHV1-3	intergenic	intergenic	4584	IGH
igh_139990	139990	IGHV1-3	intergenic	intergenic	4566	IGH
igh_139991	139991	IGHV1-3	intergenic	intergenic	4565	IGH
igh_77628	77628	IGHV6-1	intergenic	intergenic	1587	IGH
igh_132527	132527	IGHV1-2	intergenic	intergenic	5946	IGH
igh_136390	136390	IGHV1-3	intergenic	intergenic	8166	IGH
igh_136433	136433	IGHV1-3	intergenic	intergenic	8123	IGH
igh_139704	139704	IGHV1-3	intergenic	intergenic	4852	IGH
igh_140421	140421	IGHV1-3	intergenic	intergenic	4135	IGH
igh_141696	141696	IGHV1-3	intergenic	intergenic	2860	IGH
igh_252382	252382	IGHV3-11	intergenic	intergenic	3714	IGH
igh_252383	252383	IGHV3-11	intergenic	intergenic	3713	IGH
igh_252416	252416	IGHV3-11	intergenic	intergenic	3680	IGH
igh_252423	252423	IGHV3-11	intergenic	intergenic	3673	IGH
igh_252431	252431	IGHV3-11	intergenic	intergenic	3665	IGH
igh_252467	252467	IGHV3-11	intergenic	intergenic	3629	IGH
igh_252478	252478	IGHV3-11	intergenic	intergenic	3618	IGH
igh_252488	252488	IGHV3-11	intergenic	intergenic	3608	IGH
igh_252494	252494	IGHV3-11	intergenic	intergenic	3602	IGH
igh_252495	252495	IGHV3-11	intergenic	intergenic	3601	IGH
igh_252503	252503	IGHV3-11	intergenic	intergenic	3593	IGH
igh_252506	252506	IGHV3-11	intergenic	intergenic	3590	IGH
igh_252512	252512	IGHV3-11	intergenic	intergenic	3584	IGH
igh_252547	252547	IGHV3-11	intergenic	intergenic	3549	IGH
igh_252553	252553	IGHV3-11	intergenic	intergenic	3543	IGH
igh_252563	252563	IGHV3-11	intergenic	intergenic	3533	IGH
igh_252572	252572	IGHV3-11	intergenic	intergenic	3524	IGH
igh_252581	252581	IGHV3-11	intergenic	intergenic	3515	IGH
igh_252607	252607	IGHV3-11	intergenic	intergenic	3489	IGH
igh_252615	252615	IGHV3-11	intergenic	intergenic	3481	IGH
igh_252620	252620	IGHV3-11	intergenic	intergenic	3476	IGH
igh_252623	252623	IGHV3-11	intergenic	intergenic	3473	IGH
igh_252630	252630	IGHV3-11	intergenic	intergenic	3466	IGH
igh_252666	252666	IGHV3-11	intergenic	intergenic	3430	IGH
igh_252684	252684	IGHV3-11	intergenic	intergenic	3412	IGH
igh_252713	252713	IGHV3-11	intergenic	intergenic	3383	IGH
igh_252733	252733	IGHV3-11	intergenic	intergenic	3363	IGH
igh_252747	252747	IGHV3-11	intergenic	intergenic	3349	IGH
igh_252779	252779	IGHV3-11	intergenic	intergenic	3317	IGH
igh_252827	252827	IGHV3-11	intergenic	intergenic	3269	IGH
igh_252831	252831	IGHV3-11	intergenic	intergenic	3265	IGH
igh_252965	252965	IGHV3-11	intergenic	intergenic	3131	IGH
igh_252996	252996	IGHV3-11	intergenic	intergenic	3100	IGH
igh_253029	253029	IGHV3-11	intergenic	intergenic	3067	IGH
igh_253031	253031	IGHV3-11	intergenic	intergenic	3065	IGH
igh_253036	253036	IGHV3-11	intergenic	intergenic	3060	IGH
igh_253043	253043	IGHV3-11	intergenic	intergenic	3053	IGH
igh_253091	253091	IGHV3-11	intergenic	intergenic	3005	IGH
igh_62957	62957	IGHD1-1	intergenic	intergenic	3910	IGH
igh_64211	64211	IGHD1-1	intergenic	intergenic	5164	IGH
igh_143708	143708	IGHV1-3	intergenic	intergenic	848	IGH
igh_145539	145539	IGHV1-3	intergenic	intergenic	462	IGH
igh_140813	140813	IGHV1-3	intergenic	intergenic	3743	IGH
igh_140830	140830	IGHV1-3	intergenic	intergenic	3726	IGH
igh_140843	140843	IGHV1-3	intergenic	intergenic	3713	IGH
igh_140854	140854	IGHV1-3	intergenic	intergenic	3702	IGH
igh_34696	34696	IGHD3-16	intergenic	intergenic	410	IGH
igh_36319	36319	IGHD2-15	intergenic	intergenic	1110	IGH
igh_168447	168447	IGHV7-4-1	intergenic	intergenic	3311	IGH
igh_30565	30565	IGHD1-20	intergenic	intergenic	98	IGH
igh_33874	33874	IGHD4-17	intergenic	intergenic	106	IGH
igh_39811	39811	IGHD1-14	intergenic	intergenic	299	IGH
igh_58364	58364	IGHD1-1	intergenic	intergenic	610	IGH
igh_35019	35019	IGHD3-16	intergenic	intergenic	87	IGH
igh_139107	139107	IGHV1-3	intergenic	intergenic	5449	IGH
igh_139126	139126	IGHV1-3	intergenic	intergenic	5430	IGH
igh_139127	139127	IGHV1-3	intergenic	intergenic	5429	IGH
igh_139131	139131	IGHV1-3	intergenic	intergenic	5425	IGH
igh_139141	139141	IGHV1-3	intergenic	intergenic	5415	IGH
igh_139146	139146	IGHV1-3	intergenic	intergenic	5410	IGH
igh_139164	139164	IGHV1-3	intergenic	intergenic	5392	IGH
igh_139166	139166	IGHV1-3	intergenic	intergenic	5390	IGH
igh_139167	139167	IGHV1-3	intergenic	intergenic	5389	IGH
igh_139173	139173	IGHV1-3	intergenic	intergenic	5383	IGH
igh_139176	139176	IGHV1-3	intergenic	intergenic	5380	IGH
igh_139182	139182	IGHV1-3	intergenic	intergenic	5374	IGH
igh_139186	139186	IGHV1-3	intergenic	intergenic	5370	IGH
igh_32902	32902	IGHD5-18	intergenic	intergenic	112	IGH
igh_58840	58840	IGHD1-1	intergenic	intergenic	134	IGH
igh_31919	31919	IGHD6-19	intergenic	intergenic	671	IGH
igh_33860	33860	IGHD4-17	intergenic	intergenic	120	IGH
igh_35724	35724	IGHD3-16	intergenic	intergenic	525	IGH
igh_32719	32719	IGHD5-18	intergenic	intergenic	295	IGH
igh_33171	33171	IGHD5-18	intergenic	intergenic	81	IGH
igh_33179	33179	IGHD5-18	intergenic	intergenic	89	IGH
igh_33181	33181	IGHD5-18	intergenic	intergenic	91	IGH
igh_33185	33185	IGHD5-18	intergenic	intergenic	95	IGH
igh_33187	33187	IGHD5-18	intergenic	intergenic	97	IGH
igh_139048	139048	IGHV1-3	intergenic	intergenic	5508	IGH
igh_139053	139053	IGHV1-3	intergenic	intergenic	5503	IGH
igh_139086	139086	IGHV1-3	intergenic	intergenic	5470	IGH
igh_139088	139088	IGHV1-3	intergenic	intergenic	5468	IGH
igh_139089	139089	IGHV1-3	intergenic	intergenic	5467	IGH
igh_139104	139104	IGHV1-3	intergenic	intergenic	5452	IGH
igh_139111	139111	IGHV1-3	intergenic	intergenic	5445	IGH
igh_139117	139117	IGHV1-3	intergenic	intergenic	5439	IGH
igh_139119	139119	IGHV1-3	intergenic	intergenic	5437	IGH
igh_139142	139142	IGHV1-3	intergenic	intergenic	5414	IGH
igh_139070	139070	IGHV1-3	intergenic	intergenic	5486	IGH
igh_139071	139071	IGHV1-3	intergenic	intergenic	5485	IGH
igh_139074	139074	IGHV1-3	intergenic	intergenic	5482	IGH
igh_208745	208745	IGHV3-7	intergenic	intergenic	6564	IGH
igh_208751	208751	IGHV3-7	intergenic	intergenic	6570	IGH
igh_208760	208760	IGHV3-7	intergenic	intergenic	6579	IGH
igh_208802	208802	IGHV3-7	intergenic	intergenic	6621	IGH
igh_208808	208808	IGHV3-7	intergenic	intergenic	6627	IGH
igh_209020	209020	IGHV3-7	intergenic	intergenic	6839	IGH
igh_209036	209036	IGHV3-7	intergenic	intergenic	6855	IGH
igh_209051	209051	IGHV3-7	intergenic	intergenic	6870	IGH
igh_209141	209141	IGHV3-7	intergenic	intergenic	6960	IGH
igh_209221	209221	IGHV3-7	intergenic	intergenic	7040	IGH
igh_209474	209474	IGHV3-7	intergenic	intergenic	7293	IGH
igh_209586	209586	IGHV3-7	intergenic	intergenic	7405	IGH
igh_209654	209654	IGHV3-7	intergenic	intergenic	7473	IGH
igh_209952	209952	IGHV3-7	intergenic	intergenic	7771	IGH
igh_209954	209954	IGHV3-7	intergenic	intergenic	7773	IGH
igh_210150	210150	IGHV3-7	intergenic	intergenic	7969	IGH
igh_210392	210392	IGHV3-7	intergenic	intergenic	8211	IGH
igh_210637	210637	IGHV3-7	intergenic	intergenic	8456	IGH
igh_210694	210694	IGHV3-7	intergenic	intergenic	8513	IGH
igh_210715	210715	IGHV3-7	intergenic	intergenic	8534	IGH
igh_210753	210753	IGHV3-7	intergenic	intergenic	8572	IGH
igh_210773	210773	IGHV3-7	intergenic	intergenic	8592	IGH
igh_210792	210792	IGHV3-7	intergenic	intergenic	8611	IGH
igh_210873	210873	IGHV3-7	intergenic	intergenic	8692	IGH
igh_211355	211355	IGHV3-7	intergenic	intergenic	9174	IGH
igh_211357	211357	IGHV3-7	intergenic	intergenic	9176	IGH
igh_211358	211358	IGHV3-7	intergenic	intergenic	9177	IGH
igh_211360	211360	IGHV3-7	intergenic	intergenic	9179	IGH
igh_211364	211364	IGHV3-7	intergenic	intergenic	9183	IGH
igh_211365	211365	IGHV3-7	intergenic	intergenic	9184	IGH
igh_211366	211366	IGHV3-7	intergenic	intergenic	9185	IGH
igh_211475	211475	IGHV3-7	intergenic	intergenic	9294	IGH
igh_211478	211478	IGHV3-7	intergenic	intergenic	9297	IGH
igh_211562	211562	IGHV3-7	intergenic	intergenic	9381	IGH
igh_211563	211563	IGHV3-7	intergenic	intergenic	9382	IGH
igh_211619	211619	IGHV3-7	intergenic	intergenic	9438	IGH
igh_252273	252273	IGHV3-11	intergenic	intergenic	3823	IGH
igh_252276	252276	IGHV3-11	intergenic	intergenic	3820	IGH
igh_252294	252294	IGHV3-11	intergenic	intergenic	3802	IGH
igh_252304	252304	IGHV3-11	intergenic	intergenic	3792	IGH
igh_252306	252306	IGHV3-11	intergenic	intergenic	3790	IGH
igh_252308	252308	IGHV3-11	intergenic	intergenic	3788	IGH
igh_252320	252320	IGHV3-11	intergenic	intergenic	3776	IGH
igh_252334	252334	IGHV3-11	intergenic	intergenic	3762	IGH
igh_207316	207316	IGHV3-7	intergenic	intergenic	5135	IGH
igh_207510	207510	IGHV3-7	intergenic	intergenic	5329	IGH
igh_213180	213180	IGHV3-7	intergenic	intergenic	10999	IGH
igh_122253	122253	IGHV1-2	intergenic	intergenic	3790	IGH
igh_124353	124353	IGHV1-2	intergenic	intergenic	1690	IGH
igh_124441	124441	IGHV1-2	intergenic	intergenic	1602	IGH
igh_213704	213704	IGHV3-7	intergenic	intergenic	11523	IGH
igh_213765	213765	IGHV3-7	intergenic	intergenic	11584	IGH
igh_213772	213772	IGHV3-7	intergenic	intergenic	11591	IGH
igh_213947	213947	IGHV3-7	intergenic	intergenic	11766	IGH
igh_214030	214030	IGHV3-7	intergenic	intergenic	11849	IGH
igh_214040	214040	IGHV3-7	intergenic	intergenic	11859	IGH
igh_214074	214074	IGHV3-7	intergenic	intergenic	11893	IGH
igh_214086	214086	IGHV3-7	intergenic	intergenic	11905	IGH
igh_214140	214140	IGHV3-7	intergenic	intergenic	11959	IGH
igh_214210	214210	IGHV3-7	intergenic	intergenic	12029	IGH
igh_214218	214218	IGHV3-7	intergenic	intergenic	12037	IGH
igh_214271	214271	IGHV3-7	intergenic	intergenic	12090	IGH
igh_214273	214273	IGHV3-7	intergenic	intergenic	12092	IGH
igh_214297	214297	IGHV3-7	intergenic	intergenic	12116	IGH
igh_214298	214298	IGHV3-7	intergenic	intergenic	12117	IGH
igh_214360	214360	IGHV3-7	intergenic	intergenic	12179	IGH
igh_214364	214364	IGHV3-7	intergenic	intergenic	12183	IGH
igh_214373	214373	IGHV3-7	intergenic	intergenic	12192	IGH
igh_214412	214412	IGHV3-7	intergenic	intergenic	12231	IGH
igh_214446	214446	IGHV3-7	intergenic	intergenic	12265	IGH
igh_214480	214480	IGHV3-7	intergenic	intergenic	12299	IGH
igh_214503	214503	IGHV3-7	intergenic	intergenic	12322	IGH
igh_214520	214520	IGHV3-7	intergenic	intergenic	12339	IGH
igh_214523	214523	IGHV3-7	intergenic	intergenic	12342	IGH
igh_211751	211751	IGHV3-7	intergenic	intergenic	9570	IGH
igh_211765	211765	IGHV3-7	intergenic	intergenic	9584	IGH
igh_211889	211889	IGHV3-7	intergenic	intergenic	9708	IGH
igh_212017	212017	IGHV3-7	intergenic	intergenic	9836	IGH
igh_212091	212091	IGHV3-7	intergenic	intergenic	9910	IGH
igh_212104	212104	IGHV3-7	intergenic	intergenic	9923	IGH
igh_212121	212121	IGHV3-7	intergenic	intergenic	9940	IGH
igh_212154	212154	IGHV3-7	intergenic	intergenic	9973	IGH
igh_212166	212166	IGHV3-7	intergenic	intergenic	9985	IGH
igh_212269	212269	IGHV3-7	intergenic	intergenic	10088	IGH
igh_212314	212314	IGHV3-7	intergenic	intergenic	10133	IGH
igh_212330	212330	IGHV3-7	intergenic	intergenic	10149	IGH
igh_212352	212352	IGHV3-7	intergenic	intergenic	10171	IGH
igh_212357	212357	IGHV3-7	intergenic	intergenic	10176	IGH
igh_212364	212364	IGHV3-7	intergenic	intergenic	10183	IGH
igh_212368	212368	IGHV3-7	intergenic	intergenic	10187	IGH
igh_212385	212385	IGHV3-7	intergenic	intergenic	10204	IGH
igh_212394	212394	IGHV3-7	intergenic	intergenic	10213	IGH
igh_212410	212410	IGHV3-7	intergenic	intergenic	10229	IGH
igh_212447	212447	IGHV3-7	intergenic	intergenic	10266	IGH
igh_212486	212486	IGHV3-7	intergenic	intergenic	10305	IGH
igh_212556	212556	IGHV3-7	intergenic	intergenic	10375	IGH
igh_212871	212871	IGHV3-7	intergenic	intergenic	10690	IGH
igh_212874	212874	IGHV3-7	intergenic	intergenic	10693	IGH
igh_213265	213265	IGHV3-7	intergenic	intergenic	11084	IGH
igh_207913	207913	IGHV3-7	intergenic	intergenic	5732	IGH
igh_208033	208033	IGHV3-7	intergenic	intergenic	5852	IGH
igh_208338	208338	IGHV3-7	intergenic	intergenic	6157	IGH
igh_139796	139796	IGHV1-3	intergenic	intergenic	4760	IGH
igh_212523	212523	IGHV3-7	intergenic	intergenic	10342	IGH
igh_212577	212577	IGHV3-7	intergenic	intergenic	10396	IGH
igh_213262	213262	IGHV3-7	intergenic	intergenic	11081	IGH
igh_257822	257822	IGHV3-11	intergenic	intergenic	1157	IGH
igh_258035	258035	IGHV3-11	intergenic	intergenic	1370	IGH
igh_258055	258055	IGHV3-11	intergenic	intergenic	1390	IGH
igh_37234	37234	IGHD2-15	intergenic	intergenic	195	IGH
igh_117231	117231	IGHV1-2	intergenic	intergenic	8812	IGH
igh_117296	117296	IGHV1-2	intergenic	intergenic	8747	IGH
igh_117463	117463	IGHV1-2	intergenic	intergenic	8580	IGH
igh_117564	117564	IGHV1-2	intergenic	intergenic	8479	IGH
igh_207205	207205	IGHV3-7	intergenic	intergenic	5024	IGH
igh_33259	33259	IGHD5-18	intergenic	intergenic	169	IGH
igh_28854	28854	IGHD2-21	intergenic	intergenic	747	IGH
igh_31287	31287	IGHD6-19	intergenic	intergenic	39	IGH
igh_31316	31316	IGHD6-19	intergenic	intergenic	68	IGH
igh_31393	31393	IGHD6-19	intergenic	intergenic	145	IGH
igh_31401	31401	IGHD6-19	intergenic	intergenic	153	IGH
igh_31626	31626	IGHD6-19	intergenic	intergenic	378	IGH
igh_31695	31695	IGHD6-19	intergenic	intergenic	447	IGH
igh_31746	31746	IGHD6-19	intergenic	intergenic	498	IGH
igh_31914	31914	IGHD6-19	intergenic	intergenic	666	IGH
igh_31917	31917	IGHD6-19	intergenic	intergenic	669	IGH
igh_32124	32124	IGHD6-19	intergenic	intergenic	876	IGH
igh_32317	32317	IGHD5-18	intergenic	intergenic	697	IGH
igh_32322	32322	IGHD5-18	intergenic	intergenic	692	IGH
igh_32530	32530	IGHD5-18	intergenic	intergenic	484	IGH
igh_32556	32556	IGHD5-18	intergenic	intergenic	458	IGH
igh_32861	32861	IGHD5-18	intergenic	intergenic	153	IGH
igh_32928	32928	IGHD5-18	intergenic	intergenic	86	IGH
igh_32991	32991	IGHD5-18	intergenic	intergenic	23	IGH
igh_33469	33469	IGHD5-18	intergenic	intergenic	379	IGH
igh_34259	34259	IGHD4-17	intergenic	intergenic	207	IGH
igh_34334	34334	IGHD4-17	intergenic	intergenic	282	IGH
igh_34574	34574	IGHD4-17	intergenic	intergenic	522	IGH
igh_34665	34665	IGHD3-16	intergenic	intergenic	441	IGH
igh_34759	34759	IGHD3-16	intergenic	intergenic	347	IGH
igh_35259	35259	IGHD3-16	intergenic	intergenic	60	IGH
igh_35296	35296	IGHD3-16	intergenic	intergenic	97	IGH
igh_35344	35344	IGHD3-16	intergenic	intergenic	145	IGH
igh_35346	35346	IGHD3-16	intergenic	intergenic	147	IGH
igh_35350	35350	IGHD3-16	intergenic	intergenic	151	IGH
igh_35457	35457	IGHD3-16	intergenic	intergenic	258	IGH
igh_35702	35702	IGHD3-16	intergenic	intergenic	503	IGH
igh_36148	36148	IGHD3-16	intergenic	intergenic	949	IGH
igh_36312	36312	IGHD3-16	intergenic	intergenic	1113	IGH
igh_36361	36361	IGHD2-15	intergenic	intergenic	1068	IGH
igh_36364	36364	IGHD2-15	intergenic	intergenic	1065	IGH
igh_213381	213381	IGHV3-7	intergenic	intergenic	11200	IGH
igh_213486	213486	IGHV3-7	intergenic	intergenic	11305	IGH
igh_213539	213539	IGHV3-7	intergenic	intergenic	11358	IGH
igh_213540	213540	IGHV3-7	intergenic	intergenic	11359	IGH
igh_213622	213622	IGHV3-7	intergenic	intergenic	11441	IGH
igh_213767	213767	IGHV3-7	intergenic	intergenic	11586	IGH
igh_214033	214033	IGHV3-7	intergenic	intergenic	11852	IGH
igh_214035	214035	IGHV3-7	intergenic	intergenic	11854	IGH
igh_214055	214055	IGHV3-7	intergenic	intergenic	11874	IGH
igh_214105	214105	IGHV3-7	intergenic	intergenic	11924	IGH
igh_214178	214178	IGHV3-7	intergenic	intergenic	11997	IGH
igh_214191	214191	IGHV3-7	intergenic	intergenic	12010	IGH
igh_214193	214193	IGHV3-7	intergenic	intergenic	12012	IGH
igh_214208	214208	IGHV3-7	intergenic	intergenic	12027	IGH
igh_214274	214274	IGHV3-7	intergenic	intergenic	12093	IGH
igh_214277	214277	IGHV3-7	intergenic	intergenic	12096	IGH
igh_214323	214323	IGHV3-7	intergenic	intergenic	12142	IGH
igh_214410	214410	IGHV3-7	intergenic	intergenic	12229	IGH
igh_214563	214563	IGHV3-7	intergenic	intergenic	12382	IGH
igh_159468	159468	IGHV7-4-1	intergenic	intergenic	5138	IGH
igh_159719	159719	IGHV7-4-1	intergenic	intergenic	4887	IGH
igh_159884	159884	IGHV7-4-1	intergenic	intergenic	4722	IGH
igh_160876	160876	IGHV7-4-1	intergenic	intergenic	3730	IGH
igh_162949	162949	IGHV7-4-1	intergenic	intergenic	1657	IGH
igh_126042	126042	IGHV1-2	intergenic	intergenic	1	IGH
igh_127379	127379	IGHV1-2	intergenic	intergenic	798	IGH
igh_127386	127386	IGHV1-2	intergenic	intergenic	805	IGH
igh_258088	258088	IGHV3-11	intergenic	intergenic	1423	IGH
igh_258126	258126	IGHV3-11	intergenic	intergenic	1461	IGH
igh_115056	115056	IGHV1-2	intergenic	intergenic	10987	IGH
igh_33166	33166	IGHD5-18	intergenic	intergenic	76	IGH
igh_254011	254011	IGHV3-11	intergenic	intergenic	2085	IGH
igh_254178	254178	IGHV3-11	intergenic	intergenic	1918	IGH
igh_254192	254192	IGHV3-11	intergenic	intergenic	1904	IGH
igh_254276	254276	IGHV3-11	intergenic	intergenic	1820	IGH
igh_254490	254490	IGHV3-11	intergenic	intergenic	1606	IGH
igh_254542	254542	IGHV3-11	intergenic	intergenic	1554	IGH
igh_254848	254848	IGHV3-11	intergenic	intergenic	1248	IGH
igh_255270	255270	IGHV3-11	intergenic	intergenic	826	IGH
igh_255413	255413	IGHV3-11	intergenic	intergenic	683	IGH
igh_255974	255974	IGHV3-11	intergenic	intergenic	122	IGH
igh_255976	255976	IGHV3-11	intergenic	intergenic	120	IGH
igh_255993	255993	IGHV3-11	intergenic	intergenic	103	IGH
igh_255994	255994	IGHV3-11	intergenic	intergenic	102	IGH
igh_256079	256079	IGHV3-11	intergenic	intergenic	17	IGH
igh_256080	256080	IGHV3-11	intergenic	intergenic	16	IGH
igh_213090	213090	IGHV3-7	intergenic	intergenic	10909	IGH
igh_213153	213153	IGHV3-7	intergenic	intergenic	10972	IGH
igh_32705	32705	IGHD5-18	intergenic	intergenic	309	IGH
igh_57417	57417	IGHD2-2	intergenic	intergenic	1032	IGH
igh_119632	119632	IGHV1-2	intergenic	intergenic	6411	IGH
igh_33261	33261	IGHD5-18	intergenic	intergenic	171	IGH
igh_209736	209736	IGHV3-7	intergenic	intergenic	7555	IGH
igh_119095	119095	IGHV1-2	intergenic	intergenic	6948	IGH
igh_207295	207295	IGHV3-7	intergenic	intergenic	5114	IGH
igh_25815	25815	IGHD3-22	intergenic	intergenic	225	IGH
igh_33358	33358	IGHD5-18	intergenic	intergenic	268	IGH
igh_266617	266617	IGHV3-13	intergenic	intergenic	2384	IGH
igh_211758	211758	IGHV3-7	intergenic	intergenic	9577	IGH
igh_211759	211759	IGHV3-7	intergenic	intergenic	9578	IGH
igh_212464	212464	IGHV3-7	intergenic	intergenic	10283	IGH
igh_212539	212539	IGHV3-7	intergenic	intergenic	10358	IGH
igh_208464	208464	IGHV3-7	intergenic	intergenic	6283	IGH
igh_208514	208514	IGHV3-7	intergenic	intergenic	6333	IGH
igh_116176	116176	IGHV1-2	intergenic	intergenic	9867	IGH
igh_119770	119770	IGHV1-2	intergenic	intergenic	6273	IGH
igh_120223	120223	IGHV1-2	intergenic	intergenic	5820	IGH
igh_120687	120687	IGHV1-2	intergenic	intergenic	5356	IGH
igh_114223	114223	IGHV1-2	intergenic	intergenic	11820	IGH
igh_135699	135699	IGHV1-3	intergenic	intergenic	8857	IGH
igh_113962	113962	IGHV1-2	intergenic	intergenic	12081	IGH
igh_255982	255982	IGHV3-11	intergenic	intergenic	114	IGH
igh_29596	29596	IGHD1-20	intergenic	intergenic	1067	IGH
igh_32493	32493	IGHD5-18	intergenic	intergenic	521	IGH
igh_32720	32720	IGHD5-18	intergenic	intergenic	294	IGH
igh_33641	33641	IGHD4-17	intergenic	intergenic	339	IGH
igh_37127	37127	IGHD2-15	intergenic	intergenic	302	IGH
igh_28944	28944	IGHD2-21	intergenic	intergenic	837	IGH
igh_264811	264811	IGHV3-13	intergenic	intergenic	4190	IGH
igh_266377	266377	IGHV3-13	intergenic	intergenic	2624	IGH
igh_36378	36378	IGHD2-15	intergenic	intergenic	1051	IGH
igh_33176	33176	IGHD5-18	intergenic	intergenic	86	IGH
igh_33184	33184	IGHD5-18	intergenic	intergenic	94	IGH
igh_33186	33186	IGHD5-18	intergenic	intergenic	96	IGH
igh_66216	66216	IGHD1-1	intergenic	intergenic	7169	IGH
igh_213607	213607	IGHV3-7	intergenic	intergenic	11426	IGH
igh_213880	213880	IGHV3-7	intergenic	intergenic	11699	IGH
igh_214015	214015	IGHV3-7	intergenic	intergenic	11834	IGH
igh_214546	214546	IGHV3-7	intergenic	intergenic	12365	IGH
igh_79094	79094	IGHV6-1	intergenic	intergenic	121	IGH
igh_213065	213065	IGHV3-7	intergenic	intergenic	10884	IGH
igh_213095	213095	IGHV3-7	intergenic	intergenic	10914	IGH
igh_32259	32259	IGHD5-18	intergenic	intergenic	755	IGH
igh_147497	147497	IGHV1-3	intergenic	intergenic	2420	IGH
igh_29664	29664	IGHD1-20	intergenic	intergenic	999	IGH
igh_31392	31392	IGHD6-19	intergenic	intergenic	144	IGH
igh_31709	31709	IGHD6-19	intergenic	intergenic	461	IGH
igh_100213	100213	IGHV6-1	intergenic	intergenic	20461	IGH
igh_100256	100256	IGHV6-1	intergenic	intergenic	20504	IGH
igh_103475	103475	IGHV1-2	intergenic	intergenic	22568	IGH
igh_148797	148797	IGHV4-4	intergenic	intergenic	2586	IGH
igh_149245	149245	IGHV4-4	intergenic	intergenic	2138	IGH
igh_150716	150716	IGHV4-4	intergenic	intergenic	667	IGH
igh_109135	109135	IGHV1-2	intergenic	intergenic	16908	IGH
igh_110192	110192	IGHV1-2	intergenic	intergenic	15851	IGH
igh_111540	111540	IGHV1-2	intergenic	intergenic	14503	IGH
igh_35248	35248	IGHD3-16	intergenic	intergenic	49	IGH
igh_100503	100503	IGHV6-1	intergenic	intergenic	20751	IGH
igh_101900	101900	IGHV6-1	intergenic	intergenic	22148	IGH
igh_95165	95165	IGHV6-1	intergenic	intergenic	15413	IGH
igh_101393	101393	IGHV6-1	intergenic	intergenic	21641	IGH
igh_207129	207129	IGHV3-7	intergenic	intergenic	4948	IGH
igh_149095	149095	IGHV4-4	intergenic	intergenic	2288	IGH
igh_149102	149102	IGHV4-4	intergenic	intergenic	2281	IGH
igh_149152	149152	IGHV4-4	intergenic	intergenic	2231	IGH
igh_149203	149203	IGHV4-4	intergenic	intergenic	2180	IGH
igh_149350	149350	IGHV4-4	intergenic	intergenic	2033	IGH
igh_149432	149432	IGHV4-4	intergenic	intergenic	1951	IGH
igh_149523	149523	IGHV4-4	intergenic	intergenic	1860	IGH
igh_149584	149584	IGHV4-4	intergenic	intergenic	1799	IGH
igh_149712	149712	IGHV4-4	intergenic	intergenic	1671	IGH
igh_149854	149854	IGHV4-4	intergenic	intergenic	1529	IGH
igh_149894	149894	IGHV4-4	intergenic	intergenic	1489	IGH
igh_149990	149990	IGHV4-4	intergenic	intergenic	1393	IGH
igh_150216	150216	IGHV4-4	intergenic	intergenic	1167	IGH
igh_150675	150675	IGHV4-4	intergenic	intergenic	708	IGH
igh_150739	150739	IGHV4-4	intergenic	intergenic	644	IGH
igh_150763	150763	IGHV4-4	intergenic	intergenic	620	IGH
igh_150766	150766	IGHV4-4	intergenic	intergenic	617	IGH
igh_32640	32640	IGHD5-18	intergenic	intergenic	374	IGH
igh_108366	108366	IGHV1-2	intergenic	intergenic	17677	IGH
igh_27269	27269	IGHD2-21	intergenic	intergenic	754	IGH
igh_105753	105753	IGHV1-2	intergenic	intergenic	20290	IGH
igh_214382	214382	IGHV3-7	intergenic	intergenic	12201	IGH
igh_35938	35938	IGHD3-16	intergenic	intergenic	739	IGH
igh_29567	29567	IGHD1-20	intergenic	intergenic	1096	IGH
igh_150888	150888	IGHV4-4	intergenic	intergenic	495	IGH
igh_108192	108192	IGHV1-2	intergenic	intergenic	17851	IGH
igh_151041	151041	IGHV4-4	intergenic	intergenic	342	IGH
igh_151056	151056	IGHV4-4	intergenic	intergenic	327	IGH
igh_106776	106776	IGHV1-2	intergenic	intergenic	19267	IGH
igh_107498	107498	IGHV1-2	intergenic	intergenic	18545	IGH
igh_107593	107593	IGHV1-2	intergenic	intergenic	18450	IGH
igh_107773	107773	IGHV1-2	intergenic	intergenic	18270	IGH
igh_139887	139887	IGHV1-3	intergenic	intergenic	4669	IGH
igh_139891	139891	IGHV1-3	intergenic	intergenic	4665	IGH
igh_139894	139894	IGHV1-3	intergenic	intergenic	4662	IGH
igh_139901	139901	IGHV1-3	intergenic	intergenic	4655	IGH
igh_139902	139902	IGHV1-3	intergenic	intergenic	4654	IGH
igh_139905	139905	IGHV1-3	intergenic	intergenic	4651	IGH
igh_139909	139909	IGHV1-3	intergenic	intergenic	4647	IGH
igh_139910	139910	IGHV1-3	intergenic	intergenic	4646	IGH
igh_139913	139913	IGHV1-3	intergenic	intergenic	4643	IGH
igh_139914	139914	IGHV1-3	intergenic	intergenic	4642	IGH
igh_139917	139917	IGHV1-3	intergenic	intergenic	4639	IGH
igh_139921	139921	IGHV1-3	intergenic	intergenic	4635	IGH
igh_139928	139928	IGHV1-3	intergenic	intergenic	4628	IGH
igh_139932	139932	IGHV1-3	intergenic	intergenic	4624	IGH
igh_139951	139951	IGHV1-3	intergenic	intergenic	4605	IGH
igh_139952	139952	IGHV1-3	intergenic	intergenic	4604	IGH
igh_139955	139955	IGHV1-3	intergenic	intergenic	4601	IGH
igh_139959	139959	IGHV1-3	intergenic	intergenic	4597	IGH
igh_197697	197697	IGHV3-7	intergenic	intergenic	3913	IGH
igh_198103	198103	IGHV3-7	intergenic	intergenic	3507	IGH
igh_199354	199354	IGHV3-7	intergenic	intergenic	2256	IGH
igh_43038	43038	IGHD4-11	intergenic	intergenic	50	IGH
igh_43076	43076	IGHD4-11	intergenic	intergenic	12	IGH
igh_258313	258313	IGHV3-11	intergenic	intergenic	1648	IGH
igh_258723	258723	IGHV3-11	intergenic	intergenic	2058	IGH
igh_28853	28853	IGHD2-21	intergenic	intergenic	746	IGH
igh_23761	23761	IGHD5-24	intergenic	intergenic	310	IGH
igh_210186	210186	IGHV3-7	intergenic	intergenic	8005	IGH
igh_199328	199328	IGHV3-7	intergenic	intergenic	2282	IGH
igh_199330	199330	IGHV3-7	intergenic	intergenic	2280	IGH
igh_166316	166316	IGHV7-4-1	intergenic	intergenic	1180	IGH
igh_139799	139799	IGHV1-3	intergenic	intergenic	4757	IGH
igh_139804	139804	IGHV1-3	intergenic	intergenic	4752	IGH
igh_139823	139823	IGHV1-3	intergenic	intergenic	4733	IGH
igh_139825	139825	IGHV1-3	intergenic	intergenic	4731	IGH
igh_139831	139831	IGHV1-3	intergenic	intergenic	4725	IGH
igh_139835	139835	IGHV1-3	intergenic	intergenic	4721	IGH
igh_139855	139855	IGHV1-3	intergenic	intergenic	4701	IGH
igh_139856	139856	IGHV1-3	intergenic	intergenic	4700	IGH
igh_139857	139857	IGHV1-3	intergenic	intergenic	4699	IGH
igh_139858	139858	IGHV1-3	intergenic	intergenic	4698	IGH
igh_139868	139868	IGHV1-3	intergenic	intergenic	4688	IGH
igh_139874	139874	IGHV1-3	intergenic	intergenic	4682	IGH
igh_139875	139875	IGHV1-3	intergenic	intergenic	4681	IGH
igh_139877	139877	IGHV1-3	intergenic	intergenic	4679	IGH
igh_139878	139878	IGHV1-3	intergenic	intergenic	4678	IGH
igh_139882	139882	IGHV1-3	intergenic	intergenic	4674	IGH
igh_67108	67108	IGHD1-1	intergenic	intergenic	8061	IGH
igh_151341	151341	IGHV4-4	intergenic	intergenic	42	IGH
igh_275218	275218	IGHV3-13	intergenic	intergenic	5645	IGH
igh_167299	167299	IGHV7-4-1	intergenic	intergenic	2163	IGH
igh_128784	128784	IGHV1-2	intergenic	intergenic	2203	IGH
igh_221723	221723	IGHV3-64D	intergenic	intergenic	5860	IGH
igh_221783	221783	IGHV3-64D	intergenic	intergenic	5800	IGH
igh_221845	221845	IGHV3-64D	intergenic	intergenic	5738	IGH
igh_221859	221859	IGHV3-64D	intergenic	intergenic	5724	IGH
igh_221861	221861	IGHV3-64D	intergenic	intergenic	5722	IGH
igh_221893	221893	IGHV3-64D	intergenic	intergenic	5690	IGH
igh_221901	221901	IGHV3-64D	intergenic	intergenic	5682	IGH
igh_221924	221924	IGHV3-64D	intergenic	intergenic	5659	IGH
igh_221947	221947	IGHV3-64D	intergenic	intergenic	5636	IGH
igh_221949	221949	IGHV3-64D	intergenic	intergenic	5634	IGH
igh_221967	221967	IGHV3-64D	intergenic	intergenic	5616	IGH
igh_221968	221968	IGHV3-64D	intergenic	intergenic	5615	IGH
igh_221978	221978	IGHV3-64D	intergenic	intergenic	5605	IGH
igh_221988	221988	IGHV3-64D	intergenic	intergenic	5595	IGH
igh_221989	221989	IGHV3-64D	intergenic	intergenic	5594	IGH
igh_222015	222015	IGHV3-64D	intergenic	intergenic	5568	IGH
igh_222036	222036	IGHV3-64D	intergenic	intergenic	5547	IGH
igh_222040	222040	IGHV3-64D	intergenic	intergenic	5543	IGH
igh_222058	222058	IGHV3-64D	intergenic	intergenic	5525	IGH
igh_222059	222059	IGHV3-64D	intergenic	intergenic	5524	IGH
igh_222077	222077	IGHV3-64D	intergenic	intergenic	5506	IGH
igh_222093	222093	IGHV3-64D	intergenic	intergenic	5490	IGH
igh_222124	222124	IGHV3-64D	intergenic	intergenic	5459	IGH
igh_222145	222145	IGHV3-64D	intergenic	intergenic	5438	IGH
igh_222162	222162	IGHV3-64D	intergenic	intergenic	5421	IGH
igh_222165	222165	IGHV3-64D	intergenic	intergenic	5418	IGH
igh_222174	222174	IGHV3-64D	intergenic	intergenic	5409	IGH
igh_222181	222181	IGHV3-64D	intergenic	intergenic	5402	IGH
igh_222183	222183	IGHV3-64D	intergenic	intergenic	5400	IGH
igh_222190	222190	IGHV3-64D	intergenic	intergenic	5393	IGH
igh_222203	222203	IGHV3-64D	intergenic	intergenic	5380	IGH
igh_222237	222237	IGHV3-64D	intergenic	intergenic	5346	IGH
igh_222244	222244	IGHV3-64D	intergenic	intergenic	5339	IGH
igh_222254	222254	IGHV3-64D	intergenic	intergenic	5329	IGH
igh_222257	222257	IGHV3-64D	intergenic	intergenic	5326	IGH
igh_222260	222260	IGHV3-64D	intergenic	intergenic	5323	IGH
igh_222265	222265	IGHV3-64D	intergenic	intergenic	5318	IGH
igh_222336	222336	IGHV3-64D	intergenic	intergenic	5247	IGH
igh_222365	222365	IGHV3-64D	intergenic	intergenic	5218	IGH
igh_222428	222428	IGHV3-64D	intergenic	intergenic	5155	IGH
igh_222485	222485	IGHV3-64D	intergenic	intergenic	5098	IGH
igh_222504	222504	IGHV3-64D	intergenic	intergenic	5079	IGH
igh_222563	222563	IGHV3-64D	intergenic	intergenic	5020	IGH
igh_222566	222566	IGHV3-64D	intergenic	intergenic	5017	IGH
igh_222569	222569	IGHV3-64D	intergenic	intergenic	5014	IGH
igh_222570	222570	IGHV3-64D	intergenic	intergenic	5013	IGH
igh_222573	222573	IGHV3-64D	intergenic	intergenic	5010	IGH
igh_222586	222586	IGHV3-64D	intergenic	intergenic	4997	IGH
igh_222599	222599	IGHV3-64D	intergenic	intergenic	4984	IGH
igh_222605	222605	IGHV3-64D	intergenic	intergenic	4978	IGH
igh_222614	222614	IGHV3-64D	intergenic	intergenic	4969	IGH
igh_222641	222641	IGHV3-64D	intergenic	intergenic	4942	IGH
igh_222727	222727	IGHV3-64D	intergenic	intergenic	4856	IGH
igh_222772	222772	IGHV3-64D	intergenic	intergenic	4811	IGH
igh_222790	222790	IGHV3-64D	intergenic	intergenic	4793	IGH
igh_222797	222797	IGHV3-64D	intergenic	intergenic	4786	IGH
igh_222809	222809	IGHV3-64D	intergenic	intergenic	4774	IGH
igh_222850	222850	IGHV3-64D	intergenic	intergenic	4733	IGH
igh_222858	222858	IGHV3-64D	intergenic	intergenic	4725	IGH
igh_222919	222919	IGHV3-64D	intergenic	intergenic	4664	IGH
igh_222920	222920	IGHV3-64D	intergenic	intergenic	4663	IGH
igh_222954	222954	IGHV3-64D	intergenic	intergenic	4629	IGH
igh_222974	222974	IGHV3-64D	intergenic	intergenic	4609	IGH
igh_222982	222982	IGHV3-64D	intergenic	intergenic	4601	IGH
igh_223026	223026	IGHV3-64D	intergenic	intergenic	4557	IGH
igh_223151	223151	IGHV3-64D	intergenic	intergenic	4432	IGH
igh_223164	223164	IGHV3-64D	intergenic	intergenic	4419	IGH
igh_223168	223168	IGHV3-64D	intergenic	intergenic	4415	IGH
igh_223187	223187	IGHV3-64D	intergenic	intergenic	4396	IGH
igh_223189	223189	IGHV3-64D	intergenic	intergenic	4394	IGH
igh_223208	223208	IGHV3-64D	intergenic	intergenic	4375	IGH
igh_223218	223218	IGHV3-64D	intergenic	intergenic	4365	IGH
igh_223219	223219	IGHV3-64D	intergenic	intergenic	4364	IGH
igh_223227	223227	IGHV3-64D	intergenic	intergenic	4356	IGH
igh_223228	223228	IGHV3-64D	intergenic	intergenic	4355	IGH
igh_223283	223283	IGHV3-64D	intergenic	intergenic	4300	IGH
igh_223331	223331	IGHV3-64D	intergenic	intergenic	4252	IGH
igh_223333	223333	IGHV3-64D	intergenic	intergenic	4250	IGH
igh_223337	223337	IGHV3-64D	intergenic	intergenic	4246	IGH
igh_223375	223375	IGHV3-64D	intergenic	intergenic	4208	IGH
igh_223384	223384	IGHV3-64D	intergenic	intergenic	4199	IGH
igh_223389	223389	IGHV3-64D	intergenic	intergenic	4194	IGH
igh_223394	223394	IGHV3-64D	intergenic	intergenic	4189	IGH
igh_223396	223396	IGHV3-64D	intergenic	intergenic	4187	IGH
igh_223419	223419	IGHV3-64D	intergenic	intergenic	4164	IGH
igh_223432	223432	IGHV3-64D	intergenic	intergenic	4151	IGH
igh_223496	223496	IGHV3-64D	intergenic	intergenic	4087	IGH
igh_223530	223530	IGHV3-64D	intergenic	intergenic	4053	IGH
igh_223567	223567	IGHV3-64D	intergenic	intergenic	4016	IGH
igh_223570	223570	IGHV3-64D	intergenic	intergenic	4013	IGH
igh_223701	223701	IGHV3-64D	intergenic	intergenic	3882	IGH
igh_223702	223702	IGHV3-64D	intergenic	intergenic	3881	IGH
igh_223759	223759	IGHV3-64D	intergenic	intergenic	3824	IGH
igh_223771	223771	IGHV3-64D	intergenic	intergenic	3812	IGH
igh_223782	223782	IGHV3-64D	intergenic	intergenic	3801	IGH
igh_223783	223783	IGHV3-64D	intergenic	intergenic	3800	IGH
igh_223800	223800	IGHV3-64D	intergenic	intergenic	3783	IGH
igh_223806	223806	IGHV3-64D	intergenic	intergenic	3777	IGH
igh_223807	223807	IGHV3-64D	intergenic	intergenic	3776	IGH
igh_223810	223810	IGHV3-64D	intergenic	intergenic	3773	IGH
igh_149725_1	149725	IGHV4-4	intergenic	intergenic	1658	IGH
igh_223267	223267	IGHV3-64D	intergenic	intergenic	4316	IGH
igh_223297	223297	IGHV3-64D	intergenic	intergenic	4286	IGH
igh_223358	223358	IGHV3-64D	intergenic	intergenic	4225	IGH
igh_223577	223577	IGHV3-64D	intergenic	intergenic	4006	IGH
igh_223673	223673	IGHV3-64D	intergenic	intergenic	3910	IGH
igh_223674	223674	IGHV3-64D	intergenic	intergenic	3909	IGH
igh_148435	148435	IGHV4-4	intergenic	intergenic	2948	IGH
igh_148553	148553	IGHV4-4	intergenic	intergenic	2830	IGH
igh_131895	131895	IGHV1-2	intergenic	intergenic	5314	IGH
igh_133190	133190	IGHV1-2	intergenic	intergenic	6609	IGH
igh_134717	134717	IGHV1-2	intergenic	intergenic	8136	IGH
igh_134757	134757	IGHV1-2	intergenic	intergenic	8176	IGH
igh_73630	73630	IGHV6-1	intergenic	intergenic	5585	IGH
igh_74794	74794	IGHV6-1	intergenic	intergenic	4421	IGH
igh_207073	207073	IGHV3-7	intergenic	intergenic	4892	IGH
igh_138832	138832	IGHV1-3	intergenic	intergenic	5724	IGH
igh_138988	138988	IGHV1-3	intergenic	intergenic	5568	IGH
igh_42848	42848	IGHD4-11	intergenic	intergenic	240	IGH
igh_213775	213775	IGHV3-7	intergenic	intergenic	11594	IGH
igh_214526	214526	IGHV3-7	intergenic	intergenic	12345	IGH
igh_211278	211278	IGHV3-7	intergenic	intergenic	9097	IGH
igh_152337	152337	IGHV4-4	intergenic	intergenic	444	IGH
igh_152421	152421	IGHV4-4	intergenic	intergenic	528	IGH
igh_152430	152430	IGHV4-4	intergenic	intergenic	537	IGH
igh_152999	152999	IGHV4-4	intergenic	intergenic	1106	IGH
igh_153272	153272	IGHV4-4	intergenic	intergenic	1379	IGH
igh_153407	153407	IGHV4-4	intergenic	intergenic	1514	IGH
igh_153436	153436	IGHV4-4	intergenic	intergenic	1543	IGH
igh_153539	153539	IGHV4-4	intergenic	intergenic	1646	IGH
igh_153608	153608	IGHV4-4	intergenic	intergenic	1715	IGH
igh_153667	153667	IGHV4-4	intergenic	intergenic	1774	IGH
igh_224083	224083	IGHV3-64D	intergenic	intergenic	3500	IGH
igh_224101	224101	IGHV3-64D	intergenic	intergenic	3482	IGH
igh_224112	224112	IGHV3-64D	intergenic	intergenic	3471	IGH
igh_224114	224114	IGHV3-64D	intergenic	intergenic	3469	IGH
igh_224117	224117	IGHV3-64D	intergenic	intergenic	3466	IGH
igh_224133	224133	IGHV3-64D	intergenic	intergenic	3450	IGH
igh_224148	224148	IGHV3-64D	intergenic	intergenic	3435	IGH
igh_224149	224149	IGHV3-64D	intergenic	intergenic	3434	IGH
igh_224158	224158	IGHV3-64D	intergenic	intergenic	3425	IGH
igh_224160	224160	IGHV3-64D	intergenic	intergenic	3423	IGH
igh_224196	224196	IGHV3-64D	intergenic	intergenic	3387	IGH
igh_224237	224237	IGHV3-64D	intergenic	intergenic	3346	IGH
igh_224239	224239	IGHV3-64D	intergenic	intergenic	3344	IGH
igh_224273	224273	IGHV3-64D	intergenic	intergenic	3310	IGH
igh_224298	224298	IGHV3-64D	intergenic	intergenic	3285	IGH
igh_224307	224307	IGHV3-64D	intergenic	intergenic	3276	IGH
igh_224311	224311	IGHV3-64D	intergenic	intergenic	3272	IGH
igh_224317	224317	IGHV3-64D	intergenic	intergenic	3266	IGH
igh_224319	224319	IGHV3-64D	intergenic	intergenic	3264	IGH
igh_224323	224323	IGHV3-64D	intergenic	intergenic	3260	IGH
igh_224335	224335	IGHV3-64D	intergenic	intergenic	3248	IGH
igh_224361	224361	IGHV3-64D	intergenic	intergenic	3222	IGH
igh_225292	225292	IGHV3-64D	intergenic	intergenic	2291	IGH
igh_225373	225373	IGHV3-64D	intergenic	intergenic	2210	IGH
igh_225379	225379	IGHV3-64D	intergenic	intergenic	2204	IGH
igh_225424	225424	IGHV3-64D	intergenic	intergenic	2159	IGH
igh_225438	225438	IGHV3-64D	intergenic	intergenic	2145	IGH
igh_225457	225457	IGHV3-64D	intergenic	intergenic	2126	IGH
igh_225508	225508	IGHV3-64D	intergenic	intergenic	2075	IGH
igh_225510	225510	IGHV3-64D	intergenic	intergenic	2073	IGH
igh_225514	225514	IGHV3-64D	intergenic	intergenic	2069	IGH
igh_225525	225525	IGHV3-64D	intergenic	intergenic	2058	IGH
igh_225530	225530	IGHV3-64D	intergenic	intergenic	2053	IGH
igh_225542	225542	IGHV3-64D	intergenic	intergenic	2041	IGH
igh_225564	225564	IGHV3-64D	intergenic	intergenic	2019	IGH
igh_225565	225565	IGHV3-64D	intergenic	intergenic	2018	IGH
igh_225585	225585	IGHV3-64D	intergenic	intergenic	1998	IGH
igh_225590	225590	IGHV3-64D	intergenic	intergenic	1993	IGH
igh_225602	225602	IGHV3-64D	intergenic	intergenic	1981	IGH
igh_331817	331817	IGHV1-18	intergenic	intergenic	6927	IGH
igh_334750	334750	IGHV1-18	intergenic	intergenic	9860	IGH
igh_337501	337501	IGHV1-18	intergenic	intergenic	12611	IGH
igh_341395	341395	IGHV3-20	intergenic	intergenic	9002	IGH
igh_342136	342136	IGHV3-20	intergenic	intergenic	8261	IGH
igh_132223	132223	IGHV1-2	intergenic	intergenic	5642	IGH
igh_167666	167666	IGHV7-4-1	intergenic	intergenic	2530	IGH
igh_145209	145209	IGHV1-3	intergenic	intergenic	132	IGH
igh_223817	223817	IGHV3-64D	intergenic	intergenic	3766	IGH
igh_223822	223822	IGHV3-64D	intergenic	intergenic	3761	IGH
igh_223829	223829	IGHV3-64D	intergenic	intergenic	3754	IGH
igh_223832	223832	IGHV3-64D	intergenic	intergenic	3751	IGH
igh_223833	223833	IGHV3-64D	intergenic	intergenic	3750	IGH
igh_118123	118123	IGHV1-2	intergenic	intergenic	7920	IGH
igh_200445	200445	IGHV3-7	intergenic	intergenic	1165	IGH
igh_201319	201319	IGHV3-7	intergenic	intergenic	291	IGH
igh_201559	201559	IGHV3-7	intergenic	intergenic	51	IGH
igh_203071	203071	IGHV3-7	intergenic	intergenic	890	IGH
igh_203727	203727	IGHV3-7	intergenic	intergenic	1546	IGH
igh_307183	307183	IGHV3-16	intergenic	intergenic	1952	IGH
igh_351813	351813	IGHV3-20	intergenic	intergenic	841	IGH
igh_354444	354444	IGHV3-20	intergenic	intergenic	3472	IGH
igh_346203	346203	IGHV3-20	intergenic	intergenic	4194	IGH
igh_152034	152034	IGHV4-4	intergenic	intergenic	141	IGH
igh_295636	295636	IGHV3-15	intergenic	intergenic	1972	IGH
igh_297715	297715	IGHV3-15	intergenic	intergenic	4051	IGH
igh_299884	299884	IGHV3-16	intergenic	intergenic	4780	IGH
igh_300889	300889	IGHV3-16	intergenic	intergenic	3775	IGH
igh_153762	153762	IGHV4-4	intergenic	intergenic	1869	IGH
igh_153778	153778	IGHV4-4	intergenic	intergenic	1885	IGH
igh_153781	153781	IGHV4-4	intergenic	intergenic	1888	IGH
igh_153806	153806	IGHV4-4	intergenic	intergenic	1913	IGH
igh_153815	153815	IGHV4-4	intergenic	intergenic	1922	IGH
igh_153832	153832	IGHV4-4	intergenic	intergenic	1939	IGH
igh_153850	153850	IGHV4-4	intergenic	intergenic	1957	IGH
igh_153888	153888	IGHV4-4	intergenic	intergenic	1995	IGH
igh_153999	153999	IGHV4-4	intergenic	intergenic	2106	IGH
igh_154025	154025	IGHV4-4	intergenic	intergenic	2132	IGH
igh_154039	154039	IGHV4-4	intergenic	intergenic	2146	IGH
igh_154040	154040	IGHV4-4	intergenic	intergenic	2147	IGH
igh_154095	154095	IGHV4-4	intergenic	intergenic	2202	IGH
igh_154126	154126	IGHV4-4	intergenic	intergenic	2233	IGH
igh_154635	154635	IGHV4-4	intergenic	intergenic	2742	IGH
igh_154681	154681	IGHV4-4	intergenic	intergenic	2788	IGH
igh_154710	154710	IGHV4-4	intergenic	intergenic	2817	IGH
igh_154730	154730	IGHV4-4	intergenic	intergenic	2837	IGH
igh_154772	154772	IGHV4-4	intergenic	intergenic	2879	IGH
igh_154784	154784	IGHV4-4	intergenic	intergenic	2891	IGH
igh_154951	154951	IGHV4-4	intergenic	intergenic	3058	IGH
igh_154953	154953	IGHV4-4	intergenic	intergenic	3060	IGH
igh_155012	155012	IGHV4-4	intergenic	intergenic	3119	IGH
igh_155060	155060	IGHV4-4	intergenic	intergenic	3167	IGH
igh_155335	155335	IGHV4-4	intergenic	intergenic	3442	IGH
igh_155692	155692	IGHV4-4	intergenic	intergenic	3799	IGH
igh_155742	155742	IGHV4-4	intergenic	intergenic	3849	IGH
igh_155833	155833	IGHV4-4	intergenic	intergenic	3940	IGH
igh_155885	155885	IGHV4-4	intergenic	intergenic	3992	IGH
igh_155899	155899	IGHV4-4	intergenic	intergenic	4006	IGH
igh_156179	156179	IGHV4-4	intergenic	intergenic	4286	IGH
igh_156236	156236	IGHV4-4	intergenic	intergenic	4343	IGH
igh_156300	156300	IGHV4-4	intergenic	intergenic	4407	IGH
igh_156546	156546	IGHV4-4	intergenic	intergenic	4653	IGH
igh_156672	156672	IGHV4-4	intergenic	intergenic	4779	IGH
igh_156871	156871	IGHV4-4	intergenic	intergenic	4978	IGH
igh_156987	156987	IGHV4-4	intergenic	intergenic	5094	IGH
igh_157056	157056	IGHV4-4	intergenic	intergenic	5163	IGH
igh_157079	157079	IGHV4-4	intergenic	intergenic	5186	IGH
igh_157095	157095	IGHV4-4	intergenic	intergenic	5202	IGH
igh_157217	157217	IGHV4-4	intergenic	intergenic	5324	IGH
igh_157306	157306	IGHV4-4	intergenic	intergenic	5413	IGH
igh_157329	157329	IGHV4-4	intergenic	intergenic	5436	IGH
igh_157333	157333	IGHV4-4	intergenic	intergenic	5440	IGH
igh_157374	157374	IGHV4-4	intergenic	intergenic	5481	IGH
igh_157481	157481	IGHV4-4	intergenic	intergenic	5588	IGH
igh_167945	167945	IGHV7-4-1	intergenic	intergenic	2809	IGH
igh_168105	168105	IGHV7-4-1	intergenic	intergenic	2969	IGH
igh_168200	168200	IGHV7-4-1	intergenic	intergenic	3064	IGH
igh_168212	168212	IGHV7-4-1	intergenic	intergenic	3076	IGH
igh_168334	168334	IGHV7-4-1	intergenic	intergenic	3198	IGH
igh_168401	168401	IGHV7-4-1	intergenic	intergenic	3265	IGH
igh_168414	168414	IGHV7-4-1	intergenic	intergenic	3278	IGH
igh_168417	168417	IGHV7-4-1	intergenic	intergenic	3281	IGH
igh_168427	168427	IGHV7-4-1	intergenic	intergenic	3291	IGH
igh_168658	168658	IGHV7-4-1	intergenic	intergenic	3522	IGH
igh_152265	152265	IGHV4-4	intergenic	intergenic	372	IGH
igh_222001	222001	IGHV3-64D	intergenic	intergenic	5582	IGH
igh_222175	222175	IGHV3-64D	intergenic	intergenic	5408	IGH
igh_222184	222184	IGHV3-64D	intergenic	intergenic	5399	IGH
igh_222192	222192	IGHV3-64D	intergenic	intergenic	5391	IGH
igh_222202	222202	IGHV3-64D	intergenic	intergenic	5381	IGH
igh_222220	222220	IGHV3-64D	intergenic	intergenic	5363	IGH
igh_222476	222476	IGHV3-64D	intergenic	intergenic	5107	IGH
igh_222575	222575	IGHV3-64D	intergenic	intergenic	5008	IGH
igh_222819	222819	IGHV3-64D	intergenic	intergenic	4764	IGH
igh_223033	223033	IGHV3-64D	intergenic	intergenic	4550	IGH
igh_223041	223041	IGHV3-64D	intergenic	intergenic	4542	IGH
igh_988158	988158	IGHV2-70D	intergenic	intergenic	3714	IGH
igh_128322	128322	IGHV1-2	intergenic	intergenic	1741	IGH
igh_133978	133978	IGHV1-2	intergenic	intergenic	7397	IGH
igh_102638	102638	IGHV6-1	intergenic	intergenic	22886	IGH
igh_169564	169564	IGHV7-4-1	intergenic	intergenic	4428	IGH
igh_130750	130750	IGHV1-2	intergenic	intergenic	4169	IGH
igh_131274	131274	IGHV1-2	intergenic	intergenic	4693	IGH
igh_131775	131775	IGHV1-2	intergenic	intergenic	5194	IGH
igh_132124	132124	IGHV1-2	intergenic	intergenic	5543	IGH
igh_132278	132278	IGHV1-2	intergenic	intergenic	5697	IGH
igh_132478	132478	IGHV1-2	intergenic	intergenic	5897	IGH
igh_134375	134375	IGHV1-2	intergenic	intergenic	7794	IGH
igh_134617	134617	IGHV1-2	intergenic	intergenic	8036	IGH
igh_134963	134963	IGHV1-2	intergenic	intergenic	8382	IGH
igh_67691	67691	IGHD1-1	intergenic	intergenic	8644	IGH
igh_128761	128761	IGHV1-2	intergenic	intergenic	2180	IGH
igh_97787	97787	IGHV6-1	intergenic	intergenic	18035	IGH
igh_101118	101118	IGHV6-1	intergenic	intergenic	21366	IGH
igh_141653	141653	IGHV1-3	intergenic	intergenic	2903	IGH
igh_138230	138230	IGHV1-3	intergenic	intergenic	6326	IGH
igh_138419	138419	IGHV1-3	intergenic	intergenic	6137	IGH
igh_138454	138454	IGHV1-3	intergenic	intergenic	6102	IGH
igh_138951	138951	IGHV1-3	intergenic	intergenic	5605	IGH
igh_139110	139110	IGHV1-3	intergenic	intergenic	5446	IGH
igh_138503	138503	IGHV1-3	intergenic	intergenic	6053	IGH
igh_138526	138526	IGHV1-3	intergenic	intergenic	6030	IGH
igh_139330	139330	IGHV1-3	intergenic	intergenic	5226	IGH
igh_139483	139483	IGHV1-3	intergenic	intergenic	5073	IGH
igh_140363	140363	IGHV1-3	intergenic	intergenic	4193	IGH
igh_140901	140901	IGHV1-3	intergenic	intergenic	3655	IGH
igh_267745	267745	IGHV3-13	intergenic	intergenic	1256	IGH
igh_270253	270253	IGHV3-13	intergenic	intergenic	680	IGH
igh_203005	203005	IGHV3-7	intergenic	intergenic	824	IGH
igh_139206	139206	IGHV1-3	intergenic	intergenic	5350	IGH
igh_139207	139207	IGHV1-3	intergenic	intergenic	5349	IGH
igh_139257	139257	IGHV1-3	intergenic	intergenic	5299	IGH
igh_131891	131891	IGHV1-2	intergenic	intergenic	5310	IGH
igh_198848	198848	IGHV3-7	intergenic	intergenic	2762	IGH
igh_108365	108365	IGHV1-2	intergenic	intergenic	17678	IGH
igh_116433	116433	IGHV1-2	intergenic	intergenic	9610	IGH
igh_198905	198905	IGHV3-7	intergenic	intergenic	2705	IGH
igh_23828	23828	IGHD5-24	intergenic	intergenic	377	IGH
igh_276084	276084	IGHV3-13	intergenic	intergenic	6511	IGH
igh_29113	29113	IGHD2-21	intergenic	intergenic	1006	IGH
igh_27040	27040	IGHD2-21	intergenic	intergenic	983	IGH
igh_27246	27246	IGHD2-21	intergenic	intergenic	777	IGH
igh_27254	27254	IGHD2-21	intergenic	intergenic	769	IGH
igh_27467	27467	IGHD2-21	intergenic	intergenic	556	IGH
igh_27587	27587	IGHD2-21	intergenic	intergenic	436	IGH
igh_27691	27691	IGHD2-21	intergenic	intergenic	332	IGH
igh_27986	27986	IGHD2-21	intergenic	intergenic	37	IGH
igh_28140	28140	IGHD2-21	intergenic	intergenic	33	IGH
igh_28141	28141	IGHD2-21	intergenic	intergenic	34	IGH
igh_28146	28146	IGHD2-21	intergenic	intergenic	39	IGH
igh_28174	28174	IGHD2-21	intergenic	intergenic	67	IGH
igh_28309	28309	IGHD2-21	intergenic	intergenic	202	IGH
igh_28470	28470	IGHD2-21	intergenic	intergenic	363	IGH
igh_28526	28526	IGHD2-21	intergenic	intergenic	419	IGH
igh_28728	28728	IGHD2-21	intergenic	intergenic	621	IGH
igh_28919	28919	IGHD2-21	intergenic	intergenic	812	IGH
igh_28988	28988	IGHD2-21	intergenic	intergenic	881	IGH
igh_30260	30260	IGHD1-20	intergenic	intergenic	403	IGH
igh_31113	31113	IGHD6-19	intergenic	intergenic	58	IGH
igh_255817	255817	IGHV3-11	intergenic	intergenic	279	IGH
igh_169824	169824	IGHV7-4-1	intergenic	intergenic	4688	IGH
igh_30777	30777	IGHD1-20	intergenic	intergenic	41	IGH
igh_26853	26853	IGHD2-21	intergenic	intergenic	1170	IGH
igh_26876	26876	IGHD2-21	intergenic	intergenic	1147	IGH
igh_194888	194888	IGHV3-7	intergenic	intergenic	6722	IGH
igh_195116	195116	IGHV3-7	intergenic	intergenic	6494	IGH
igh_195810	195810	IGHV3-7	intergenic	intergenic	5800	IGH
igh_196894	196894	IGHV3-7	intergenic	intergenic	4716	IGH
igh_196996	196996	IGHV3-7	intergenic	intergenic	4614	IGH
igh_26530	26530	IGHD3-22	intergenic	intergenic	940	IGH
igh_26645	26645	IGHD3-22	intergenic	intergenic	1055	IGH
igh_27039	27039	IGHD2-21	intergenic	intergenic	984	IGH
igh_27183	27183	IGHD2-21	intergenic	intergenic	840	IGH
igh_27190	27190	IGHD2-21	intergenic	intergenic	833	IGH
igh_27194	27194	IGHD2-21	intergenic	intergenic	829	IGH
igh_27195	27195	IGHD2-21	intergenic	intergenic	828	IGH
igh_27196	27196	IGHD2-21	intergenic	intergenic	827	IGH
igh_27263	27263	IGHD2-21	intergenic	intergenic	760	IGH
igh_27902	27902	IGHD2-21	intergenic	intergenic	121	IGH
igh_28311	28311	IGHD2-21	intergenic	intergenic	204	IGH
igh_28530	28530	IGHD2-21	intergenic	intergenic	423	IGH
igh_29452	29452	IGHD1-20	intergenic	intergenic	1211	IGH
igh_29697	29697	IGHD1-20	intergenic	intergenic	966	IGH
igh_30052	30052	IGHD1-20	intergenic	intergenic	611	IGH
igh_30283	30283	IGHD1-20	intergenic	intergenic	380	IGH
igh_30911	30911	IGHD1-20	intergenic	intergenic	175	IGH
igh_25798	25798	IGHD3-22	intergenic	intergenic	208	IGH
igh_21696	21696	IGHD6-25	intergenic	intergenic	611	IGH
igh_27187	27187	IGHD2-21	intergenic	intergenic	836	IGH
igh_27199	27199	IGHD2-21	intergenic	intergenic	824	IGH
igh_27201	27201	IGHD2-21	intergenic	intergenic	822	IGH
igh_27535	27535	IGHD2-21	intergenic	intergenic	488	IGH
igh_27561	27561	IGHD2-21	intergenic	intergenic	462	IGH
igh_27741	27741	IGHD2-21	intergenic	intergenic	282	IGH
igh_28142	28142	IGHD2-21	intergenic	intergenic	35	IGH
igh_28315	28315	IGHD2-21	intergenic	intergenic	208	IGH
igh_28697	28697	IGHD2-21	intergenic	intergenic	590	IGH
igh_28733	28733	IGHD2-21	intergenic	intergenic	626	IGH
igh_28810	28810	IGHD2-21	intergenic	intergenic	703	IGH
igh_29730	29730	IGHD1-20	intergenic	intergenic	933	IGH
igh_29753	29753	IGHD1-20	intergenic	intergenic	910	IGH
igh_113032	113032	IGHV1-2	intergenic	intergenic	13011	IGH
igh_31089	31089	IGHD6-19	intergenic	intergenic	82	IGH
igh_24722	24722	IGHD4-23	intergenic	intergenic	305	IGH
igh_24723	24723	IGHD4-23	intergenic	intergenic	306	IGH
igh_138866	138866	IGHV1-3	intergenic	intergenic	5690	IGH
igh_70786	70786	IGHV6-1	intergenic	intergenic	8429	IGH
igh_70948	70948	IGHV6-1	intergenic	intergenic	8267	IGH
igh_70956	70956	IGHV6-1	intergenic	intergenic	8259	IGH
igh_70972	70972	IGHV6-1	intergenic	intergenic	8243	IGH
igh_71102	71102	IGHV6-1	intergenic	intergenic	8113	IGH
igh_71416	71416	IGHV6-1	intergenic	intergenic	7799	IGH
igh_71584	71584	IGHV6-1	intergenic	intergenic	7631	IGH
igh_258448	258448	IGHV3-11	intergenic	intergenic	1783	IGH
igh_25894	25894	IGHD3-22	intergenic	intergenic	304	IGH
igh_59665	59665	IGHD1-1	intergenic	intergenic	618	IGH
igh_59779	59779	IGHD1-1	intergenic	intergenic	732	IGH
igh_205750	205750	IGHV3-7	intergenic	intergenic	3569	IGH
igh_206150	206150	IGHV3-7	intergenic	intergenic	3969	IGH
igh_26852	26852	IGHD2-21	intergenic	intergenic	1171	IGH
igh_190081	190081	IGHV3-7	intergenic	intergenic	11529	IGH
igh_190603	190603	IGHV3-7	intergenic	intergenic	11007	IGH
igh_190646	190646	IGHV3-7	intergenic	intergenic	10964	IGH
igh_43558	43558	IGHD4-11	intergenic	intergenic	398	IGH
igh_270537	270537	IGHV3-13	intergenic	intergenic	964	IGH
igh_145844	145844	IGHV1-3	intergenic	intergenic	767	IGH
igh_145934	145934	IGHV1-3	intergenic	intergenic	857	IGH
igh_145939	145939	IGHV1-3	intergenic	intergenic	862	IGH
igh_963055	963055	IGHV1-69	intergenic	intergenic	11998	IGH
igh_146060	146060	IGHV1-3	intergenic	intergenic	983	IGH
igh_146064	146064	IGHV1-3	intergenic	intergenic	987	IGH
igh_146080	146080	IGHV1-3	intergenic	intergenic	1003	IGH
igh_27968	27968	IGHD2-21	intergenic	intergenic	55	IGH
igh_29177	29177	IGHD2-21	intergenic	intergenic	1070	IGH
igh_29225	29225	IGHD2-21	intergenic	intergenic	1118	IGH
igh_981313	981313	IGHV2-70D	intergenic	intergenic	2632	IGH
igh_221612	221612	IGHV3-64D	intergenic	intergenic	5971	IGH
igh_222172	222172	IGHV3-64D	intergenic	intergenic	5411	IGH
igh_222748	222748	IGHV3-64D	intergenic	intergenic	4835	IGH
igh_223334	223334	IGHV3-64D	intergenic	intergenic	4249	IGH
igh_266879	266879	IGHV3-13	intergenic	intergenic	2122	IGH
igh_266883	266883	IGHV3-13	intergenic	intergenic	2118	IGH
igh_271128	271128	IGHV3-13	intergenic	intergenic	1555	IGH
igh_261470	261470	IGHV3-11	intergenic	intergenic	4805	IGH
igh_261522	261522	IGHV3-11	intergenic	intergenic	4857	IGH
igh_262655	262655	IGHV3-11	intergenic	intergenic	5990	IGH
igh_24755	24755	IGHD4-23	intergenic	intergenic	338	IGH
igh_172483	172483	IGHV2-5	intergenic	intergenic	4880	IGH
igh_22120	22120	IGHD6-25	intergenic	intergenic	1035	IGH
igh_62648	62648	IGHD1-1	intergenic	intergenic	3601	IGH
igh_65630	65630	IGHD1-1	intergenic	intergenic	6583	IGH
igh_201488	201488	IGHV3-7	intergenic	intergenic	122	IGH
igh_27192	27192	IGHD2-21	intergenic	intergenic	831	IGH
igh_19324	19324	IGHD1-26	intergenic	intergenic	1182	IGH
igh_259401	259401	IGHV3-11	intergenic	intergenic	2736	IGH
igh_259994	259994	IGHV3-11	intergenic	intergenic	3329	IGH
igh_7345	7345	IGHD7-27	intergenic	intergenic	2255	IGH
igh_75193	75193	IGHV6-1	intergenic	intergenic	4022	IGH
igh_255795	255795	IGHV3-11	intergenic	intergenic	301	IGH
igh_30801	30801	IGHD1-20	intergenic	intergenic	65	IGH
igh_72274	72274	IGHV6-1	intergenic	intergenic	6941	IGH
igh_70395	70395	IGHV6-1	intergenic	intergenic	8820	IGH
igh_72553	72553	IGHV6-1	intergenic	intergenic	6662	IGH
igh_946310	946310	IGHV3-66	intergenic	intergenic	10355	IGH
igh_260356	260356	IGHV3-11	intergenic	intergenic	3691	IGH
igh_37391	37391	IGHD2-15	intergenic	intergenic	38	IGH
igh_38679	38679	IGHD2-15	intergenic	intergenic	1163	IGH
igh_36377	36377	IGHD2-15	intergenic	intergenic	1052	IGH
igh_21428	21428	IGHD6-25	intergenic	intergenic	343	IGH
igh_361800	361800	IGHV3-20	intergenic	intergenic	10828	IGH
igh_365711	365711	IGHV3-21	intergenic	intergenic	8812	IGH
igh_376942	376942	IGHV3-21	intergenic	intergenic	1847	IGH
igh_387387	387387	IGHV3-21	intergenic	intergenic	12292	IGH
igh_389302	389302	IGHV3-21	intergenic	intergenic	14207	IGH
igh_23943	23943	IGHD4-23	intergenic	intergenic	399	IGH
igh_29821	29821	IGHD1-20	intergenic	intergenic	842	IGH
igh_46089	46089	IGHD2-8	intergenic	intergenic	594	IGH
igh_22547	22547	IGHD5-24	intergenic	intergenic	828	IGH
igh_624111	624111	IGHV4-38-2	intergenic	intergenic	2673	IGH
igh_22678	22678	IGHD5-24	intergenic	intergenic	697	IGH
igh_940413	940413	IGHV3-66	intergenic	intergenic	4458	IGH
igh_942697	942697	IGHV3-66	intergenic	intergenic	6742	IGH
igh_944107	944107	IGHV3-66	intergenic	intergenic	8152	IGH
igh_944304	944304	IGHV3-66	intergenic	intergenic	8349	IGH
igh_946772	946772	IGHV3-66	intergenic	intergenic	10817	IGH
igh_947855	947855	IGHV3-66	intergenic	intergenic	11900	IGH
igh_46851	46851	IGHD2-8	intergenic	intergenic	81	IGH
igh_47826	47826	IGHD2-8	intergenic	intergenic	1056	IGH
igh_48748	48748	IGHD1-7	intergenic	intergenic	631	IGH
igh_48880	48880	IGHD1-7	intergenic	intergenic	499	IGH
igh_21957	21957	IGHD6-25	intergenic	intergenic	872	IGH
igh_147622	147622	IGHV1-3	intergenic	intergenic	2545	IGH
igh_35846	35846	IGHD3-16	intergenic	intergenic	647	IGH
igh_34096	34096	IGHD4-17	intergenic	intergenic	44	IGH
igh_40187	40187	IGHD1-14	intergenic	intergenic	4	IGH
igh_109252	109252	IGHV1-2	intergenic	intergenic	16791	IGH
igh_110905	110905	IGHV1-2	intergenic	intergenic	15138	IGH
igh_111549	111549	IGHV1-2	intergenic	intergenic	14494	IGH
igh_51334	51334	IGHD5-5	intergenic	intergenic	395	IGH
igh_30385	30385	IGHD1-20	intergenic	intergenic	278	IGH
igh_30433	30433	IGHD1-20	intergenic	intergenic	230	IGH
igh_255575	255575	IGHV3-11	intergenic	intergenic	521	IGH
igh_865273	865273	IGHV3-53	intergenic	intergenic	11666	IGH
igh_867335	867335	IGHV3-53	intergenic	intergenic	13728	IGH
igh_128762	128762	IGHV1-2	intergenic	intergenic	2181	IGH
igh_31790	31790	IGHD6-19	intergenic	intergenic	542	IGH
igh_197911	197911	IGHV3-7	intergenic	intergenic	3699	IGH
igh_198370	198370	IGHV3-7	intergenic	intergenic	3240	IGH
igh_23668	23668	IGHD5-24	intergenic	intergenic	217	IGH
igh_221979	221979	IGHV3-64D	intergenic	intergenic	5604	IGH
igh_223471	223471	IGHV3-64D	intergenic	intergenic	4112	IGH
igh_173353	173353	IGHV2-5	intergenic	intergenic	4010	IGH
igh_262958	262958	IGHV3-13	intergenic	intergenic	6043	IGH
igh_199037	199037	IGHV3-7	intergenic	intergenic	2573	IGH
igh_74578	74578	IGHV6-1	intergenic	intergenic	4637	IGH
igh_92921	92921	IGHV6-1	intergenic	intergenic	13169	IGH
igh_197618	197618	IGHV3-7	intergenic	intergenic	3992	IGH
igh_201256	201256	IGHV3-7	intergenic	intergenic	354	IGH
igh_258854	258854	IGHV3-11	intergenic	intergenic	2189	IGH
igh_213587	213587	IGHV3-7	intergenic	intergenic	11406	IGH
igh_683310	683310	IGHV4-39	intergenic	intergenic	718	IGH
igh_27977	27977	IGHD2-21	intergenic	intergenic	46	IGH
igh_193942	193942	IGHV3-7	intergenic	intergenic	7668	IGH
igh_64685	64685	IGHD1-1	intergenic	intergenic	5638	IGH
igh_971242	971242	IGHV1-69	intergenic	intergenic	3811	IGH
igh_103685	103685	IGHV1-2	intergenic	intergenic	22358	IGH
igh_103707	103707	IGHV1-2	intergenic	intergenic	22336	IGH
igh_104488	104488	IGHV1-2	intergenic	intergenic	21555	IGH
igh_128759	128759	IGHV1-2	intergenic	intergenic	2178	IGH
igh_391787	391787	IGHV3-23	intergenic	intergenic	16277	IGH
igh_186821	186821	IGHV2-5	intergenic	intergenic	8959	IGH
igh_24752	24752	IGHD4-23	intergenic	intergenic	335	IGH
igh_363067	363067	IGHV3-21	intergenic	intergenic	11456	IGH
igh_365328	365328	IGHV3-21	intergenic	intergenic	9195	IGH
igh_367860	367860	IGHV3-21	intergenic	intergenic	6663	IGH
igh_369339	369339	IGHV3-21	intergenic	intergenic	5184	IGH
igh_376441	376441	IGHV3-21	intergenic	intergenic	1346	IGH
igh_376550	376550	IGHV3-21	intergenic	intergenic	1455	IGH
igh_379771	379771	IGHV3-21	intergenic	intergenic	4676	IGH
igh_382790	382790	IGHV3-21	intergenic	intergenic	7695	IGH
igh_384358	384358	IGHV3-21	intergenic	intergenic	9263	IGH
igh_385173	385173	IGHV3-21	intergenic	intergenic	10078	IGH
igh_387223	387223	IGHV3-21	intergenic	intergenic	12128	IGH
igh_388407	388407	IGHV3-21	intergenic	intergenic	13312	IGH
igh_388619	388619	IGHV3-21	intergenic	intergenic	13524	IGH
igh_388651	388651	IGHV3-21	intergenic	intergenic	13556	IGH
igh_389161	389161	IGHV3-21	intergenic	intergenic	14066	IGH
igh_389524	389524	IGHV3-21	intergenic	intergenic	14429	IGH
igh_390024	390024	IGHV3-21	intergenic	intergenic	14929	IGH
igh_390073	390073	IGHV3-21	intergenic	intergenic	14978	IGH
igh_390297	390297	IGHV3-21	intergenic	intergenic	15202	IGH
igh_390385	390385	IGHV3-21	intergenic	intergenic	15290	IGH
igh_390432	390432	IGHV3-21	intergenic	intergenic	15337	IGH
igh_392134	392134	IGHV3-23	intergenic	intergenic	15930	IGH
igh_69321	69321	IGHV6-1	intergenic	intergenic	9894	IGH
igh_71258	71258	IGHV6-1	intergenic	intergenic	7957	IGH
igh_222404	222404	IGHV3-64D	intergenic	intergenic	5179	IGH
igh_223844	223844	IGHV3-64D	intergenic	intergenic	3739	IGH
igh_957971	957971	IGHV1-69	intergenic	intergenic	17082	IGH
igh_193686	193686	IGHV3-7	intergenic	intergenic	7924	IGH
igh_199345	199345	IGHV3-7	intergenic	intergenic	2265	IGH
igh_199808	199808	IGHV3-7	intergenic	intergenic	1802	IGH
igh_201122	201122	IGHV3-7	intergenic	intergenic	488	IGH
igh_201380	201380	IGHV3-7	intergenic	intergenic	230	IGH
igh_202286	202286	IGHV3-7	intergenic	intergenic	105	IGH
igh_205106	205106	IGHV3-7	intergenic	intergenic	2925	IGH
igh_205795	205795	IGHV3-7	intergenic	intergenic	3614	IGH
igh_206710	206710	IGHV3-7	intergenic	intergenic	4529	IGH
igh_206760	206760	IGHV3-7	intergenic	intergenic	4579	IGH
igh_207041	207041	IGHV3-7	intergenic	intergenic	4860	IGH
igh_210608	210608	IGHV3-7	intergenic	intergenic	8427	IGH
igh_202504	202504	IGHV3-7	intergenic	intergenic	323	IGH
igh_263564	263564	IGHV3-13	intergenic	intergenic	5437	IGH
igh_153462	153462	IGHV4-4	intergenic	intergenic	1569	IGH
igh_200310	200310	IGHV3-7	intergenic	intergenic	1300	IGH
igh_205231	205231	IGHV3-7	intergenic	intergenic	3050	IGH
igh_955189	955189	IGHV3-66	intergenic	intergenic	19234	IGH
igh_264287	264287	IGHV3-13	intergenic	intergenic	4714	IGH
igh_41392	41392	IGHD6-13	intergenic	intergenic	701	IGH
igh_285618	285618	IGHV3-15	intergenic	intergenic	7465	IGH
igh_953865	953865	IGHV3-66	intergenic	intergenic	17910	IGH
igh_955902	955902	IGHV1-69	intergenic	intergenic	19151	IGH
igh_959092	959092	IGHV1-69	intergenic	intergenic	15961	IGH
igh_139718	139718	IGHV1-3	intergenic	intergenic	4838	IGH
igh_140109	140109	IGHV1-3	intergenic	intergenic	4447	IGH
igh_140124	140124	IGHV1-3	intergenic	intergenic	4432	IGH
igh_140162	140162	IGHV1-3	intergenic	intergenic	4394	IGH
igh_146339	146339	IGHV1-3	intergenic	intergenic	1262	IGH
igh_23470	23470	IGHD5-24	intergenic	intergenic	19	IGH
igh_60403	60403	IGHD1-1	intergenic	intergenic	1356	IGH
igh_1024717	1024717	IGHV1-69D	intergenic	intergenic	1718	IGH
igh_410204	410204	IGHV3-23	intergenic	intergenic	1566	IGH
igh_392157	392157	IGHV3-23	intergenic	intergenic	15907	IGH
igh_149369	149369	IGHV4-4	intergenic	intergenic	2014	IGH
igh_179099	179099	IGHV2-5	intergenic	intergenic	1237	IGH
igh_198854	198854	IGHV3-7	intergenic	intergenic	2756	IGH
igh_65269	65269	IGHD1-1	intergenic	intergenic	6222	IGH
igh_14151	14151	IGHD1-26	intergenic	intergenic	6355	IGH
igh_139737	139737	IGHV1-3	intergenic	intergenic	4819	IGH
igh_139753	139753	IGHV1-3	intergenic	intergenic	4803	IGH
igh_139761	139761	IGHV1-3	intergenic	intergenic	4795	IGH
igh_1166013	1166013	IGHV1-8	intergenic	intergenic	5219	IGH
igh_140072	140072	IGHV1-3	intergenic	intergenic	4484	IGH
igh_140075	140075	IGHV1-3	intergenic	intergenic	4481	IGH
igh_140211	140211	IGHV1-3	intergenic	intergenic	4345	IGH
igh_268503	268503	IGHV3-13	intergenic	intergenic	498	IGH
igh_371077	371077	IGHV3-21	intergenic	intergenic	3446	IGH
igh_140732	140732	IGHV1-3	intergenic	intergenic	3824	IGH
igh_140735	140735	IGHV1-3	intergenic	intergenic	3821	IGH
igh_140747	140747	IGHV1-3	intergenic	intergenic	3809	IGH
igh_21774	21774	IGHD6-25	intergenic	intergenic	689	IGH
igh_271367	271367	IGHV3-13	intergenic	intergenic	1794	IGH
igh_39097	39097	IGHD1-14	intergenic	intergenic	1013	IGH
igh_645485	645485	IGHV3-43D	intergenic	intergenic	8639	IGH
igh_140299	140299	IGHV1-3	intergenic	intergenic	4257	IGH
igh_153255	153255	IGHV4-4	intergenic	intergenic	1362	IGH
igh_627496	627496	IGHV4-38-2	intergenic	intergenic	6058	IGH
igh_855602	855602	IGHV3-53	intergenic	intergenic	1995	IGH
igh_140715	140715	IGHV1-3	intergenic	intergenic	3841	IGH
igh_140720	140720	IGHV1-3	intergenic	intergenic	3836	IGH
igh_140739	140739	IGHV1-3	intergenic	intergenic	3817	IGH
igh_140743	140743	IGHV1-3	intergenic	intergenic	3813	IGH
igh_140748	140748	IGHV1-3	intergenic	intergenic	3808	IGH
igh_140749	140749	IGHV1-3	intergenic	intergenic	3807	IGH
igh_60638	60638	IGHD1-1	intergenic	intergenic	1591	IGH
igh_88876	88876	IGHV6-1	intergenic	intergenic	9124	IGH
igh_41985	41985	IGHD5-12	intergenic	intergenic	136	IGH
igh_942225	942225	IGHV3-66	intergenic	intergenic	6270	IGH
igh_942433	942433	IGHV3-66	intergenic	intergenic	6478	IGH
igh_942566	942566	IGHV3-66	intergenic	intergenic	6611	IGH
igh_945516	945516	IGHV3-66	intergenic	intergenic	9561	IGH
igh_947688	947688	IGHV3-66	intergenic	intergenic	11733	IGH
igh_952606	952606	IGHV3-66	intergenic	intergenic	16651	IGH
igh_952892	952892	IGHV3-66	intergenic	intergenic	16937	IGH
igh_952902	952902	IGHV3-66	intergenic	intergenic	16947	IGH
igh_958453	958453	IGHV1-69	intergenic	intergenic	16600	IGH
igh_958459	958459	IGHV1-69	intergenic	intergenic	16594	IGH
igh_157773	157773	IGHV4-4	intergenic	intergenic	5880	IGH
igh_723357	723357	IGHV3-43	intergenic	intergenic	7277	IGH
igh_724525	724525	IGHV3-43	intergenic	intergenic	6109	IGH
igh_730594	730594	IGHV3-43	intergenic	intergenic	40	IGH
igh_268636	268636	IGHV3-13	intergenic	intergenic	365	IGH
igh_271693	271693	IGHV3-13	intergenic	intergenic	2120	IGH
igh_1075601	1075601	IGHV3-74	intergenic	intergenic	4229	IGH
igh_1076450	1076450	IGHV3-74	intergenic	intergenic	5078	IGH
igh_195676	195676	IGHV3-7	intergenic	intergenic	5934	IGH
igh_195713	195713	IGHV3-7	intergenic	intergenic	5897	IGH
igh_195738	195738	IGHV3-7	intergenic	intergenic	5872	IGH
igh_195872	195872	IGHV3-7	intergenic	intergenic	5738	IGH
igh_3469	3469	IGHJ5	intergenic	intergenic	65	IGH
igh_67312	67312	IGHD1-1	intergenic	intergenic	8265	IGH
igh_1167819	1167819	IGHV3-9	intergenic	intergenic	5650	IGH
igh_1168502	1168502	IGHV3-9	intergenic	intergenic	4967	IGH
igh_1169401	1169401	IGHV3-9	intergenic	intergenic	4068	IGH
igh_280980	280980	IGHV3-13	intergenic	intergenic	11407	IGH
igh_202608	202608	IGHV3-7	intergenic	intergenic	427	IGH
igh_209801	209801	IGHV3-7	intergenic	intergenic	7620	IGH
igh_3488	3488	IGHJ5	intergenic	intergenic	84	IGH
igh_172421	172421	IGHV2-5	intergenic	intergenic	4942	IGH
igh_861873	861873	IGHV3-53	intergenic	intergenic	8266	IGH
igh_861886	861886	IGHV3-53	intergenic	intergenic	8279	IGH
igh_864383	864383	IGHV3-53	intergenic	intergenic	10776	IGH
igh_191430	191430	IGHV3-7	intergenic	intergenic	10180	IGH
igh_139777	139777	IGHV1-3	intergenic	intergenic	4779	IGH
igh_139778	139778	IGHV1-3	intergenic	intergenic	4778	IGH
igh_139779	139779	IGHV1-3	intergenic	intergenic	4777	IGH
igh_857851	857851	IGHV3-53	intergenic	intergenic	4244	IGH
igh_140651	140651	IGHV1-3	intergenic	intergenic	3905	IGH
igh_140654	140654	IGHV1-3	intergenic	intergenic	3902	IGH
igh_140668	140668	IGHV1-3	intergenic	intergenic	3888	IGH
igh_140692	140692	IGHV1-3	intergenic	intergenic	3864	IGH
igh_168080	168080	IGHV7-4-1	intergenic	intergenic	2944	IGH
igh_169061	169061	IGHV7-4-1	intergenic	intergenic	3925	IGH
igh_934302	934302	IGHV3-66	intergenic	intergenic	1084	IGH
igh_936596	936596	IGHV3-66	intergenic	intergenic	641	IGH
igh_937590	937590	IGHV3-66	intergenic	intergenic	1635	IGH
igh_938185	938185	IGHV3-66	intergenic	intergenic	2230	IGH
igh_938684	938684	IGHV3-66	intergenic	intergenic	2729	IGH
igh_860100	860100	IGHV3-53	intergenic	intergenic	6493	IGH
igh_190103	190103	IGHV3-7	intergenic	intergenic	11507	IGH
igh_191656	191656	IGHV3-7	intergenic	intergenic	9954	IGH
igh_193014	193014	IGHV3-7	intergenic	intergenic	8596	IGH
igh_92662	92662	IGHV6-1	intergenic	intergenic	12910	IGH
igh_92739	92739	IGHV6-1	intergenic	intergenic	12987	IGH
igh_92778	92778	IGHV6-1	intergenic	intergenic	13026	IGH
igh_92922	92922	IGHV6-1	intergenic	intergenic	13170	IGH
igh_92927	92927	IGHV6-1	intergenic	intergenic	13175	IGH
igh_92970	92970	IGHV6-1	intergenic	intergenic	13218	IGH
igh_93056	93056	IGHV6-1	intergenic	intergenic	13304	IGH
igh_93777	93777	IGHV6-1	intergenic	intergenic	14025	IGH
igh_94108	94108	IGHV6-1	intergenic	intergenic	14356	IGH
igh_94131	94131	IGHV6-1	intergenic	intergenic	14379	IGH
igh_953894	953894	IGHV3-66	intergenic	intergenic	17939	IGH
igh_955619	955619	IGHV1-69	intergenic	intergenic	19434	IGH
igh_956470	956470	IGHV1-69	intergenic	intergenic	18583	IGH
igh_957046	957046	IGHV1-69	intergenic	intergenic	18007	IGH
igh_865853	865853	IGHV3-53	intergenic	intergenic	12246	IGH
igh_285282	285282	IGHV3-15	intergenic	intergenic	7801	IGH
igh_271411	271411	IGHV3-13	intergenic	intergenic	1838	IGH
igh_271717	271717	IGHV3-13	intergenic	intergenic	2144	IGH
igh_272338	272338	IGHV3-13	intergenic	intergenic	2765	IGH
igh_273700	273700	IGHV3-13	intergenic	intergenic	4127	IGH
igh_421958	421958	IGHV3-23D	intergenic	intergenic	2479	IGH
igh_773197	773197	IGHV1-46	intergenic	intergenic	1176	IGH
igh_356412	356412	IGHV3-20	intergenic	intergenic	5440	IGH
igh_56491	56491	IGHD2-2	intergenic	intergenic	106	IGH
igh_629233	629233	IGHV3-43D	intergenic	intergenic	7038	IGH
igh_124012	124012	IGHV1-2	intergenic	intergenic	2031	IGH
igh_1026391	1026391	IGHV1-69D	intergenic	intergenic	3392	IGH
igh_1027852	1027852	IGHV2-70	intergenic	intergenic	3096	IGH
igh_221694	221694	IGHV3-64D	intergenic	intergenic	5889	IGH
igh_222039	222039	IGHV3-64D	intergenic	intergenic	5544	IGH
igh_222400	222400	IGHV3-64D	intergenic	intergenic	5183	IGH
igh_865325	865325	IGHV3-53	intergenic	intergenic	11718	IGH
igh_58249	58249	IGHD1-1	intergenic	intergenic	725	IGH
igh_736119	736119	IGHV3-43	intergenic	intergenic	4908	IGH
igh_1136366	1136366	IGHV7-81	intergenic	intergenic	884	IGH
igh_1156434	1156434	IGHV1-8	intergenic	intergenic	3828	IGH
igh_1156712	1156712	IGHV1-8	intergenic	intergenic	3550	IGH
igh_1156781	1156781	IGHV1-8	intergenic	intergenic	3481	IGH
igh_1158035	1158035	IGHV1-8	intergenic	intergenic	2227	IGH
igh_1158754	1158754	IGHV1-8	intergenic	intergenic	1508	IGH
igh_1158765	1158765	IGHV1-8	intergenic	intergenic	1497	IGH
igh_140684	140684	IGHV1-3	intergenic	intergenic	3872	IGH
igh_426026	426026	IGHV1-24	intergenic	intergenic	823	IGH
igh_486519	486519	IGHV3-30	intergenic	intergenic	564	IGH
igh_488651	488651	IGHV3-30	intergenic	intergenic	2696	IGH
igh_122660	122660	IGHV1-2	intergenic	intergenic	3383	IGH
igh_123811	123811	IGHV1-2	intergenic	intergenic	2232	IGH
igh_87864	87864	IGHV6-1	intergenic	intergenic	8112	IGH
igh_1167021	1167021	IGHV1-8	intergenic	intergenic	6227	IGH
igh_22218	22218	IGHD6-25	intergenic	intergenic	1133	IGH
igh_268000	268000	IGHV3-13	intergenic	intergenic	1001	IGH
igh_1154345	1154345	IGHV1-8	intergenic	intergenic	5917	IGH
igh_1158434	1158434	IGHV1-8	intergenic	intergenic	1828	IGH
igh_91204	91204	IGHV6-1	intergenic	intergenic	11452	IGH
igh_642552	642552	IGHV3-43D	intergenic	intergenic	5706	IGH
igh_192532	192532	IGHV3-7	intergenic	intergenic	9078	IGH
igh_932272	932272	IGHV3-66	intergenic	intergenic	3114	IGH
igh_1028839	1028839	IGHV2-70	intergenic	intergenic	2109	IGH
igh_350158	350158	IGHV3-20	intergenic	intergenic	239	IGH
igh_354133	354133	IGHV3-20	intergenic	intergenic	3161	IGH
igh_354844	354844	IGHV3-20	intergenic	intergenic	3872	IGH
igh_734990	734990	IGHV3-43	intergenic	intergenic	3779	IGH
igh_140639	140639	IGHV1-3	intergenic	intergenic	3917	IGH
igh_140660	140660	IGHV1-3	intergenic	intergenic	3896	IGH
igh_140666	140666	IGHV1-3	intergenic	intergenic	3890	IGH
igh_140670	140670	IGHV1-3	intergenic	intergenic	3886	IGH
igh_140671	140671	IGHV1-3	intergenic	intergenic	3885	IGH
igh_140681	140681	IGHV1-3	intergenic	intergenic	3875	IGH
igh_140693	140693	IGHV1-3	intergenic	intergenic	3863	IGH
igh_140694	140694	IGHV1-3	intergenic	intergenic	3862	IGH
igh_140695	140695	IGHV1-3	intergenic	intergenic	3861	IGH
igh_140712	140712	IGHV1-3	intergenic	intergenic	3844	IGH
igh_7853	7853	IGHD7-27	intergenic	intergenic	2763	IGH
igh_52217	52217	IGHD5-5	intergenic	intergenic	412	IGH
igh_147047	147047	IGHV1-3	intergenic	intergenic	1970	IGH
igh_147051	147051	IGHV1-3	intergenic	intergenic	1974	IGH
igh_147222	147222	IGHV1-3	intergenic	intergenic	2145	IGH
igh_147696	147696	IGHV1-3	intergenic	intergenic	2619	IGH
igh_148422	148422	IGHV4-4	intergenic	intergenic	2961	IGH
igh_148968	148968	IGHV4-4	intergenic	intergenic	2415	IGH
igh_149335	149335	IGHV4-4	intergenic	intergenic	2048	IGH
igh_149849	149849	IGHV4-4	intergenic	intergenic	1534	IGH
igh_88049	88049	IGHV6-1	intergenic	intergenic	8297	IGH
igh_299179	299179	IGHV3-16	intergenic	intergenic	5485	IGH
igh_910363	910363	IGHV3-62	intergenic	intergenic	6317	IGH
igh_90424	90424	IGHV6-1	intergenic	intergenic	10672	IGH
igh_128763	128763	IGHV1-2	intergenic	intergenic	2182	IGH
igh_53813	53813	IGHD3-3	intergenic	intergenic	18	IGH
igh_54697	54697	IGHD3-3	intergenic	intergenic	779	IGH
igh_55783	55783	IGHD2-2	intergenic	intergenic	515	IGH
igh_725799	725799	IGHV3-43	intergenic	intergenic	4835	IGH
igh_731516	731516	IGHV3-43	intergenic	intergenic	305	IGH
igh_732120	732120	IGHV3-43	intergenic	intergenic	909	IGH
igh_1176666	1176666	IGHV3-9	intergenic	intergenic	2633	IGH
igh_636184	636184	IGHV3-43D	intergenic	intergenic	87	IGH
igh_170022	170022	IGHV7-4-1	intergenic	intergenic	4886	IGH
igh_955299	955299	IGHV3-66	intergenic	intergenic	19344	IGH
igh_890683	890683	IGHV4-59	intergenic	intergenic	2557	IGH
igh_58014	58014	IGHD1-1	intergenic	intergenic	960	IGH
igh_301018	301018	IGHV3-16	intergenic	intergenic	3646	IGH
igh_732599	732599	IGHV3-43	intergenic	intergenic	1388	IGH
igh_732707	732707	IGHV3-43	intergenic	intergenic	1496	IGH
igh_733208	733208	IGHV3-43	intergenic	intergenic	1997	IGH
igh_3417	3417	IGHJ5	intergenic	intergenic	13	IGH
igh_332150	332150	IGHV1-18	intergenic	intergenic	7260	IGH
igh_327088	327088	IGHV1-18	intergenic	intergenic	2198	IGH
igh_196519	196519	IGHV3-7	intergenic	intergenic	5091	IGH
igh_140524	140524	IGHV1-3	intergenic	intergenic	4032	IGH
igh_435158	435158	IGHV3-25	intergenic	intergenic	4171	IGH
igh_3408	3408	IGHJ5	intergenic	intergenic	4	IGH
igh_344068	344068	IGHV3-20	intergenic	intergenic	6329	IGH
igh_344464	344464	IGHV3-20	intergenic	intergenic	5933	IGH
igh_345607	345607	IGHV3-20	intergenic	intergenic	4790	IGH
igh_281487	281487	IGHV3-15	intergenic	intergenic	11596	IGH
igh_1028401	1028401	IGHV2-70	intergenic	intergenic	2547	IGH
igh_345566	345566	IGHV3-20	intergenic	intergenic	4831	IGH
igh_970851	970851	IGHV1-69	intergenic	intergenic	4202	IGH
igh_156883	156883	IGHV4-4	intergenic	intergenic	4990	IGH
igh_623018	623018	IGHV4-38-2	intergenic	intergenic	1580	IGH
igh_1020816	1020816	IGHV1-69D	intergenic	intergenic	1647	IGH
igh_259114	259114	IGHV3-11	intergenic	intergenic	2449	IGH
igh_259173	259173	IGHV3-11	intergenic	intergenic	2508	IGH
igh_259759	259759	IGHV3-11	intergenic	intergenic	3094	IGH
igh_260186	260186	IGHV3-11	intergenic	intergenic	3521	IGH
igh_260294	260294	IGHV3-11	intergenic	intergenic	3629	IGH
igh_261665	261665	IGHV3-11	intergenic	intergenic	5000	IGH
igh_261952	261952	IGHV3-11	intergenic	intergenic	5287	IGH
igh_262464	262464	IGHV3-11	intergenic	intergenic	5799	IGH
igh_262495	262495	IGHV3-11	intergenic	intergenic	5830	IGH
igh_262865	262865	IGHV3-13	intergenic	intergenic	6136	IGH
igh_264152	264152	IGHV3-13	intergenic	intergenic	4849	IGH
igh_946842	946842	IGHV3-66	intergenic	intergenic	10887	IGH
igh_964797	964797	IGHV1-69	intergenic	intergenic	10256	IGH
igh_965793	965793	IGHV1-69	intergenic	intergenic	9260	IGH
igh_286632	286632	IGHV3-15	intergenic	intergenic	6451	IGH
igh_68303	68303	IGHD1-1	intergenic	intergenic	9256	IGH
igh_860406	860406	IGHV3-53	intergenic	intergenic	6799	IGH
igh_59739	59739	IGHD1-1	intergenic	intergenic	692	IGH
igh_59975	59975	IGHD1-1	intergenic	intergenic	928	IGH
igh_903209	903209	IGHV3-62	intergenic	intergenic	292	IGH
igh_330406	330406	IGHV1-18	intergenic	intergenic	5516	IGH
igh_848161	848161	IGHV8-51-1	intergenic	intergenic	3609	IGH
igh_223736	223736	IGHV3-64D	intergenic	intergenic	3847	IGH
igh_223739	223739	IGHV3-64D	intergenic	intergenic	3844	IGH
igh_223749	223749	IGHV3-64D	intergenic	intergenic	3834	IGH
igh_221600	221600	IGHV3-64D	intergenic	intergenic	5983	IGH
igh_221606	221606	IGHV3-64D	intergenic	intergenic	5977	IGH
igh_221674	221674	IGHV3-64D	intergenic	intergenic	5909	IGH
igh_221679	221679	IGHV3-64D	intergenic	intergenic	5904	IGH
igh_221680	221680	IGHV3-64D	intergenic	intergenic	5903	IGH
igh_221701	221701	IGHV3-64D	intergenic	intergenic	5882	IGH
igh_221705	221705	IGHV3-64D	intergenic	intergenic	5878	IGH
igh_221742	221742	IGHV3-64D	intergenic	intergenic	5841	IGH
igh_221746	221746	IGHV3-64D	intergenic	intergenic	5837	IGH
igh_221747	221747	IGHV3-64D	intergenic	intergenic	5836	IGH
igh_221931	221931	IGHV3-64D	intergenic	intergenic	5652	IGH
igh_221946	221946	IGHV3-64D	intergenic	intergenic	5637	IGH
igh_221952	221952	IGHV3-64D	intergenic	intergenic	5631	IGH
igh_221953	221953	IGHV3-64D	intergenic	intergenic	5630	IGH
igh_221954	221954	IGHV3-64D	intergenic	intergenic	5629	IGH
igh_221955	221955	IGHV3-64D	intergenic	intergenic	5628	IGH
igh_221999	221999	IGHV3-64D	intergenic	intergenic	5584	IGH
igh_222031	222031	IGHV3-64D	intergenic	intergenic	5552	IGH
igh_222033	222033	IGHV3-64D	intergenic	intergenic	5550	IGH
igh_222047	222047	IGHV3-64D	intergenic	intergenic	5536	IGH
igh_222099	222099	IGHV3-64D	intergenic	intergenic	5484	IGH
igh_222186	222186	IGHV3-64D	intergenic	intergenic	5397	IGH
igh_222187	222187	IGHV3-64D	intergenic	intergenic	5396	IGH
igh_222231	222231	IGHV3-64D	intergenic	intergenic	5352	IGH
igh_222232	222232	IGHV3-64D	intergenic	intergenic	5351	IGH
igh_222234	222234	IGHV3-64D	intergenic	intergenic	5349	IGH
igh_222235	222235	IGHV3-64D	intergenic	intergenic	5348	IGH
igh_222238	222238	IGHV3-64D	intergenic	intergenic	5345	IGH
igh_222252	222252	IGHV3-64D	intergenic	intergenic	5331	IGH
igh_222315	222315	IGHV3-64D	intergenic	intergenic	5268	IGH
igh_222403	222403	IGHV3-64D	intergenic	intergenic	5180	IGH
igh_222424	222424	IGHV3-64D	intergenic	intergenic	5159	IGH
igh_222447	222447	IGHV3-64D	intergenic	intergenic	5136	IGH
igh_222506	222506	IGHV3-64D	intergenic	intergenic	5077	IGH
igh_222524	222524	IGHV3-64D	intergenic	intergenic	5059	IGH
igh_222555	222555	IGHV3-64D	intergenic	intergenic	5028	IGH
igh_222666	222666	IGHV3-64D	intergenic	intergenic	4917	IGH
igh_222674	222674	IGHV3-64D	intergenic	intergenic	4909	IGH
igh_222700	222700	IGHV3-64D	intergenic	intergenic	4883	IGH
igh_222704	222704	IGHV3-64D	intergenic	intergenic	4879	IGH
igh_222705	222705	IGHV3-64D	intergenic	intergenic	4878	IGH
igh_222725	222725	IGHV3-64D	intergenic	intergenic	4858	IGH
igh_222773	222773	IGHV3-64D	intergenic	intergenic	4810	IGH
igh_222838	222838	IGHV3-64D	intergenic	intergenic	4745	IGH
igh_223216	223216	IGHV3-64D	intergenic	intergenic	4367	IGH
igh_223234	223234	IGHV3-64D	intergenic	intergenic	4349	IGH
igh_223235	223235	IGHV3-64D	intergenic	intergenic	4348	IGH
igh_223299	223299	IGHV3-64D	intergenic	intergenic	4284	IGH
igh_223305	223305	IGHV3-64D	intergenic	intergenic	4278	IGH
igh_223323	223323	IGHV3-64D	intergenic	intergenic	4260	IGH
igh_223332	223332	IGHV3-64D	intergenic	intergenic	4251	IGH
igh_223355	223355	IGHV3-64D	intergenic	intergenic	4228	IGH
igh_223395	223395	IGHV3-64D	intergenic	intergenic	4188	IGH
igh_223433	223433	IGHV3-64D	intergenic	intergenic	4150	IGH
igh_223439	223439	IGHV3-64D	intergenic	intergenic	4144	IGH
igh_223442	223442	IGHV3-64D	intergenic	intergenic	4141	IGH
igh_223468	223468	IGHV3-64D	intergenic	intergenic	4115	IGH
igh_223512	223512	IGHV3-64D	intergenic	intergenic	4071	IGH
igh_223517	223517	IGHV3-64D	intergenic	intergenic	4066	IGH
igh_223543	223543	IGHV3-64D	intergenic	intergenic	4040	IGH
igh_223544	223544	IGHV3-64D	intergenic	intergenic	4039	IGH
igh_223625	223625	IGHV3-64D	intergenic	intergenic	3958	IGH
igh_223627	223627	IGHV3-64D	intergenic	intergenic	3956	IGH
igh_897976	897976	IGHV4-61	intergenic	intergenic	1514	IGH
igh_49363	49363	IGHD1-7	intergenic	intergenic	16	IGH
igh_876219	876219	IGHV1-58	intergenic	intergenic	6509	IGH
igh_147640	147640	IGHV1-3	intergenic	intergenic	2563	IGH
igh_147641	147641	IGHV1-3	intergenic	intergenic	2564	IGH
igh_860754	860754	IGHV3-53	intergenic	intergenic	7147	IGH
igh_156047	156047	IGHV4-4	intergenic	intergenic	4154	IGH
igh_959392	959392	IGHV1-69	intergenic	intergenic	15661	IGH
igh_92435	92435	IGHV6-1	intergenic	intergenic	12683	IGH
igh_92454	92454	IGHV6-1	intergenic	intergenic	12702	IGH
igh_959553	959553	IGHV1-69	intergenic	intergenic	15500	IGH
igh_57627	57627	IGHD2-2	intergenic	intergenic	1242	IGH
igh_58220	58220	IGHD1-1	intergenic	intergenic	754	IGH
igh_443883	443883	IGHV3-25	intergenic	intergenic	3982	IGH
igh_170287	170287	IGHV7-4-1	intergenic	intergenic	5151	IGH
igh_848324	848324	IGHV8-51-1	intergenic	intergenic	3772	IGH
igh_34563	34563	IGHD4-17	intergenic	intergenic	511	IGH
igh_1186424	1186424	IGHV3-9	intergenic	intergenic	12391	IGH
igh_58864	58864	IGHD1-1	intergenic	intergenic	110	IGH
igh_429488	429488	IGHV1-24	intergenic	intergenic	2105	IGH
igh_195288	195288	IGHV3-7	intergenic	intergenic	6322	IGH
igh_917291	917291	IGHV3-64	intergenic	intergenic	803	IGH
igh_171381	171381	IGHV2-5	intergenic	intergenic	5982	IGH
igh_206663	206663	IGHV3-7	intergenic	intergenic	4482	IGH
igh_929068	929068	IGHV3-66	intergenic	intergenic	6318	IGH
igh_959078	959078	IGHV1-69	intergenic	intergenic	15975	IGH
igh_345077	345077	IGHV3-20	intergenic	intergenic	5320	IGH
igh_198171	198171	IGHV3-7	intergenic	intergenic	3439	IGH
igh_202182	202182	IGHV3-7	intergenic	intergenic	1	IGH
igh_259852	259852	IGHV3-11	intergenic	intergenic	3187	IGH
igh_259940	259940	IGHV3-11	intergenic	intergenic	3275	IGH
igh_260182	260182	IGHV3-11	intergenic	intergenic	3517	IGH
igh_260228	260228	IGHV3-11	intergenic	intergenic	3563	IGH
igh_260741	260741	IGHV3-11	intergenic	intergenic	4076	IGH
igh_260910	260910	IGHV3-11	intergenic	intergenic	4245	IGH
igh_86980	86980	IGHV6-1	intergenic	intergenic	7228	IGH
igh_48515	48515	IGHD1-7	intergenic	intergenic	864	IGH
igh_281411	281411	IGHV3-15	intergenic	intergenic	11672	IGH
igh_300940	300940	IGHV3-16	intergenic	intergenic	3724	IGH
igh_301138	301138	IGHV3-16	intergenic	intergenic	3526	IGH
igh_622117	622117	IGHV4-38-2	intergenic	intergenic	679	IGH
igh_1011157	1011157	IGHV1-69D	intergenic	intergenic	11306	IGH
igh_1013944_1	1013944	IGHV1-69D	intergenic	intergenic	8519	IGH
igh_431182	431182	IGHV1-24	intergenic	intergenic	3799	IGH
igh_992091	992091	IGHV1-69-2	intergenic	intergenic	5390	IGH
igh_992249	992249	IGHV1-69-2	intergenic	intergenic	5232	IGH
igh_994573	994573	IGHV1-69-2	intergenic	intergenic	2908	IGH
igh_997235	997235	IGHV1-69-2	intergenic	intergenic	246	IGH
igh_998788	998788	IGHV1-69-2	intergenic	intergenic	774	IGH
igh_999342	999342	IGHV1-69-2	intergenic	intergenic	1328	IGH
igh_874628	874628	IGHV1-58	intergenic	intergenic	8100	IGH
igh_944887	944887	IGHV3-66	intergenic	intergenic	8932	IGH
igh_950408	950408	IGHV3-66	intergenic	intergenic	14453	IGH
igh_951086	951086	IGHV3-66	intergenic	intergenic	15131	IGH
igh_951392	951392	IGHV3-66	intergenic	intergenic	15437	IGH
igh_951701	951701	IGHV3-66	intergenic	intergenic	15746	IGH
igh_952787	952787	IGHV3-66	intergenic	intergenic	16832	IGH
igh_957813	957813	IGHV1-69	intergenic	intergenic	17240	IGH
igh_965682	965682	IGHV1-69	intergenic	intergenic	9371	IGH
igh_965852	965852	IGHV1-69	intergenic	intergenic	9201	IGH
igh_969358	969358	IGHV1-69	intergenic	intergenic	5695	IGH
igh_971009	971009	IGHV1-69	intergenic	intergenic	4044	IGH
igh_971788	971788	IGHV1-69	intergenic	intergenic	3265	IGH
igh_973116	973116	IGHV1-69	intergenic	intergenic	1937	IGH
igh_1037689	1037689	IGHV2-70	intergenic	intergenic	6242	IGH
igh_439914	439914	IGHV3-25	intergenic	intergenic	13	IGH
igh_6813	6813	IGHD7-27	intergenic	intergenic	1723	IGH
igh_975773	975773	IGHV1-69	intergenic	intergenic	184	IGH
igh_872212	872212	IGHV1-58	intergenic	intergenic	10516	IGH
igh_1139154	1139154	IGHV7-81	intergenic	intergenic	3672	IGH
igh_149785	149785	IGHV4-4	intergenic	intergenic	1598	IGH
igh_357561	357561	IGHV3-20	intergenic	intergenic	6589	IGH
igh_1012531	1012531	IGHV1-69D	intergenic	intergenic	9932	IGH
igh_975680	975680	IGHV1-69	intergenic	intergenic	91	IGH
igh_975999	975999	IGHV1-69	intergenic	intergenic	410	IGH
igh_976001	976001	IGHV1-69	intergenic	intergenic	412	IGH
igh_976006	976006	IGHV1-69	intergenic	intergenic	417	IGH
igh_976698	976698	IGHV1-69	intergenic	intergenic	1109	IGH
igh_168881	168881	IGHV7-4-1	intergenic	intergenic	3745	IGH
igh_293759	293759	IGHV3-15	intergenic	intergenic	95	IGH
igh_298454	298454	IGHV3-15	intergenic	intergenic	4790	IGH
igh_298719	298719	IGHV3-15	intergenic	intergenic	5055	IGH
igh_284311	284311	IGHV3-15	intergenic	intergenic	8772	IGH
igh_970915	970915	IGHV1-69	intergenic	intergenic	4138	IGH
igh_956421	956421	IGHV1-69	intergenic	intergenic	18632	IGH
igh_92131	92131	IGHV6-1	intergenic	intergenic	12379	IGH
igh_92479	92479	IGHV6-1	intergenic	intergenic	12727	IGH
igh_975781	975781	IGHV1-69	intergenic	intergenic	192	IGH
igh_297875	297875	IGHV3-15	intergenic	intergenic	4211	IGH
igh_298335	298335	IGHV3-15	intergenic	intergenic	4671	IGH
igh_300283	300283	IGHV3-16	intergenic	intergenic	4381	IGH
igh_300941	300941	IGHV3-16	intergenic	intergenic	3723	IGH
igh_301643	301643	IGHV3-16	intergenic	intergenic	3021	IGH
igh_301655	301655	IGHV3-16	intergenic	intergenic	3009	IGH
igh_301700	301700	IGHV3-16	intergenic	intergenic	2964	IGH
igh_49726	49726	IGHD6-6	intergenic	intergenic	156	IGH
igh_683311	683311	IGHV4-39	intergenic	intergenic	719	IGH
igh_259777	259777	IGHV3-11	intergenic	intergenic	3112	IGH
igh_1064312	1064312	IGHV3-73	intergenic	intergenic	668	IGH
igh_975779	975779	IGHV1-69	intergenic	intergenic	190	IGH
igh_975825	975825	IGHV1-69	intergenic	intergenic	236	IGH
igh_975900	975900	IGHV1-69	intergenic	intergenic	311	IGH
igh_976014	976014	IGHV1-69	intergenic	intergenic	425	IGH
igh_976033	976033	IGHV1-69	intergenic	intergenic	444	IGH
igh_1162770	1162770	IGHV1-8	intergenic	intergenic	1976	IGH
igh_632001	632001	IGHV3-43D	intergenic	intergenic	4270	IGH
igh_958084	958084	IGHV1-69	intergenic	intergenic	16969	IGH
igh_1032016	1032016	IGHV2-70	intergenic	intergenic	569	IGH
igh_358494	358494	IGHV3-20	intergenic	intergenic	7522	IGH
igh_365330	365330	IGHV3-21	intergenic	intergenic	9193	IGH
igh_938322	938322	IGHV3-66	intergenic	intergenic	2367	IGH
igh_221532	221532	IGHV3-64D	intergenic	intergenic	6051	IGH
igh_358022	358022	IGHV3-20	intergenic	intergenic	7050	IGH
igh_358472	358472	IGHV3-20	intergenic	intergenic	7500	IGH
igh_358859	358859	IGHV3-20	intergenic	intergenic	7887	IGH
igh_359050	359050	IGHV3-20	intergenic	intergenic	8078	IGH
igh_889216	889216	IGHV4-59	intergenic	intergenic	1090	IGH
igh_889243	889243	IGHV4-59	intergenic	intergenic	1117	IGH
igh_1038086	1038086	IGHV2-70	intergenic	intergenic	6639	IGH
igh_1040071	1040071	IGHV2-70	intergenic	intergenic	8624	IGH
igh_1031724	1031724	IGHV2-70	intergenic	intergenic	277	IGH
igh_153010	153010	IGHV4-4	intergenic	intergenic	1117	IGH
igh_588400	588400	IGHV3-35	intergenic	intergenic	223	IGH
igh_1067458	1067458	IGHV3-74	intergenic	intergenic	3353	IGH
igh_957674	957674	IGHV1-69	intergenic	intergenic	17379	IGH
igh_889842	889842	IGHV4-59	intergenic	intergenic	1716	IGH
igh_198397	198397	IGHV3-7	intergenic	intergenic	3213	IGH
igh_48415	48415	IGHD1-7	intergenic	intergenic	964	IGH
igh_276764	276764	IGHV3-13	intergenic	intergenic	7191	IGH
igh_276774	276774	IGHV3-13	intergenic	intergenic	7201	IGH
igh_282089	282089	IGHV3-15	intergenic	intergenic	10994	IGH
igh_282172	282172	IGHV3-15	intergenic	intergenic	10911	IGH
igh_298250	298250	IGHV3-15	intergenic	intergenic	4586	IGH
igh_1032995	1032995	IGHV2-70	intergenic	intergenic	1548	IGH
igh_1039527	1039527	IGHV2-70	intergenic	intergenic	8080	IGH
igh_290054	290054	IGHV3-15	intergenic	intergenic	3029	IGH
igh_286392	286392	IGHV3-15	intergenic	intergenic	6691	IGH
igh_291363	291363	IGHV3-15	intergenic	intergenic	1720	IGH
igh_58875	58875	IGHD1-1	intergenic	intergenic	99	IGH
igh_58876	58876	IGHD1-1	intergenic	intergenic	98	IGH
igh_151295	151295	IGHV4-4	intergenic	intergenic	88	IGH
igh_1058712	1058712	IGHV3-73	intergenic	intergenic	4351	IGH
igh_92394	92394	IGHV6-1	intergenic	intergenic	12642	IGH
igh_7848	7848	IGHD7-27	intergenic	intergenic	2758	IGH
igh_1185127	1185127	IGHV3-9	intergenic	intergenic	11094	IGH
igh_1186111	1186111	IGHV3-9	intergenic	intergenic	12078	IGH
igh_963294	963294	IGHV1-69	intergenic	intergenic	11759	IGH
igh_972842	972842	IGHV1-69	intergenic	intergenic	2211	IGH
igh_889847	889847	IGHV4-59	intergenic	intergenic	1721	IGH
igh_1048141	1048141	IGHV3-72	intergenic	intergenic	2922	IGH
igh_285252	285252	IGHV3-15	intergenic	intergenic	7831	IGH
igh_640385	640385	IGHV3-43D	intergenic	intergenic	3539	IGH
igh_1059720	1059720	IGHV3-73	intergenic	intergenic	3343	IGH
igh_910727	910727	IGHV3-62	intergenic	intergenic	6681	IGH
igh_153628	153628	IGHV4-4	intergenic	intergenic	1735	IGH
igh_153766	153766	IGHV4-4	intergenic	intergenic	1873	IGH
igh_153931	153931	IGHV4-4	intergenic	intergenic	2038	IGH
igh_155073	155073	IGHV4-4	intergenic	intergenic	3180	IGH
igh_155237	155237	IGHV4-4	intergenic	intergenic	3344	IGH
igh_155511	155511	IGHV4-4	intergenic	intergenic	3618	IGH
igh_155606	155606	IGHV4-4	intergenic	intergenic	3713	IGH
igh_156038	156038	IGHV4-4	intergenic	intergenic	4145	IGH
igh_156350	156350	IGHV4-4	intergenic	intergenic	4457	IGH
igh_156542	156542	IGHV4-4	intergenic	intergenic	4649	IGH
igh_156840	156840	IGHV4-4	intergenic	intergenic	4947	IGH
igh_157075	157075	IGHV4-4	intergenic	intergenic	5182	IGH
igh_157103	157103	IGHV4-4	intergenic	intergenic	5210	IGH
igh_157219	157219	IGHV4-4	intergenic	intergenic	5326	IGH
igh_167881	167881	IGHV7-4-1	intergenic	intergenic	2745	IGH
igh_168057	168057	IGHV7-4-1	intergenic	intergenic	2921	IGH
igh_168711	168711	IGHV7-4-1	intergenic	intergenic	3575	IGH
igh_168831	168831	IGHV7-4-1	intergenic	intergenic	3695	IGH
igh_169197	169197	IGHV7-4-1	intergenic	intergenic	4061	IGH
igh_963210	963210	IGHV1-69	intergenic	intergenic	11843	IGH
igh_963239	963239	IGHV1-69	intergenic	intergenic	11814	IGH
igh_151339	151339	IGHV4-4	intergenic	intergenic	44	IGH
igh_151340	151340	IGHV4-4	intergenic	intergenic	43	IGH
igh_883820	883820	IGHV1-58	intergenic	intergenic	557	IGH
igh_885493	885493	IGHV4-59	intergenic	intergenic	2127	IGH
igh_885621	885621	IGHV4-59	intergenic	intergenic	1999	IGH
igh_40378	40378	IGHD1-14	intergenic	intergenic	195	IGH
igh_970924	970924	IGHV1-69	intergenic	intergenic	4129	IGH
igh_154320	154320	IGHV4-4	intergenic	intergenic	2427	IGH
igh_302185	302185	IGHV3-16	intergenic	intergenic	2479	IGH
igh_280456	280456	IGHV3-13	intergenic	intergenic	10883	IGH
igh_280482	280482	IGHV3-13	intergenic	intergenic	10909	IGH
igh_280775	280775	IGHV3-13	intergenic	intergenic	11202	IGH
igh_955217	955217	IGHV3-66	intergenic	intergenic	19262	IGH
igh_365420	365420	IGHV3-21	intergenic	intergenic	9103	IGH
igh_366086	366086	IGHV3-21	intergenic	intergenic	8437	IGH
igh_366389	366389	IGHV3-21	intergenic	intergenic	8134	IGH
igh_910726	910726	IGHV3-62	intergenic	intergenic	6680	IGH
igh_910763	910763	IGHV3-62	intergenic	intergenic	6717	IGH
igh_911062	911062	IGHV3-62	intergenic	intergenic	7016	IGH
igh_911237	911237	IGHV3-64	intergenic	intergenic	6857	IGH
igh_206776	206776	IGHV3-7	intergenic	intergenic	4595	IGH
igh_849077	849077	IGHV3-53	intergenic	intergenic	3970	IGH
igh_152520	152520	IGHV4-4	intergenic	intergenic	627	IGH
igh_152527	152527	IGHV4-4	intergenic	intergenic	634	IGH
igh_813455	813455	IGHV3-49	intergenic	intergenic	3852	IGH
igh_1046000	1046000	IGHV3-72	intergenic	intergenic	5063	IGH
igh_805674	805674	IGHV3-48	intergenic	intergenic	6926	IGH
igh_898722	898722	IGHV4-61	intergenic	intergenic	768	IGH
igh_900099	900099	IGHV4-61	intergenic	intergenic	97	IGH
igh_900811	900811	IGHV4-61	intergenic	intergenic	809	IGH
igh_196991	196991	IGHV3-7	intergenic	intergenic	4619	IGH
igh_197776	197776	IGHV3-7	intergenic	intergenic	3834	IGH
igh_197814	197814	IGHV3-7	intergenic	intergenic	3796	IGH
igh_197903	197903	IGHV3-7	intergenic	intergenic	3707	IGH
igh_198194	198194	IGHV3-7	intergenic	intergenic	3416	IGH
igh_198540	198540	IGHV3-7	intergenic	intergenic	3070	IGH
igh_199064	199064	IGHV3-7	intergenic	intergenic	2546	IGH
igh_200025	200025	IGHV3-7	intergenic	intergenic	1585	IGH
igh_201162	201162	IGHV3-7	intergenic	intergenic	448	IGH
igh_201195	201195	IGHV3-7	intergenic	intergenic	415	IGH
igh_201207	201207	IGHV3-7	intergenic	intergenic	403	IGH
igh_201347	201347	IGHV3-7	intergenic	intergenic	263	IGH
igh_201436	201436	IGHV3-7	intergenic	intergenic	174	IGH
igh_202430	202430	IGHV3-7	intergenic	intergenic	249	IGH
igh_202929	202929	IGHV3-7	intergenic	intergenic	748	IGH
igh_203258	203258	IGHV3-7	intergenic	intergenic	1077	IGH
igh_203409	203409	IGHV3-7	intergenic	intergenic	1228	IGH
igh_204097	204097	IGHV3-7	intergenic	intergenic	1916	IGH
igh_204356	204356	IGHV3-7	intergenic	intergenic	2175	IGH
igh_204575	204575	IGHV3-7	intergenic	intergenic	2394	IGH
igh_363853	363853	IGHV3-21	intergenic	intergenic	10670	IGH
igh_899422	899422	IGHV4-61	intergenic	intergenic	68	IGH
igh_936234	936234	IGHV3-66	intergenic	intergenic	279	IGH
igh_937036	937036	IGHV3-66	intergenic	intergenic	1081	IGH
igh_938779	938779	IGHV3-66	intergenic	intergenic	2824	IGH
igh_940735	940735	IGHV3-66	intergenic	intergenic	4780	IGH
igh_3646	3646	IGHJ4	intergenic	intergenic	69	IGH
igh_971020	971020	IGHV1-69	intergenic	intergenic	4033	IGH
igh_170108	170108	IGHV7-4-1	intergenic	intergenic	4972	IGH
igh_198136	198136	IGHV3-7	intergenic	intergenic	3474	IGH
igh_199120	199120	IGHV3-7	intergenic	intergenic	2490	IGH
igh_201013	201013	IGHV3-7	intergenic	intergenic	597	IGH
igh_201018	201018	IGHV3-7	intergenic	intergenic	592	IGH
igh_201152	201152	IGHV3-7	intergenic	intergenic	458	IGH
igh_201164	201164	IGHV3-7	intergenic	intergenic	446	IGH
igh_201211	201211	IGHV3-7	intergenic	intergenic	399	IGH
igh_201224	201224	IGHV3-7	intergenic	intergenic	386	IGH
igh_201346	201346	IGHV3-7	intergenic	intergenic	264	IGH
igh_201443	201443	IGHV3-7	intergenic	intergenic	167	IGH
igh_201567	201567	IGHV3-7	intergenic	intergenic	43	IGH
igh_201573	201573	IGHV3-7	intergenic	intergenic	37	IGH
igh_201575	201575	IGHV3-7	intergenic	intergenic	35	IGH
igh_435252	435252	IGHV3-25	intergenic	intergenic	4077	IGH
igh_52604	52604	IGHD4-4	intergenic	intergenic	90	IGH
igh_357422	357422	IGHV3-20	intergenic	intergenic	6450	IGH
igh_1059734	1059734	IGHV3-73	intergenic	intergenic	3329	IGH
igh_1069020	1069020	IGHV3-74	intergenic	intergenic	1791	IGH
igh_999262	999262	IGHV1-69-2	intergenic	intergenic	1248	IGH
igh_999265	999265	IGHV1-69-2	intergenic	intergenic	1251	IGH
igh_899466	899466	IGHV4-61	intergenic	intergenic	24	IGH
igh_899468	899468	IGHV4-61	intergenic	intergenic	22	IGH
igh_960196	960196	IGHV1-69	intergenic	intergenic	14857	IGH
igh_1067568	1067568	IGHV3-74	intergenic	intergenic	3243	IGH
igh_844996	844996	IGHV8-51-1	intergenic	intergenic	444	IGH
igh_889235	889235	IGHV4-59	intergenic	intergenic	1109	IGH
igh_50027	50027	IGHD6-6	intergenic	intergenic	71	IGH
igh_50560	50560	IGHD6-6	intergenic	intergenic	604	IGH
igh_890467	890467	IGHV4-59	intergenic	intergenic	2341	IGH
igh_890930	890930	IGHV4-59	intergenic	intergenic	2804	IGH
igh_891468	891468	IGHV4-59	intergenic	intergenic	3342	IGH
igh_1035849	1035849	IGHV2-70	intergenic	intergenic	4402	IGH
igh_1028367	1028367	IGHV2-70	intergenic	intergenic	2581	IGH
igh_358962	358962	IGHV3-20	intergenic	intergenic	7990	IGH
igh_359347	359347	IGHV3-20	intergenic	intergenic	8375	IGH
igh_362826	362826	IGHV3-21	intergenic	intergenic	11697	IGH
igh_362987	362987	IGHV3-21	intergenic	intergenic	11536	IGH
igh_300013	300013	IGHV3-16	intergenic	intergenic	4651	IGH
igh_910124	910124	IGHV3-62	intergenic	intergenic	6078	IGH
igh_281383	281383	IGHV3-15	intergenic	intergenic	11700	IGH
igh_360423	360423	IGHV3-20	intergenic	intergenic	9451	IGH
igh_331199	331199	IGHV1-18	intergenic	intergenic	6309	IGH
igh_344356	344356	IGHV3-20	intergenic	intergenic	6041	IGH
igh_51067	51067	IGHD5-5	intergenic	intergenic	662	IGH
igh_930628	930628	IGHV3-66	intergenic	intergenic	4758	IGH
igh_410370	410370	IGHV3-23	intergenic	intergenic	1732	IGH
igh_1059715	1059715	IGHV3-73	intergenic	intergenic	3348	IGH
igh_168201	168201	IGHV7-4-1	intergenic	intergenic	3065	IGH
igh_894248	894248	IGHV4-61	intergenic	intergenic	5242	IGH
igh_896148	896148	IGHV4-61	intergenic	intergenic	3342	IGH
igh_898605	898605	IGHV4-61	intergenic	intergenic	885	IGH
igh_898801	898801	IGHV4-61	intergenic	intergenic	689	IGH
igh_698654	698654	IGHV4-39	intergenic	intergenic	16062	IGH
igh_698716	698716	IGHV4-39	intergenic	intergenic	16124	IGH
igh_281611	281611	IGHV3-15	intergenic	intergenic	11472	IGH
igh_607892	607892	IGHV3-38	intergenic	intergenic	1833	IGH
igh_616666	616666	IGHV4-38-2	intergenic	intergenic	4265	IGH
igh_296784	296784	IGHV3-15	intergenic	intergenic	3120	IGH
igh_899437	899437	IGHV4-61	intergenic	intergenic	53	IGH
igh_971225	971225	IGHV1-69	intergenic	intergenic	3828	IGH
igh_334712	334712	IGHV1-18	intergenic	intergenic	9822	IGH
igh_884602	884602	IGHV1-58	intergenic	intergenic	1339	IGH
igh_1024813	1024813	IGHV1-69D	intergenic	intergenic	1814	IGH
igh_1026317	1026317	IGHV1-69D	intergenic	intergenic	3318	IGH
igh_1026578	1026578	IGHV1-69D	intergenic	intergenic	3579	IGH
igh_1027294	1027294	IGHV2-70	intergenic	intergenic	3654	IGH
igh_300624	300624	IGHV3-16	intergenic	intergenic	4040	IGH
igh_901614	901614	IGHV4-61	intergenic	intergenic	1612	IGH
igh_901724	901724	IGHV4-61	intergenic	intergenic	1722	IGH
igh_902026	902026	IGHV3-62	intergenic	intergenic	1475	IGH
igh_902174	902174	IGHV3-62	intergenic	intergenic	1327	IGH
igh_903039	903039	IGHV3-62	intergenic	intergenic	462	IGH
igh_903228	903228	IGHV3-62	intergenic	intergenic	273	IGH
igh_904221	904221	IGHV3-62	intergenic	intergenic	175	IGH
igh_905311	905311	IGHV3-62	intergenic	intergenic	1265	IGH
igh_905329	905329	IGHV3-62	intergenic	intergenic	1283	IGH
igh_905418	905418	IGHV3-62	intergenic	intergenic	1372	IGH
igh_905424	905424	IGHV3-62	intergenic	intergenic	1378	IGH
igh_905448	905448	IGHV3-62	intergenic	intergenic	1402	IGH
igh_905692	905692	IGHV3-62	intergenic	intergenic	1646	IGH
igh_905726	905726	IGHV3-62	intergenic	intergenic	1680	IGH
igh_905731	905731	IGHV3-62	intergenic	intergenic	1685	IGH
igh_905734	905734	IGHV3-62	intergenic	intergenic	1688	IGH
igh_905759	905759	IGHV3-62	intergenic	intergenic	1713	IGH
igh_905762	905762	IGHV3-62	intergenic	intergenic	1716	IGH
igh_905792	905792	IGHV3-62	intergenic	intergenic	1746	IGH
igh_905918	905918	IGHV3-62	intergenic	intergenic	1872	IGH
igh_858997	858997	IGHV3-53	intergenic	intergenic	5390	IGH
igh_860677	860677	IGHV3-53	intergenic	intergenic	7070	IGH
igh_961397	961397	IGHV1-69	intergenic	intergenic	13656	IGH
igh_961399	961399	IGHV1-69	intergenic	intergenic	13654	IGH
igh_963756	963756	IGHV1-69	intergenic	intergenic	11297	IGH
igh_965220	965220	IGHV1-69	intergenic	intergenic	9833	IGH
igh_971494	971494	IGHV1-69	intergenic	intergenic	3559	IGH
igh_959534	959534	IGHV1-69	intergenic	intergenic	15519	IGH
igh_348076	348076	IGHV3-20	intergenic	intergenic	2321	IGH
igh_52987	52987	IGHD4-4	intergenic	intergenic	221	IGH
igh_931022	931022	IGHV3-66	intergenic	intergenic	4364	IGH
igh_1036969	1036969	IGHV2-70	intergenic	intergenic	5522	IGH
igh_1042617	1042617	IGHV3-72	intergenic	intergenic	8446	IGH
igh_1042649	1042649	IGHV3-72	intergenic	intergenic	8414	IGH
igh_899478	899478	IGHV4-61	intergenic	intergenic	12	IGH
igh_899482	899482	IGHV4-61	intergenic	intergenic	8	IGH
igh_971212	971212	IGHV1-69	intergenic	intergenic	3841	IGH
igh_971215	971215	IGHV1-69	intergenic	intergenic	3838	IGH
igh_971217	971217	IGHV1-69	intergenic	intergenic	3836	IGH
igh_971219	971219	IGHV1-69	intergenic	intergenic	3834	IGH
igh_971256	971256	IGHV1-69	intergenic	intergenic	3797	IGH
igh_975636	975636	IGHV1-69	intergenic	intergenic	47	IGH
igh_1041901	1041901	IGHV3-72	intergenic	intergenic	9162	IGH
igh_1042699	1042699	IGHV3-72	intergenic	intergenic	8364	IGH
igh_1056296	1056296	IGHV3-72	intergenic	intergenic	4659	IGH
igh_1018321	1018321	IGHV1-69D	intergenic	intergenic	4142	IGH
igh_148137	148137	IGHV1-3	intergenic	intergenic	3060	IGH
igh_148180	148180	IGHV1-3	intergenic	intergenic	3103	IGH
igh_148191	148191	IGHV1-3	intergenic	intergenic	3114	IGH
igh_962120	962120	IGHV1-69	intergenic	intergenic	12933	IGH
igh_1043330	1043330	IGHV3-72	intergenic	intergenic	7733	IGH
igh_1043334	1043334	IGHV3-72	intergenic	intergenic	7729	IGH
igh_1043338	1043338	IGHV3-72	intergenic	intergenic	7725	IGH
igh_970647	970647	IGHV1-69	intergenic	intergenic	4406	IGH
igh_971246	971246	IGHV1-69	intergenic	intergenic	3807	IGH
igh_906233	906233	IGHV3-62	intergenic	intergenic	2187	IGH
igh_1176555	1176555	IGHV3-9	intergenic	intergenic	2522	IGH
igh_1177659	1177659	IGHV3-9	intergenic	intergenic	3626	IGH
igh_216142	216142	IGHV3-64D	intergenic	intergenic	11441	IGH
igh_216314	216314	IGHV3-64D	intergenic	intergenic	11269	IGH
igh_932959	932959	IGHV3-66	intergenic	intergenic	2427	IGH
igh_892958	892958	IGHV4-59	intergenic	intergenic	4832	IGH
igh_895671	895671	IGHV4-61	intergenic	intergenic	3819	IGH
igh_896023	896023	IGHV4-61	intergenic	intergenic	3467	IGH
igh_897220	897220	IGHV4-61	intergenic	intergenic	2270	IGH
igh_898263	898263	IGHV4-61	intergenic	intergenic	1227	IGH
igh_898314	898314	IGHV4-61	intergenic	intergenic	1176	IGH
igh_898547	898547	IGHV4-61	intergenic	intergenic	943	IGH
igh_898556	898556	IGHV4-61	intergenic	intergenic	934	IGH
igh_91639	91639	IGHV6-1	intergenic	intergenic	11887	IGH
igh_975649	975649	IGHV1-69	intergenic	intergenic	60	IGH
igh_143463	143463	IGHV1-3	intergenic	intergenic	1093	IGH
igh_144067	144067	IGHV1-3	intergenic	intergenic	489	IGH
igh_144246	144246	IGHV1-3	intergenic	intergenic	310	IGH
igh_939153	939153	IGHV3-66	intergenic	intergenic	3198	IGH
igh_939265	939265	IGHV3-66	intergenic	intergenic	3310	IGH
igh_939307	939307	IGHV3-66	intergenic	intergenic	3352	IGH
igh_975010	975010	IGHV1-69	intergenic	intergenic	43	IGH
igh_1027466	1027466	IGHV2-70	intergenic	intergenic	3482	IGH
igh_1029022	1029022	IGHV2-70	intergenic	intergenic	1926	IGH
igh_1030163	1030163	IGHV2-70	intergenic	intergenic	785	IGH
igh_1033161	1033161	IGHV2-70	intergenic	intergenic	1714	IGH
igh_1033322	1033322	IGHV2-70	intergenic	intergenic	1875	IGH
igh_1033446	1033446	IGHV2-70	intergenic	intergenic	1999	IGH
igh_1034746	1034746	IGHV2-70	intergenic	intergenic	3299	IGH
igh_306444	306444	IGHV3-16	intergenic	intergenic	1213	IGH
igh_924472	924472	IGHV3-64	intergenic	intergenic	5804	IGH
igh_148475	148475	IGHV4-4	intergenic	intergenic	2908	IGH
igh_941684	941684	IGHV3-66	intergenic	intergenic	5729	IGH
igh_944217	944217	IGHV3-66	intergenic	intergenic	8262	IGH
igh_954696	954696	IGHV3-66	intergenic	intergenic	18741	IGH
igh_956350	956350	IGHV1-69	intergenic	intergenic	18703	IGH
igh_956514	956514	IGHV1-69	intergenic	intergenic	18539	IGH
igh_148229	148229	IGHV1-3	intergenic	intergenic	3152	IGH
igh_707511	707511	IGHV3-43	intergenic	intergenic	23123	IGH
igh_861552	861552	IGHV3-53	intergenic	intergenic	7945	IGH
igh_861553	861553	IGHV3-53	intergenic	intergenic	7946	IGH
igh_861749	861749	IGHV3-53	intergenic	intergenic	8142	IGH
igh_1032206	1032206	IGHV2-70	intergenic	intergenic	759	IGH
igh_904674	904674	IGHV3-62	intergenic	intergenic	628	IGH
igh_904962	904962	IGHV3-62	intergenic	intergenic	916	IGH
igh_904983	904983	IGHV3-62	intergenic	intergenic	937	IGH
igh_905509	905509	IGHV3-62	intergenic	intergenic	1463	IGH
igh_905683	905683	IGHV3-62	intergenic	intergenic	1637	IGH
igh_906795	906795	IGHV3-62	intergenic	intergenic	2749	IGH
igh_908678	908678	IGHV3-62	intergenic	intergenic	4632	IGH
igh_1174720	1174720	IGHV3-9	intergenic	intergenic	687	IGH
igh_1175437	1175437	IGHV3-9	intergenic	intergenic	1404	IGH
igh_1189033	1189033	IGHV3-9	intergenic	intergenic	15000	IGH
igh_921348	921348	IGHV3-64	intergenic	intergenic	2680	IGH
igh_382647	382647	IGHV3-21	intergenic	intergenic	7552	IGH
igh_154741	154741	IGHV4-4	intergenic	intergenic	2848	IGH
igh_154982	154982	IGHV4-4	intergenic	intergenic	3089	IGH
igh_155027	155027	IGHV4-4	intergenic	intergenic	3134	IGH
igh_156792	156792	IGHV4-4	intergenic	intergenic	4899	IGH
igh_157590	157590	IGHV4-4	intergenic	intergenic	5697	IGH
igh_169270	169270	IGHV7-4-1	intergenic	intergenic	4134	IGH
igh_935366	935366	IGHV3-66	intergenic	intergenic	20	IGH
igh_28447	28447	IGHD2-21	intergenic	intergenic	340	IGH
igh_922523	922523	IGHV3-64	intergenic	intergenic	3855	IGH
igh_971210	971210	IGHV1-69	intergenic	intergenic	3843	IGH
igh_975847	975847	IGHV1-69	intergenic	intergenic	258	IGH
igh_975902	975902	IGHV1-69	intergenic	intergenic	313	IGH
igh_967109	967109	IGHV1-69	intergenic	intergenic	7944	IGH
igh_968282	968282	IGHV1-69	intergenic	intergenic	6771	IGH
igh_968290	968290	IGHV1-69	intergenic	intergenic	6763	IGH
igh_951636	951636	IGHV3-66	intergenic	intergenic	15681	IGH
igh_928895	928895	IGHV3-66	intergenic	intergenic	6491	IGH
igh_353513	353513	IGHV3-20	intergenic	intergenic	2541	IGH
igh_52662	52662	IGHD4-4	intergenic	intergenic	32	IGH
igh_942440	942440	IGHV3-66	intergenic	intergenic	6485	IGH
igh_943896	943896	IGHV3-66	intergenic	intergenic	7941	IGH
igh_944262	944262	IGHV3-66	intergenic	intergenic	8307	IGH
igh_946733	946733	IGHV3-66	intergenic	intergenic	10778	IGH
igh_948472	948472	IGHV3-66	intergenic	intergenic	12517	IGH
igh_949378	949378	IGHV3-66	intergenic	intergenic	13423	IGH
igh_366315	366315	IGHV3-21	intergenic	intergenic	8208	IGH
igh_1036593	1036593	IGHV2-70	intergenic	intergenic	5146	IGH
igh_1037059	1037059	IGHV2-70	intergenic	intergenic	5612	IGH
igh_1037244	1037244	IGHV2-70	intergenic	intergenic	5797	IGH
igh_1037420	1037420	IGHV2-70	intergenic	intergenic	5973	IGH
igh_1037565	1037565	IGHV2-70	intergenic	intergenic	6118	IGH
igh_1037674	1037674	IGHV2-70	intergenic	intergenic	6227	IGH
igh_1037854	1037854	IGHV2-70	intergenic	intergenic	6407	IGH
igh_1038034	1038034	IGHV2-70	intergenic	intergenic	6587	IGH
igh_1038119	1038119	IGHV2-70	intergenic	intergenic	6672	IGH
igh_1038121	1038121	IGHV2-70	intergenic	intergenic	6674	IGH
igh_1038144	1038144	IGHV2-70	intergenic	intergenic	6697	IGH
igh_1038289	1038289	IGHV2-70	intergenic	intergenic	6842	IGH
igh_1038380	1038380	IGHV2-70	intergenic	intergenic	6933	IGH
igh_1038395	1038395	IGHV2-70	intergenic	intergenic	6948	IGH
igh_1038641	1038641	IGHV2-70	intergenic	intergenic	7194	IGH
igh_1038796	1038796	IGHV2-70	intergenic	intergenic	7349	IGH
igh_1038838	1038838	IGHV2-70	intergenic	intergenic	7391	IGH
igh_1039113	1039113	IGHV2-70	intergenic	intergenic	7666	IGH
igh_1039484	1039484	IGHV2-70	intergenic	intergenic	8037	IGH
igh_1039574	1039574	IGHV2-70	intergenic	intergenic	8127	IGH
igh_1039645	1039645	IGHV2-70	intergenic	intergenic	8198	IGH
igh_1039717	1039717	IGHV2-70	intergenic	intergenic	8270	IGH
igh_1039796	1039796	IGHV2-70	intergenic	intergenic	8349	IGH
igh_1040043	1040043	IGHV2-70	intergenic	intergenic	8596	IGH
igh_1040557	1040557	IGHV2-70	intergenic	intergenic	9110	IGH
igh_1040887	1040887	IGHV2-70	intergenic	intergenic	9440	IGH
igh_1041080	1041080	IGHV2-70	intergenic	intergenic	9633	IGH
igh_1041190	1041190	IGHV2-70	intergenic	intergenic	9743	IGH
igh_1041394	1041394	IGHV3-72	intergenic	intergenic	9669	IGH
igh_1041543	1041543	IGHV3-72	intergenic	intergenic	9520	IGH
igh_1041738	1041738	IGHV3-72	intergenic	intergenic	9325	IGH
igh_1041774	1041774	IGHV3-72	intergenic	intergenic	9289	IGH
igh_1042133	1042133	IGHV3-72	intergenic	intergenic	8930	IGH
igh_1042294	1042294	IGHV3-72	intergenic	intergenic	8769	IGH
igh_1042353	1042353	IGHV3-72	intergenic	intergenic	8710	IGH
igh_1043291	1043291	IGHV3-72	intergenic	intergenic	7772	IGH
igh_1043371	1043371	IGHV3-72	intergenic	intergenic	7692	IGH
igh_1043378	1043378	IGHV3-72	intergenic	intergenic	7685	IGH
igh_1043785	1043785	IGHV3-72	intergenic	intergenic	7278	IGH
igh_1045788	1045788	IGHV3-72	intergenic	intergenic	5275	IGH
igh_1046508	1046508	IGHV3-72	intergenic	intergenic	4555	IGH
igh_971240	971240	IGHV1-69	intergenic	intergenic	3813	IGH
igh_971249	971249	IGHV1-69	intergenic	intergenic	3804	IGH
igh_1027214	1027214	IGHV2-70	intergenic	intergenic	3734	IGH
igh_24212	24212	IGHD4-23	intergenic	intergenic	130	IGH
igh_839050	839050	IGHV5-51	intergenic	intergenic	63	IGH
igh_366009	366009	IGHV3-21	intergenic	intergenic	8514	IGH
igh_322050	322050	IGHV1-18	intergenic	intergenic	2310	IGH
igh_169549	169549	IGHV7-4-1	intergenic	intergenic	4413	IGH
igh_369805	369805	IGHV3-21	intergenic	intergenic	4718	IGH
igh_151060	151060	IGHV4-4	intergenic	intergenic	323	IGH
igh_38153	38153	IGHD2-15	intergenic	intergenic	637	IGH
igh_352465	352465	IGHV3-20	intergenic	intergenic	1493	IGH
igh_1038085	1038085	IGHV2-70	intergenic	intergenic	6638	IGH
igh_361185	361185	IGHV3-20	intergenic	intergenic	10213	IGH
igh_361665	361665	IGHV3-20	intergenic	intergenic	10693	IGH
igh_366342	366342	IGHV3-21	intergenic	intergenic	8181	IGH
igh_366470	366470	IGHV3-21	intergenic	intergenic	8053	IGH
igh_1136683	1136683	IGHV7-81	intergenic	intergenic	1201	IGH
igh_290055	290055	IGHV3-15	intergenic	intergenic	3028	IGH
igh_139297	139297	IGHV1-3	intergenic	intergenic	5259	IGH
igh_139304	139304	IGHV1-3	intergenic	intergenic	5252	IGH
igh_139563	139563	IGHV1-3	intergenic	intergenic	4993	IGH
igh_141213	141213	IGHV1-3	intergenic	intergenic	3343	IGH
igh_1036529	1036529	IGHV2-70	intergenic	intergenic	5082	IGH
igh_1040353	1040353	IGHV2-70	intergenic	intergenic	8906	IGH
igh_1040986	1040986	IGHV2-70	intergenic	intergenic	9539	IGH
igh_1050891	1050891	IGHV3-72	intergenic	intergenic	172	IGH
igh_1056054	1056054	IGHV3-72	intergenic	intergenic	4417	IGH
igh_1056387	1056387	IGHV3-72	intergenic	intergenic	4750	IGH
igh_1058448	1058448	IGHV3-73	intergenic	intergenic	4615	IGH
igh_1058632	1058632	IGHV3-73	intergenic	intergenic	4431	IGH
igh_1060133	1060133	IGHV3-73	intergenic	intergenic	2930	IGH
igh_1061502	1061502	IGHV3-73	intergenic	intergenic	1561	IGH
igh_854325_1	854325	IGHV3-53	intergenic	intergenic	718	IGH
igh_827887	827887	IGHV3-49	intergenic	intergenic	10001	IGH
igh_1043342	1043342	IGHV3-72	intergenic	intergenic	7721	IGH
igh_815283	815283	IGHV3-49	intergenic	intergenic	2024	IGH
igh_137883	137883	IGHV1-3	intergenic	intergenic	6673	IGH
igh_138044	138044	IGHV1-3	intergenic	intergenic	6512	IGH
igh_933853	933853	IGHV3-66	intergenic	intergenic	1533	IGH
igh_1001647	1001647	IGHV1-69-2	intergenic	intergenic	3633	IGH
igh_1175566	1175566	IGHV3-9	intergenic	intergenic	1533	IGH
igh_1043315	1043315	IGHV3-72	intergenic	intergenic	7748	IGH
igh_253919	253919	IGHV3-11	intergenic	intergenic	2177	IGH
igh_254523	254523	IGHV3-11	intergenic	intergenic	1573	IGH
igh_814536	814536	IGHV3-49	intergenic	intergenic	2771	IGH
igh_273281	273281	IGHV3-13	intergenic	intergenic	3708	IGH
igh_1048041	1048041	IGHV3-72	intergenic	intergenic	3022	IGH
igh_148064	148064	IGHV1-3	intergenic	intergenic	2987	IGH
igh_135288	135288	IGHV1-2	intergenic	intergenic	8707	IGH
igh_135542	135542	IGHV1-2	intergenic	intergenic	8961	IGH
igh_135882	135882	IGHV1-3	intergenic	intergenic	8674	IGH
igh_136033	136033	IGHV1-3	intergenic	intergenic	8523	IGH
igh_972973	972973	IGHV1-69	intergenic	intergenic	2080	IGH
igh_973003	973003	IGHV1-69	intergenic	intergenic	2050	IGH
igh_973025	973025	IGHV1-69	intergenic	intergenic	2028	IGH
igh_973054	973054	IGHV1-69	intergenic	intergenic	1999	IGH
igh_973091	973091	IGHV1-69	intergenic	intergenic	1962	IGH
igh_973727	973727	IGHV1-69	intergenic	intergenic	1326	IGH
igh_973728	973728	IGHV1-69	intergenic	intergenic	1325	IGH
igh_975812	975812	IGHV1-69	intergenic	intergenic	223	IGH
igh_170188	170188	IGHV7-4-1	intergenic	intergenic	5052	IGH
igh_140060	140060	IGHV1-3	intergenic	intergenic	4496	IGH
igh_140081	140081	IGHV1-3	intergenic	intergenic	4475	IGH
igh_855461	855461	IGHV3-53	intergenic	intergenic	1854	IGH
igh_1075416	1075416	IGHV3-74	intergenic	intergenic	4044	IGH
igh_134448	134448	IGHV1-2	intergenic	intergenic	7867	IGH
igh_136019	136019	IGHV1-3	intergenic	intergenic	8537	IGH
igh_265184	265184	IGHV3-13	intergenic	intergenic	3817	IGH
igh_266758	266758	IGHV3-13	intergenic	intergenic	2243	IGH
igh_13996	13996	IGHD1-26	intergenic	intergenic	6510	IGH
igh_313275	313275	IGHV3-16	intergenic	intergenic	8044	IGH
igh_1028775	1028775	IGHV2-70	intergenic	intergenic	2173	IGH
igh_139846	139846	IGHV1-3	intergenic	intergenic	4710	IGH
igh_140230	140230	IGHV1-3	intergenic	intergenic	4326	IGH
igh_140275	140275	IGHV1-3	intergenic	intergenic	4281	IGH
igh_806019	806019	IGHV3-48	intergenic	intergenic	7271	IGH
igh_837610	837610	IGHV5-51	intergenic	intergenic	1503	IGH
igh_1032937	1032937	IGHV2-70	intergenic	intergenic	1490	IGH
igh_1136391	1136391	IGHV7-81	intergenic	intergenic	909	IGH
igh_50248	50248	IGHD6-6	intergenic	intergenic	292	IGH
igh_131730	131730	IGHV1-2	intergenic	intergenic	5149	IGH
igh_971194	971194	IGHV1-69	intergenic	intergenic	3859	IGH
igh_812606	812606	IGHV3-49	intergenic	intergenic	4701	IGH
igh_867256	867256	IGHV3-53	intergenic	intergenic	13649	IGH
igh_286047	286047	IGHV3-15	intergenic	intergenic	7036	IGH
igh_1176833	1176833	IGHV3-9	intergenic	intergenic	2800	IGH
igh_27736	27736	IGHD2-21	intergenic	intergenic	287	IGH
igh_27796	27796	IGHD2-21	intergenic	intergenic	227	IGH
igh_30617	30617	IGHD1-20	intergenic	intergenic	46	IGH
igh_171255	171255	IGHV2-5	intergenic	intergenic	6108	IGH
igh_216197	216197	IGHV3-64D	intergenic	intergenic	11386	IGH
igh_216198	216198	IGHV3-64D	intergenic	intergenic	11385	IGH
igh_216221	216221	IGHV3-64D	intergenic	intergenic	11362	IGH
igh_216280	216280	IGHV3-64D	intergenic	intergenic	11303	IGH
igh_216317	216317	IGHV3-64D	intergenic	intergenic	11266	IGH
igh_988516	988516	IGHV2-70D	intergenic	intergenic	4072	IGH
igh_1158321	1158321	IGHV1-8	intergenic	intergenic	1941	IGH
igh_1158753	1158753	IGHV1-8	intergenic	intergenic	1509	IGH
igh_1158907	1158907	IGHV1-8	intergenic	intergenic	1355	IGH
igh_989683	989683	IGHV2-70D	intergenic	intergenic	5239	IGH
igh_990330	990330	IGHV2-70D	intergenic	intergenic	5886	IGH
igh_990343	990343	IGHV2-70D	intergenic	intergenic	5899	IGH
igh_154763	154763	IGHV4-4	intergenic	intergenic	2870	IGH
igh_156624	156624	IGHV4-4	intergenic	intergenic	4731	IGH
igh_157407	157407	IGHV4-4	intergenic	intergenic	5514	IGH
igh_157811	157811	IGHV4-4	intergenic	intergenic	5918	IGH
igh_1046703	1046703	IGHV3-72	intergenic	intergenic	4360	IGH
igh_1018730	1018730	IGHV1-69D	intergenic	intergenic	3733	IGH
igh_28519	28519	IGHD2-21	intergenic	intergenic	412	IGH
igh_928637	928637	IGHV3-66	intergenic	intergenic	6749	IGH
igh_929114	929114	IGHV3-66	intergenic	intergenic	6272	IGH
igh_929609	929609	IGHV3-66	intergenic	intergenic	5777	IGH
igh_968449	968449	IGHV1-69	intergenic	intergenic	6604	IGH
igh_968972	968972	IGHV1-69	intergenic	intergenic	6081	IGH
igh_1034155	1034155	IGHV2-70	intergenic	intergenic	2708	IGH
igh_1034358	1034358	IGHV2-70	intergenic	intergenic	2911	IGH
igh_1034889	1034889	IGHV2-70	intergenic	intergenic	3442	IGH
igh_60813	60813	IGHD1-1	intergenic	intergenic	1766	IGH
igh_1043544	1043544	IGHV3-72	intergenic	intergenic	7519	IGH
igh_962306	962306	IGHV1-69	intergenic	intergenic	12747	IGH
igh_129821	129821	IGHV1-2	intergenic	intergenic	3240	IGH
igh_942610	942610	IGHV3-66	intergenic	intergenic	6655	IGH
igh_952691	952691	IGHV3-66	intergenic	intergenic	16736	IGH
igh_202771	202771	IGHV3-7	intergenic	intergenic	590	IGH
igh_664846	664846	IGHV3-38-3	intergenic	intergenic	6774	IGH
igh_664900	664900	IGHV3-38-3	intergenic	intergenic	6828	IGH
igh_664941	664941	IGHV3-38-3	intergenic	intergenic	6869	IGH
igh_665010	665010	IGHV3-38-3	intergenic	intergenic	6938	IGH
igh_665012	665012	IGHV3-38-3	intergenic	intergenic	6940	IGH
igh_665019	665019	IGHV3-38-3	intergenic	intergenic	6947	IGH
igh_665068	665068	IGHV3-38-3	intergenic	intergenic	6996	IGH
igh_665097	665097	IGHV3-38-3	intergenic	intergenic	7025	IGH
igh_665099	665099	IGHV3-38-3	intergenic	intergenic	7027	IGH
igh_665115	665115	IGHV3-38-3	intergenic	intergenic	7043	IGH
igh_1060012	1060012	IGHV3-73	intergenic	intergenic	3051	IGH
igh_924818	924818	IGHV3-64	intergenic	intergenic	6150	IGH
igh_852073	852073	IGHV3-53	intergenic	intergenic	974	IGH
igh_380512	380512	IGHV3-21	intergenic	intergenic	5417	IGH
igh_387076	387076	IGHV3-21	intergenic	intergenic	11981	IGH
igh_388839	388839	IGHV3-21	intergenic	intergenic	13744	IGH
igh_939985	939985	IGHV3-66	intergenic	intergenic	4030	IGH
igh_941267	941267	IGHV3-66	intergenic	intergenic	5312	IGH
igh_941731	941731	IGHV3-66	intergenic	intergenic	5776	IGH
igh_486667	486667	IGHV3-30	intergenic	intergenic	712	IGH
igh_1035974	1035974	IGHV2-70	intergenic	intergenic	4527	IGH
igh_739154	739154	IGHV3-43	intergenic	intergenic	7943	IGH
igh_1136843	1136843	IGHV7-81	intergenic	intergenic	1361	IGH
igh_819008	819008	IGHV3-49	intergenic	intergenic	1122	IGH
igh_821495	821495	IGHV3-49	intergenic	intergenic	3609	IGH
igh_821958	821958	IGHV3-49	intergenic	intergenic	4072	IGH
igh_302325	302325	IGHV3-16	intergenic	intergenic	2339	IGH
igh_966915	966915	IGHV1-69	intergenic	intergenic	8138	IGH
igh_917060	917060	IGHV3-64	intergenic	intergenic	1034	IGH
igh_917424	917424	IGHV3-64	intergenic	intergenic	670	IGH
igh_920484	920484	IGHV3-64	intergenic	intergenic	1816	IGH
igh_922562	922562	IGHV3-64	intergenic	intergenic	3894	IGH
igh_926002	926002	IGHV3-64	intergenic	intergenic	7334	IGH
igh_926175	926175	IGHV3-64	intergenic	intergenic	7507	IGH
igh_946560	946560	IGHV3-66	intergenic	intergenic	10605	IGH
igh_824271	824271	IGHV3-49	intergenic	intergenic	6385	IGH
igh_279928	279928	IGHV3-13	intergenic	intergenic	10355	IGH
igh_964719	964719	IGHV1-69	intergenic	intergenic	10334	IGH
igh_486479	486479	IGHV3-30	intergenic	intergenic	524	IGH
igh_877226	877226	IGHV1-58	intergenic	intergenic	5502	IGH
igh_972249	972249	IGHV1-69	intergenic	intergenic	2804	IGH
igh_972657	972657	IGHV1-69	intergenic	intergenic	2396	IGH
igh_973047	973047	IGHV1-69	intergenic	intergenic	2006	IGH
igh_973061	973061	IGHV1-69	intergenic	intergenic	1992	IGH
igh_973378	973378	IGHV1-69	intergenic	intergenic	1675	IGH
igh_1164709	1164709	IGHV1-8	intergenic	intergenic	3915	IGH
igh_1028381	1028381	IGHV2-70	intergenic	intergenic	2567	IGH
igh_171186	171186	IGHV7-4-1	intergenic	intergenic	6050	IGH
igh_171189	171189	IGHV7-4-1	intergenic	intergenic	6053	IGH
igh_995585	995585	IGHV1-69-2	intergenic	intergenic	1896	IGH
igh_269948	269948	IGHV3-13	intergenic	intergenic	375	IGH
igh_972800	972800	IGHV1-69	intergenic	intergenic	2253	IGH
igh_972808	972808	IGHV1-69	intergenic	intergenic	2245	IGH
igh_972946	972946	IGHV1-69	intergenic	intergenic	2107	IGH
igh_973006	973006	IGHV1-69	intergenic	intergenic	2047	IGH
igh_973046	973046	IGHV1-69	intergenic	intergenic	2007	IGH
igh_973049	973049	IGHV1-69	intergenic	intergenic	2004	IGH
igh_973101	973101	IGHV1-69	intergenic	intergenic	1952	IGH
igh_973722	973722	IGHV1-69	intergenic	intergenic	1331	IGH
igh_974177	974177	IGHV1-69	intergenic	intergenic	876	IGH
igh_974855	974855	IGHV1-69	intergenic	intergenic	198	IGH
igh_377451	377451	IGHV3-21	intergenic	intergenic	2356	IGH
igh_849110	849110	IGHV3-53	intergenic	intergenic	3937	IGH
igh_422365	422365	IGHV3-23D	intergenic	intergenic	2886	IGH
igh_1011196	1011196	IGHV1-69D	intergenic	intergenic	11267	IGH
igh_946720	946720	IGHV3-66	intergenic	intergenic	10765	IGH
igh_947184	947184	IGHV3-66	intergenic	intergenic	11229	IGH
igh_949666	949666	IGHV3-66	intergenic	intergenic	13711	IGH
igh_1053476	1053476	IGHV3-72	intergenic	intergenic	1839	IGH
igh_990386	990386	IGHV2-70D	intergenic	intergenic	5942	IGH
igh_423078	423078	IGHV3-23D	intergenic	intergenic	3599	IGH
igh_423314	423314	IGHV1-24	intergenic	intergenic	3535	IGH
igh_423904	423904	IGHV1-24	intergenic	intergenic	2945	IGH
igh_424482	424482	IGHV1-24	intergenic	intergenic	2367	IGH
igh_424540	424540	IGHV1-24	intergenic	intergenic	2309	IGH
igh_424581	424581	IGHV1-24	intergenic	intergenic	2268	IGH
igh_424585	424585	IGHV1-24	intergenic	intergenic	2264	IGH
igh_424636	424636	IGHV1-24	intergenic	intergenic	2213	IGH
igh_424650	424650	IGHV1-24	intergenic	intergenic	2199	IGH
igh_424977	424977	IGHV1-24	intergenic	intergenic	1872	IGH
igh_424994	424994	IGHV1-24	intergenic	intergenic	1855	IGH
igh_425101	425101	IGHV1-24	intergenic	intergenic	1748	IGH
igh_425223	425223	IGHV1-24	intergenic	intergenic	1626	IGH
igh_308861	308861	IGHV3-16	intergenic	intergenic	3630	IGH
igh_941806	941806	IGHV3-66	intergenic	intergenic	5851	IGH
igh_960375	960375	IGHV1-69	intergenic	intergenic	14678	IGH
igh_1074209	1074209	IGHV3-74	intergenic	intergenic	2837	IGH
igh_861241	861241	IGHV3-53	intergenic	intergenic	7634	IGH
igh_1117706	1117706	IGHV7-81	intergenic	intergenic	17246	IGH
igh_128417	128417	IGHV1-2	intergenic	intergenic	1836	IGH
igh_424471	424471	IGHV1-24	intergenic	intergenic	2378	IGH
igh_309166	309166	IGHV3-16	intergenic	intergenic	3935	IGH
igh_606708	606708	IGHV3-38	intergenic	intergenic	3017	IGH
igh_562789	562789	IGHV3-33	intergenic	intergenic	3193	IGH
igh_562963	562963	IGHV3-33	intergenic	intergenic	3367	IGH
igh_563007	563007	IGHV3-33	intergenic	intergenic	3411	IGH
igh_971724	971724	IGHV1-69	intergenic	intergenic	3329	IGH
igh_971820	971820	IGHV1-69	intergenic	intergenic	3233	IGH
igh_972095	972095	IGHV1-69	intergenic	intergenic	2958	IGH
igh_973801	973801	IGHV1-69	intergenic	intergenic	1252	IGH
igh_974411	974411	IGHV1-69	intergenic	intergenic	642	IGH
igh_967137	967137	IGHV1-69	intergenic	intergenic	7916	IGH
igh_969782	969782	IGHV1-69	intergenic	intergenic	5271	IGH
igh_897105	897105	IGHV4-61	intergenic	intergenic	2385	IGH
igh_897107	897107	IGHV4-61	intergenic	intergenic	2383	IGH
igh_897110	897110	IGHV4-61	intergenic	intergenic	2380	IGH
igh_897111	897111	IGHV4-61	intergenic	intergenic	2379	IGH
igh_897112	897112	IGHV4-61	intergenic	intergenic	2378	IGH
igh_897113	897113	IGHV4-61	intergenic	intergenic	2377	IGH
igh_897114	897114	IGHV4-61	intergenic	intergenic	2376	IGH
igh_897115	897115	IGHV4-61	intergenic	intergenic	2375	IGH
igh_960009	960009	IGHV1-69	intergenic	intergenic	15044	IGH
igh_1028927	1028927	IGHV2-70	intergenic	intergenic	2021	IGH
igh_878599	878599	IGHV1-58	intergenic	intergenic	4129	IGH
igh_858883	858883	IGHV3-53	intergenic	intergenic	5276	IGH
igh_859269	859269	IGHV3-53	intergenic	intergenic	5662	IGH
igh_859287	859287	IGHV3-53	intergenic	intergenic	5680	IGH
igh_859713	859713	IGHV3-53	intergenic	intergenic	6106	IGH
igh_860098	860098	IGHV3-53	intergenic	intergenic	6491	IGH
igh_860476	860476	IGHV3-53	intergenic	intergenic	6869	IGH
igh_615067	615067	IGHV3-38	intergenic	intergenic	4769	IGH
igh_616838	616838	IGHV4-38-2	intergenic	intergenic	4093	IGH
igh_170895	170895	IGHV7-4-1	intergenic	intergenic	5759	IGH
igh_50586	50586	IGHD6-6	intergenic	intergenic	630	IGH
igh_196097	196097	IGHV3-7	intergenic	intergenic	5513	IGH
igh_196107	196107	IGHV3-7	intergenic	intergenic	5503	IGH
igh_196499	196499	IGHV3-7	intergenic	intergenic	5111	IGH
igh_196782	196782	IGHV3-7	intergenic	intergenic	4828	IGH
igh_196813	196813	IGHV3-7	intergenic	intergenic	4797	IGH
igh_196925	196925	IGHV3-7	intergenic	intergenic	4685	IGH
igh_49291	49291	IGHD1-7	intergenic	intergenic	88	IGH
igh_139625	139625	IGHV1-3	intergenic	intergenic	4931	IGH
igh_423256	423256	IGHV1-24	intergenic	intergenic	3593	IGH
igh_828974	828974	IGHV5-51	intergenic	intergenic	10139	IGH
igh_303534	303534	IGHV3-16	intergenic	intergenic	1130	IGH
igh_739785	739785	IGHV3-43	intergenic	intergenic	8574	IGH
igh_915556	915556	IGHV3-64	intergenic	intergenic	2538	IGH
igh_205832	205832	IGHV3-7	intergenic	intergenic	3651	IGH
igh_759163	759163	IGHV1-45	intergenic	intergenic	8204	IGH
igh_24266	24266	IGHD4-23	intergenic	intergenic	76	IGH
igh_24339	24339	IGHD4-23	intergenic	intergenic	3	IGH
igh_1039585	1039585	IGHV2-70	intergenic	intergenic	8138	IGH
igh_1041534	1041534	IGHV3-72	intergenic	intergenic	9529	IGH
igh_1041542	1041542	IGHV3-72	intergenic	intergenic	9521	IGH
igh_1041594	1041594	IGHV3-72	intergenic	intergenic	9469	IGH
igh_1041667	1041667	IGHV3-72	intergenic	intergenic	9396	IGH
igh_1041775	1041775	IGHV3-72	intergenic	intergenic	9288	IGH
igh_1042870	1042870	IGHV3-72	intergenic	intergenic	8193	IGH
igh_1043524	1043524	IGHV3-72	intergenic	intergenic	7539	IGH
igh_1044402	1044402	IGHV3-72	intergenic	intergenic	6661	IGH
igh_1054318	1054318	IGHV3-72	intergenic	intergenic	2681	IGH
igh_258382	258382	IGHV3-11	intergenic	intergenic	1717	IGH
igh_1028407	1028407	IGHV2-70	intergenic	intergenic	2541	IGH
igh_1041249	1041249	IGHV2-70	intergenic	intergenic	9802	IGH
igh_1118856	1118856	IGHV7-81	intergenic	intergenic	16096	IGH
igh_1121298	1121298	IGHV7-81	intergenic	intergenic	13654	IGH
igh_1121308	1121308	IGHV7-81	intergenic	intergenic	13644	IGH
igh_1123370	1123370	IGHV7-81	intergenic	intergenic	11582	IGH
igh_1124673	1124673	IGHV7-81	intergenic	intergenic	10279	IGH
igh_1124811	1124811	IGHV7-81	intergenic	intergenic	10141	IGH
igh_1125676	1125676	IGHV7-81	intergenic	intergenic	9276	IGH
igh_1127115	1127115	IGHV7-81	intergenic	intergenic	7837	IGH
igh_1129465	1129465	IGHV7-81	intergenic	intergenic	5487	IGH
igh_1130688	1130688	IGHV7-81	intergenic	intergenic	4264	IGH
igh_1131471	1131471	IGHV7-81	intergenic	intergenic	3481	IGH
igh_1131675	1131675	IGHV7-81	intergenic	intergenic	3277	IGH
igh_873575	873575	IGHV1-58	intergenic	intergenic	9153	IGH
igh_167475	167475	IGHV7-4-1	intergenic	intergenic	2339	IGH
igh_1043346	1043346	IGHV3-72	intergenic	intergenic	7717	IGH
igh_965229	965229	IGHV1-69	intergenic	intergenic	9824	IGH
igh_712530	712530	IGHV3-43	intergenic	intergenic	18104	IGH
igh_821618	821618	IGHV3-49	intergenic	intergenic	3732	IGH
igh_196685	196685	IGHV3-7	intergenic	intergenic	4925	IGH
igh_135485	135485	IGHV1-2	intergenic	intergenic	8904	IGH
igh_135827	135827	IGHV1-3	intergenic	intergenic	8729	IGH
igh_861308	861308	IGHV3-53	intergenic	intergenic	7701	IGH
igh_861769	861769	IGHV3-53	intergenic	intergenic	8162	IGH
igh_861772	861772	IGHV3-53	intergenic	intergenic	8165	IGH
igh_664203	664203	IGHV3-38-3	intergenic	intergenic	6131	IGH
igh_664205	664205	IGHV3-38-3	intergenic	intergenic	6133	IGH
igh_664208	664208	IGHV3-38-3	intergenic	intergenic	6136	IGH
igh_1001235	1001235	IGHV1-69-2	intergenic	intergenic	3221	IGH
igh_1002106	1002106	IGHV1-69-2	intergenic	intergenic	4092	IGH
igh_1003070	1003070	IGHV1-69-2	intergenic	intergenic	5056	IGH
igh_1004481	1004481	IGHV1-69-2	intergenic	intergenic	6467	IGH
igh_1005436	1005436	IGHV1-69-2	intergenic	intergenic	7422	IGH
igh_1009503	1009503	IGHV1-69-2	intergenic	intergenic	11489	IGH
igh_1009855	1009855	IGHV1-69-2	intergenic	intergenic	11841	IGH
igh_1011176	1011176	IGHV1-69D	intergenic	intergenic	11287	IGH
igh_1012112	1012112	IGHV1-69D	intergenic	intergenic	10351	IGH
igh_1012238	1012238	IGHV1-69D	intergenic	intergenic	10225	IGH
igh_1012239	1012239	IGHV1-69D	intergenic	intergenic	10224	IGH
igh_1012252	1012252	IGHV1-69D	intergenic	intergenic	10211	IGH
igh_1012305	1012305	IGHV1-69D	intergenic	intergenic	10158	IGH
igh_953626	953626	IGHV3-66	intergenic	intergenic	17671	IGH
igh_963414	963414	IGHV1-69	intergenic	intergenic	11639	IGH
igh_206906	206906	IGHV3-7	intergenic	intergenic	4725	IGH
igh_642137	642137	IGHV3-43D	intergenic	intergenic	5291	IGH
igh_926085	926085	IGHV3-64	intergenic	intergenic	7417	IGH
igh_494239	494239	IGHV4-30-2	intergenic	intergenic	5347	IGH
igh_297729	297729	IGHV3-15	intergenic	intergenic	4065	IGH
igh_1036530	1036530	IGHV2-70	intergenic	intergenic	5083	IGH
igh_1037109	1037109	IGHV2-70	intergenic	intergenic	5662	IGH
igh_1037169	1037169	IGHV2-70	intergenic	intergenic	5722	IGH
igh_1038227	1038227	IGHV2-70	intergenic	intergenic	6780	IGH
igh_1038398	1038398	IGHV2-70	intergenic	intergenic	6951	IGH
igh_1038408	1038408	IGHV2-70	intergenic	intergenic	6961	IGH
igh_1038427	1038427	IGHV2-70	intergenic	intergenic	6980	IGH
igh_1038531	1038531	IGHV2-70	intergenic	intergenic	7084	IGH
igh_1038546	1038546	IGHV2-70	intergenic	intergenic	7099	IGH
igh_1038945	1038945	IGHV2-70	intergenic	intergenic	7498	IGH
igh_1039218	1039218	IGHV2-70	intergenic	intergenic	7771	IGH
igh_1039221	1039221	IGHV2-70	intergenic	intergenic	7774	IGH
igh_1039277	1039277	IGHV2-70	intergenic	intergenic	7830	IGH
igh_1040023	1040023	IGHV2-70	intergenic	intergenic	8576	IGH
igh_1042630	1042630	IGHV3-72	intergenic	intergenic	8433	IGH
igh_1042728	1042728	IGHV3-72	intergenic	intergenic	8335	IGH
igh_1042748	1042748	IGHV3-72	intergenic	intergenic	8315	IGH
igh_1042934	1042934	IGHV3-72	intergenic	intergenic	8129	IGH
igh_1043410	1043410	IGHV3-72	intergenic	intergenic	7653	IGH
igh_1045737	1045737	IGHV3-72	intergenic	intergenic	5326	IGH
igh_926367	926367	IGHV3-64	intergenic	intergenic	7699	IGH
igh_746831	746831	IGHV3-43	intergenic	intergenic	15620	IGH
igh_971185	971185	IGHV1-69	intergenic	intergenic	3868	IGH
igh_27996	27996	IGHD2-21	intergenic	intergenic	27	IGH
igh_1002801	1002801	IGHV1-69-2	intergenic	intergenic	4787	IGH
igh_285029	285029	IGHV3-15	intergenic	intergenic	8054	IGH
igh_285222	285222	IGHV3-15	intergenic	intergenic	7861	IGH
igh_285300	285300	IGHV3-15	intergenic	intergenic	7783	IGH
igh_134791	134791	IGHV1-2	intergenic	intergenic	8210	IGH
igh_134797	134797	IGHV1-2	intergenic	intergenic	8216	IGH
igh_1041109	1041109	IGHV2-70	intergenic	intergenic	9662	IGH
igh_310325	310325	IGHV3-16	intergenic	intergenic	5094	IGH
igh_1032868	1032868	IGHV2-70	intergenic	intergenic	1421	IGH
igh_266387	266387	IGHV3-13	intergenic	intergenic	2614	IGH
igh_962807	962807	IGHV1-69	intergenic	intergenic	12246	IGH
igh_1166312	1166312	IGHV1-8	intergenic	intergenic	5518	IGH
igh_722842	722842	IGHV3-43	intergenic	intergenic	7792	IGH
igh_971635	971635	IGHV1-69	intergenic	intergenic	3418	IGH
igh_20438	20438	IGHD1-26	intergenic	intergenic	68	IGH
igh_422469	422469	IGHV3-23D	intergenic	intergenic	2990	IGH
igh_423608	423608	IGHV1-24	intergenic	intergenic	3241	IGH
igh_1189292	1189292	IGHV3-9	intergenic	intergenic	15259	IGH
igh_976409	976409	IGHV1-69	intergenic	intergenic	820	IGH
igh_976446	976446	IGHV1-69	intergenic	intergenic	857	IGH
igh_664366	664366	IGHV3-38-3	intergenic	intergenic	6294	IGH
igh_664378	664378	IGHV3-38-3	intergenic	intergenic	6306	IGH
igh_664397	664397	IGHV3-38-3	intergenic	intergenic	6325	IGH
igh_664401	664401	IGHV3-38-3	intergenic	intergenic	6329	IGH
igh_664420	664420	IGHV3-38-3	intergenic	intergenic	6348	IGH
igh_664449	664449	IGHV3-38-3	intergenic	intergenic	6377	IGH
igh_664491	664491	IGHV3-38-3	intergenic	intergenic	6419	IGH
igh_664515	664515	IGHV3-38-3	intergenic	intergenic	6443	IGH
igh_664524	664524	IGHV3-38-3	intergenic	intergenic	6452	IGH
igh_664556	664556	IGHV3-38-3	intergenic	intergenic	6484	IGH
igh_664576	664576	IGHV3-38-3	intergenic	intergenic	6504	IGH
igh_664640	664640	IGHV3-38-3	intergenic	intergenic	6568	IGH
igh_664649	664649	IGHV3-38-3	intergenic	intergenic	6577	IGH
igh_899362	899362	IGHV4-61	intergenic	intergenic	128	IGH
igh_131945	131945	IGHV1-2	intergenic	intergenic	5364	IGH
igh_1096072	1096072	IGHV3-74	intergenic	intergenic	24700	IGH
igh_900553	900553	IGHV4-61	intergenic	intergenic	551	IGH
igh_1164291	1164291	IGHV1-8	intergenic	intergenic	3497	IGH
igh_152455	152455	IGHV4-4	intergenic	intergenic	562	IGH
igh_43570	43570	IGHD3-10	intergenic	intergenic	399	IGH
igh_965672	965672	IGHV1-69	intergenic	intergenic	9381	IGH
igh_970988	970988	IGHV1-69	intergenic	intergenic	4065	IGH
igh_362925	362925	IGHV3-21	intergenic	intergenic	11598	IGH
igh_115668	115668	IGHV1-2	intergenic	intergenic	10375	IGH
igh_115970	115970	IGHV1-2	intergenic	intergenic	10073	IGH
igh_115971	115971	IGHV1-2	intergenic	intergenic	10072	IGH
igh_117316	117316	IGHV1-2	intergenic	intergenic	8727	IGH
igh_117563	117563	IGHV1-2	intergenic	intergenic	8480	IGH
igh_124330	124330	IGHV1-2	intergenic	intergenic	1713	IGH
igh_124576	124576	IGHV1-2	intergenic	intergenic	1467	IGH
igh_124794	124794	IGHV1-2	intergenic	intergenic	1249	IGH
igh_953433	953433	IGHV3-66	intergenic	intergenic	17478	IGH
igh_973048	973048	IGHV1-69	intergenic	intergenic	2005	IGH
igh_973205	973205	IGHV1-69	intergenic	intergenic	1848	IGH
igh_973215	973215	IGHV1-69	intergenic	intergenic	1838	IGH
igh_973216	973216	IGHV1-69	intergenic	intergenic	1837	IGH
igh_973297	973297	IGHV1-69	intergenic	intergenic	1756	IGH
igh_854990	854990	IGHV3-53	intergenic	intergenic	1383	IGH
igh_855089	855089	IGHV3-53	intergenic	intergenic	1482	IGH
igh_855090	855090	IGHV3-53	intergenic	intergenic	1483	IGH
igh_855270	855270	IGHV3-53	intergenic	intergenic	1663	IGH
igh_855804	855804	IGHV3-53	intergenic	intergenic	2197	IGH
igh_855828	855828	IGHV3-53	intergenic	intergenic	2221	IGH
igh_856093	856093	IGHV3-53	intergenic	intergenic	2486	IGH
igh_856192	856192	IGHV3-53	intergenic	intergenic	2585	IGH
igh_856197	856197	IGHV3-53	intergenic	intergenic	2590	IGH
igh_856306	856306	IGHV3-53	intergenic	intergenic	2699	IGH
igh_856309	856309	IGHV3-53	intergenic	intergenic	2702	IGH
igh_856651	856651	IGHV3-53	intergenic	intergenic	3044	IGH
igh_856703	856703	IGHV3-53	intergenic	intergenic	3096	IGH
igh_856759	856759	IGHV3-53	intergenic	intergenic	3152	IGH
igh_856774	856774	IGHV3-53	intergenic	intergenic	3167	IGH
igh_857188	857188	IGHV3-53	intergenic	intergenic	3581	IGH
igh_857511	857511	IGHV3-53	intergenic	intergenic	3904	IGH
igh_857516	857516	IGHV3-53	intergenic	intergenic	3909	IGH
igh_858052	858052	IGHV3-53	intergenic	intergenic	4445	IGH
igh_858217	858217	IGHV3-53	intergenic	intergenic	4610	IGH
igh_858283	858283	IGHV3-53	intergenic	intergenic	4676	IGH
igh_899407	899407	IGHV4-61	intergenic	intergenic	83	IGH
igh_859082	859082	IGHV3-53	intergenic	intergenic	5475	IGH
igh_860211	860211	IGHV3-53	intergenic	intergenic	6604	IGH
igh_860454	860454	IGHV3-53	intergenic	intergenic	6847	IGH
igh_860578	860578	IGHV3-53	intergenic	intergenic	6971	IGH
igh_851140	851140	IGHV3-53	intergenic	intergenic	1907	IGH
igh_966838	966838	IGHV1-69	intergenic	intergenic	8215	IGH
igh_966844	966844	IGHV1-69	intergenic	intergenic	8209	IGH
igh_966897	966897	IGHV1-69	intergenic	intergenic	8156	IGH
igh_421211	421211	IGHV3-23D	intergenic	intergenic	1732	IGH
igh_813911	813911	IGHV3-49	intergenic	intergenic	3396	IGH
igh_10967	10967	IGHD7-27	intergenic	intergenic	5877	IGH
igh_11109	11109	IGHD7-27	intergenic	intergenic	6019	IGH
igh_1051047	1051047	IGHV3-72	intergenic	intergenic	16	IGH
igh_603575	603575	IGHV3-38	intergenic	intergenic	6150	IGH
igh_605936	605936	IGHV3-38	intergenic	intergenic	3789	IGH
igh_617620	617620	IGHV4-38-2	intergenic	intergenic	3311	IGH
igh_308849	308849	IGHV3-16	intergenic	intergenic	3618	IGH
igh_206876	206876	IGHV3-7	intergenic	intergenic	4695	IGH
igh_869734	869734	IGHV1-58	intergenic	intergenic	12994	IGH
igh_1026970	1026970	IGHV1-69D	intergenic	intergenic	3971	IGH
igh_312805	312805	IGHV3-16	intergenic	intergenic	7574	IGH
igh_314364	314364	IGHV3-16	intergenic	intergenic	9133	IGH
igh_1005920	1005920	IGHV1-69-2	intergenic	intergenic	7906	IGH
igh_153283	153283	IGHV4-4	intergenic	intergenic	1390	IGH
igh_153378	153378	IGHV4-4	intergenic	intergenic	1485	IGH
igh_157129	157129	IGHV4-4	intergenic	intergenic	5236	IGH
igh_1134090	1134090	IGHV7-81	intergenic	intergenic	862	IGH
igh_964461	964461	IGHV1-69	intergenic	intergenic	10592	IGH
igh_964463	964463	IGHV1-69	intergenic	intergenic	10590	IGH
igh_964520	964520	IGHV1-69	intergenic	intergenic	10533	IGH
igh_964554	964554	IGHV1-69	intergenic	intergenic	10499	IGH
igh_497441	497441	IGHV4-30-2	intergenic	intergenic	2145	IGH
igh_990905	990905	IGHV2-70D	intergenic	intergenic	6461	IGH
igh_993520	993520	IGHV1-69-2	intergenic	intergenic	3961	IGH
igh_993564	993564	IGHV1-69-2	intergenic	intergenic	3917	IGH
igh_993573	993573	IGHV1-69-2	intergenic	intergenic	3908	IGH
igh_993581	993581	IGHV1-69-2	intergenic	intergenic	3900	IGH
igh_994025	994025	IGHV1-69-2	intergenic	intergenic	3456	IGH
igh_994029	994029	IGHV1-69-2	intergenic	intergenic	3452	IGH
igh_994069	994069	IGHV1-69-2	intergenic	intergenic	3412	IGH
igh_994692	994692	IGHV1-69-2	intergenic	intergenic	2789	IGH
igh_998353	998353	IGHV1-69-2	intergenic	intergenic	339	IGH
igh_992796	992796	IGHV1-69-2	intergenic	intergenic	4685	IGH
igh_995603	995603	IGHV1-69-2	intergenic	intergenic	1878	IGH
igh_995672	995672	IGHV1-69-2	intergenic	intergenic	1809	IGH
igh_995911	995911	IGHV1-69-2	intergenic	intergenic	1570	IGH
igh_999647	999647	IGHV1-69-2	intergenic	intergenic	1633	IGH
igh_860428	860428	IGHV3-53	intergenic	intergenic	6821	IGH
igh_1001471	1001471	IGHV1-69-2	intergenic	intergenic	3457	IGH
igh_1002526	1002526	IGHV1-69-2	intergenic	intergenic	4512	IGH
igh_992251	992251	IGHV1-69-2	intergenic	intergenic	5230	IGH
igh_930713	930713	IGHV3-66	intergenic	intergenic	4673	IGH
igh_930714	930714	IGHV3-66	intergenic	intergenic	4672	IGH
igh_931176	931176	IGHV3-66	intergenic	intergenic	4210	IGH
igh_936970	936970	IGHV3-66	intergenic	intergenic	1015	IGH
igh_941242	941242	IGHV3-66	intergenic	intergenic	5287	IGH
igh_890541	890541	IGHV4-59	intergenic	intergenic	2415	IGH
igh_800128	800128	IGHV3-48	intergenic	intergenic	1380	IGH
igh_127337	127337	IGHV1-2	intergenic	intergenic	756	IGH
igh_740727	740727	IGHV3-43	intergenic	intergenic	9516	IGH
igh_1066018	1066018	IGHV3-73	intergenic	intergenic	2374	IGH
igh_805698	805698	IGHV3-48	intergenic	intergenic	6950	IGH
igh_494581	494581	IGHV4-30-2	intergenic	intergenic	5005	IGH
igh_1024444	1024444	IGHV1-69D	intergenic	intergenic	1445	IGH
igh_798130	798130	IGHV3-48	intergenic	intergenic	51	IGH
igh_970683	970683	IGHV1-69	intergenic	intergenic	4370	IGH
igh_146723	146723	IGHV1-3	intergenic	intergenic	1646	IGH
igh_976121	976121	IGHV1-69	intergenic	intergenic	532	IGH
igh_481153	481153	IGHV3-30	intergenic	intergenic	4230	IGH
igh_482847	482847	IGHV3-30	intergenic	intergenic	2536	IGH
igh_783280	783280	IGHV1-46	intergenic	intergenic	11259	IGH
igh_785105	785105	IGHV3-48	intergenic	intergenic	13076	IGH
igh_785126	785126	IGHV3-48	intergenic	intergenic	13055	IGH
igh_787305	787305	IGHV3-48	intergenic	intergenic	10876	IGH
igh_793240	793240	IGHV3-48	intergenic	intergenic	4941	IGH
igh_794533	794533	IGHV3-48	intergenic	intergenic	3648	IGH
igh_799540	799540	IGHV3-48	intergenic	intergenic	792	IGH
igh_167903	167903	IGHV7-4-1	intergenic	intergenic	2767	IGH
igh_937825	937825	IGHV3-66	intergenic	intergenic	1870	IGH
igh_2578	2578	IGHJ6	intergenic	intergenic	120	IGH
igh_799859	799859	IGHV3-48	intergenic	intergenic	1111	IGH
igh_1036853	1036853	IGHV2-70	intergenic	intergenic	5406	IGH
igh_1036859	1036859	IGHV2-70	intergenic	intergenic	5412	IGH
igh_1037135	1037135	IGHV2-70	intergenic	intergenic	5688	IGH
igh_1037905	1037905	IGHV2-70	intergenic	intergenic	6458	IGH
igh_1037921	1037921	IGHV2-70	intergenic	intergenic	6474	IGH
igh_1038950	1038950	IGHV2-70	intergenic	intergenic	7503	IGH
igh_1039107	1039107	IGHV2-70	intergenic	intergenic	7660	IGH
igh_1039195	1039195	IGHV2-70	intergenic	intergenic	7748	IGH
igh_1039223	1039223	IGHV2-70	intergenic	intergenic	7776	IGH
igh_1039597	1039597	IGHV2-70	intergenic	intergenic	8150	IGH
igh_1042396	1042396	IGHV3-72	intergenic	intergenic	8667	IGH
igh_1042742	1042742	IGHV3-72	intergenic	intergenic	8321	IGH
igh_1042970	1042970	IGHV3-72	intergenic	intergenic	8093	IGH
igh_1043825	1043825	IGHV3-72	intergenic	intergenic	7238	IGH
igh_1044104	1044104	IGHV3-72	intergenic	intergenic	6959	IGH
igh_1044560	1044560	IGHV3-72	intergenic	intergenic	6503	IGH
igh_1045550	1045550	IGHV3-72	intergenic	intergenic	5513	IGH
igh_1181205	1181205	IGHV3-9	intergenic	intergenic	7172	IGH
igh_744410	744410	IGHV3-43	intergenic	intergenic	13199	IGH
igh_963024	963024	IGHV1-69	intergenic	intergenic	12029	IGH
igh_973203	973203	IGHV1-69	intergenic	intergenic	1850	IGH
igh_615055	615055	IGHV3-38	intergenic	intergenic	4757	IGH
igh_973884	973884	IGHV1-69	intergenic	intergenic	1169	IGH
igh_974079	974079	IGHV1-69	intergenic	intergenic	974	IGH
igh_974734	974734	IGHV1-69	intergenic	intergenic	319	IGH
igh_480544	480544	IGHV3-30	intergenic	intergenic	4839	IGH
igh_1004281	1004281	IGHV1-69-2	intergenic	intergenic	6267	IGH
igh_1026557	1026557	IGHV1-69D	intergenic	intergenic	3558	IGH
igh_1026591	1026591	IGHV1-69D	intergenic	intergenic	3592	IGH
igh_1026924	1026924	IGHV1-69D	intergenic	intergenic	3925	IGH
igh_1026926	1026926	IGHV1-69D	intergenic	intergenic	3927	IGH
igh_1026966	1026966	IGHV1-69D	intergenic	intergenic	3967	IGH
igh_1026974	1026974	IGHV2-70	intergenic	intergenic	3974	IGH
igh_1026977	1026977	IGHV2-70	intergenic	intergenic	3971	IGH
igh_1026988	1026988	IGHV2-70	intergenic	intergenic	3960	IGH
igh_1029283	1029283	IGHV2-70	intergenic	intergenic	1665	IGH
igh_1029432	1029432	IGHV2-70	intergenic	intergenic	1516	IGH
igh_1029538	1029538	IGHV2-70	intergenic	intergenic	1410	IGH
igh_1029559	1029559	IGHV2-70	intergenic	intergenic	1389	IGH
igh_1029946	1029946	IGHV2-70	intergenic	intergenic	1002	IGH
igh_1029988	1029988	IGHV2-70	intergenic	intergenic	960	IGH
igh_1030077	1030077	IGHV2-70	intergenic	intergenic	871	IGH
igh_1030210	1030210	IGHV2-70	intergenic	intergenic	738	IGH
igh_1030381	1030381	IGHV2-70	intergenic	intergenic	567	IGH
igh_1030423	1030423	IGHV2-70	intergenic	intergenic	525	IGH
igh_1030517	1030517	IGHV2-70	intergenic	intergenic	431	IGH
igh_1030782	1030782	IGHV2-70	intergenic	intergenic	166	IGH
igh_1032898	1032898	IGHV2-70	intergenic	intergenic	1451	IGH
igh_1033370	1033370	IGHV2-70	intergenic	intergenic	1923	IGH
igh_1033549	1033549	IGHV2-70	intergenic	intergenic	2102	IGH
igh_1033666	1033666	IGHV2-70	intergenic	intergenic	2219	IGH
igh_1034831	1034831	IGHV2-70	intergenic	intergenic	3384	IGH
igh_1035592	1035592	IGHV2-70	intergenic	intergenic	4145	IGH
igh_827993	827993	IGHV3-49	intergenic	intergenic	10107	IGH
igh_484534	484534	IGHV3-30	intergenic	intergenic	849	IGH
igh_1025675	1025675	IGHV1-69D	intergenic	intergenic	2676	IGH
igh_927834	927834	IGHV3-66	intergenic	intergenic	7552	IGH
igh_844847	844847	IGHV8-51-1	intergenic	intergenic	295	IGH
igh_845287	845287	IGHV8-51-1	intergenic	intergenic	735	IGH
igh_953226	953226	IGHV3-66	intergenic	intergenic	17271	IGH
igh_953234	953234	IGHV3-66	intergenic	intergenic	17279	IGH
igh_825409	825409	IGHV3-49	intergenic	intergenic	7523	IGH
igh_966890	966890	IGHV1-69	intergenic	intergenic	8163	IGH
igh_971305	971305	IGHV1-69	intergenic	intergenic	3748	IGH
igh_149725	149725	IGHV4-4	intergenic	intergenic	1658	IGH
igh_956014	956014	IGHV1-69	intergenic	intergenic	19039	IGH
igh_964734	964734	IGHV1-69	intergenic	intergenic	10319	IGH
igh_664138	664138	IGHV3-38-3	intergenic	intergenic	6066	IGH
igh_664139	664139	IGHV3-38-3	intergenic	intergenic	6067	IGH
igh_664153	664153	IGHV3-38-3	intergenic	intergenic	6081	IGH
igh_1081569	1081569	IGHV3-74	intergenic	intergenic	10197	IGH
igh_856873	856873	IGHV3-53	intergenic	intergenic	3266	IGH
igh_857150	857150	IGHV3-53	intergenic	intergenic	3543	IGH
igh_857554	857554	IGHV3-53	intergenic	intergenic	3947	IGH
igh_858640	858640	IGHV3-53	intergenic	intergenic	5033	IGH
igh_794777	794777	IGHV3-48	intergenic	intergenic	3404	IGH
igh_1011670	1011670	IGHV1-69D	intergenic	intergenic	10793	IGH
igh_711558	711558	IGHV3-43	intergenic	intergenic	19076	IGH
igh_953199	953199	IGHV3-66	intergenic	intergenic	17244	IGH
igh_953613	953613	IGHV3-66	intergenic	intergenic	17658	IGH
igh_954985	954985	IGHV3-66	intergenic	intergenic	19030	IGH
igh_954989	954989	IGHV3-66	intergenic	intergenic	19034	IGH
igh_957787	957787	IGHV1-69	intergenic	intergenic	17266	IGH
igh_957887	957887	IGHV1-69	intergenic	intergenic	17166	IGH
igh_9407	9407	IGHD7-27	intergenic	intergenic	4317	IGH
igh_189072	189072	IGHV2-5	intergenic	intergenic	11210	IGH
igh_1032035	1032035	IGHV2-70	intergenic	intergenic	588	IGH
igh_346050	346050	IGHV3-20	intergenic	intergenic	4347	IGH
igh_1173396	1173396	IGHV3-9	intergenic	intergenic	73	IGH
igh_198099	198099	IGHV3-7	intergenic	intergenic	3511	IGH
igh_171235	171235	IGHV7-4-1	intergenic	intergenic	6099	IGH
igh_809667	809667	IGHV3-49	intergenic	intergenic	7640	IGH
igh_309989	309989	IGHV3-16	intergenic	intergenic	4758	IGH
igh_1064460	1064460	IGHV3-73	intergenic	intergenic	816	IGH
igh_1158269	1158269	IGHV1-8	intergenic	intergenic	1993	IGH
igh_1160229	1160229	IGHV1-8	intergenic	intergenic	33	IGH
igh_1160234	1160234	IGHV1-8	intergenic	intergenic	28	IGH
igh_1160807	1160807	IGHV1-8	intergenic	intergenic	13	IGH
igh_1160809	1160809	IGHV1-8	intergenic	intergenic	15	IGH
igh_1160810	1160810	IGHV1-8	intergenic	intergenic	16	IGH
igh_1160811	1160811	IGHV1-8	intergenic	intergenic	17	IGH
igh_953140	953140	IGHV3-66	intergenic	intergenic	17185	IGH
igh_797954	797954	IGHV3-48	intergenic	intergenic	227	IGH
igh_423982	423982	IGHV1-24	intergenic	intergenic	2867	IGH
igh_423983	423983	IGHV1-24	intergenic	intergenic	2866	IGH
igh_438557	438557	IGHV3-25	intergenic	intergenic	772	IGH
igh_964755	964755	IGHV1-69	intergenic	intergenic	10298	IGH
igh_671086	671086	IGHV1-38-4	intergenic	intergenic	4422	IGH
igh_962719	962719	IGHV1-69	intergenic	intergenic	12334	IGH
igh_146901	146901	IGHV1-3	intergenic	intergenic	1824	IGH
igh_860409	860409	IGHV3-53	intergenic	intergenic	6802	IGH
igh_970832	970832	IGHV1-69	intergenic	intergenic	4221	IGH
igh_959168	959168	IGHV1-69	intergenic	intergenic	15885	IGH
igh_678926	678926	IGHV1-38-4	intergenic	intergenic	2886	IGH
igh_678943	678943	IGHV1-38-4	intergenic	intergenic	2903	IGH
igh_678979	678979	IGHV1-38-4	intergenic	intergenic	2939	IGH
igh_678988	678988	IGHV1-38-4	intergenic	intergenic	2948	IGH
igh_679042	679042	IGHV1-38-4	intergenic	intergenic	3002	IGH
igh_679125	679125	IGHV4-39	intergenic	intergenic	2955	IGH
igh_679277	679277	IGHV4-39	intergenic	intergenic	2803	IGH
igh_679318	679318	IGHV4-39	intergenic	intergenic	2762	IGH
igh_170968	170968	IGHV7-4-1	intergenic	intergenic	5832	IGH
igh_170970	170970	IGHV7-4-1	intergenic	intergenic	5834	IGH
igh_170971	170971	IGHV7-4-1	intergenic	intergenic	5835	IGH
igh_118340	118340	IGHV1-2	intergenic	intergenic	7703	IGH
igh_6370	6370	IGHD7-27	intergenic	intergenic	1280	IGH
igh_1044476	1044476	IGHV3-72	intergenic	intergenic	6587	IGH
igh_860850	860850	IGHV3-53	intergenic	intergenic	7243	IGH
igh_860857	860857	IGHV3-53	intergenic	intergenic	7250	IGH
igh_861322	861322	IGHV3-53	intergenic	intergenic	7715	IGH
igh_861588	861588	IGHV3-53	intergenic	intergenic	7981	IGH
igh_861643	861643	IGHV3-53	intergenic	intergenic	8036	IGH
igh_862267	862267	IGHV3-53	intergenic	intergenic	8660	IGH
igh_862878	862878	IGHV3-53	intergenic	intergenic	9271	IGH
igh_864597	864597	IGHV3-53	intergenic	intergenic	10990	IGH
igh_866184	866184	IGHV3-53	intergenic	intergenic	12577	IGH
igh_870997	870997	IGHV1-58	intergenic	intergenic	11731	IGH
igh_1170189	1170189	IGHV3-9	intergenic	intergenic	3280	IGH
igh_1043352	1043352	IGHV3-72	intergenic	intergenic	7711	IGH
igh_163742	163742	IGHV7-4-1	intergenic	intergenic	864	IGH
igh_910819	910819	IGHV3-62	intergenic	intergenic	6773	IGH
igh_911181	911181	IGHV3-64	intergenic	intergenic	6913	IGH
igh_959607	959607	IGHV1-69	intergenic	intergenic	15446	IGH
igh_959613	959613	IGHV1-69	intergenic	intergenic	15440	IGH
igh_959620	959620	IGHV1-69	intergenic	intergenic	15433	IGH
igh_959644	959644	IGHV1-69	intergenic	intergenic	15409	IGH
igh_959648	959648	IGHV1-69	intergenic	intergenic	15405	IGH
igh_959663	959663	IGHV1-69	intergenic	intergenic	15390	IGH
igh_959667	959667	IGHV1-69	intergenic	intergenic	15386	IGH
igh_959694	959694	IGHV1-69	intergenic	intergenic	15359	IGH
igh_959834	959834	IGHV1-69	intergenic	intergenic	15219	IGH
igh_1153275	1153275	IGHV1-8	intergenic	intergenic	6987	IGH
igh_1154808	1154808	IGHV1-8	intergenic	intergenic	5454	IGH
igh_1155467	1155467	IGHV1-8	intergenic	intergenic	4795	IGH
igh_966572	966572	IGHV1-69	intergenic	intergenic	8481	IGH
igh_966412	966412	IGHV1-69	intergenic	intergenic	8641	IGH
igh_486830	486830	IGHV3-30	intergenic	intergenic	875	IGH
igh_192278	192278	IGHV3-7	intergenic	intergenic	9332	IGH
igh_958240	958240	IGHV1-69	intergenic	intergenic	16813	IGH
igh_122171	122171	IGHV1-2	intergenic	intergenic	3872	IGH
igh_494836	494836	IGHV4-30-2	intergenic	intergenic	4750	IGH
igh_313023	313023	IGHV3-16	intergenic	intergenic	7792	IGH
igh_314547	314547	IGHV3-16	intergenic	intergenic	9316	IGH
igh_1003268	1003268	IGHV1-69-2	intergenic	intergenic	5254	IGH
igh_898529	898529	IGHV4-61	intergenic	intergenic	961	IGH
igh_780072	780072	IGHV1-46	intergenic	intergenic	8051	IGH
igh_805869	805869	IGHV3-48	intergenic	intergenic	7121	IGH
igh_999704	999704	IGHV1-69-2	intergenic	intergenic	1690	IGH
igh_683343	683343	IGHV4-39	intergenic	intergenic	751	IGH
igh_665634	665634	IGHV3-38-3	intergenic	intergenic	7562	IGH
igh_665650	665650	IGHV3-38-3	intergenic	intergenic	7578	IGH
igh_665738	665738	IGHV3-38-3	intergenic	intergenic	7666	IGH
igh_665788	665788	IGHV3-38-3	intergenic	intergenic	7716	IGH
igh_665801	665801	IGHV3-38-3	intergenic	intergenic	7729	IGH
igh_667716	667716	IGHV1-38-4	intergenic	intergenic	7792	IGH
igh_669464	669464	IGHV1-38-4	intergenic	intergenic	6044	IGH
igh_669496	669496	IGHV1-38-4	intergenic	intergenic	6012	IGH
igh_242700	242700	IGHV5-10-1	intergenic	intergenic	4735	IGH
igh_678969	678969	IGHV1-38-4	intergenic	intergenic	2929	IGH
igh_778135	778135	IGHV1-46	intergenic	intergenic	6114	IGH
igh_755211	755211	IGHV1-45	intergenic	intergenic	12156	IGH
igh_424616	424616	IGHV1-24	intergenic	intergenic	2233	IGH
igh_424824	424824	IGHV1-24	intergenic	intergenic	2025	IGH
igh_280755	280755	IGHV3-13	intergenic	intergenic	11182	IGH
igh_703517	703517	IGHV4-39	intergenic	intergenic	20925	IGH
igh_707340	707340	IGHV3-43	intergenic	intergenic	23294	IGH
igh_707543	707543	IGHV3-43	intergenic	intergenic	23091	IGH
igh_707729	707729	IGHV3-43	intergenic	intergenic	22905	IGH
igh_707763	707763	IGHV3-43	intergenic	intergenic	22871	IGH
igh_707789	707789	IGHV3-43	intergenic	intergenic	22845	IGH
igh_707811	707811	IGHV3-43	intergenic	intergenic	22823	IGH
igh_707845	707845	IGHV3-43	intergenic	intergenic	22789	IGH
igh_708085	708085	IGHV3-43	intergenic	intergenic	22549	IGH
igh_708281	708281	IGHV3-43	intergenic	intergenic	22353	IGH
igh_708336	708336	IGHV3-43	intergenic	intergenic	22298	IGH
igh_708601	708601	IGHV3-43	intergenic	intergenic	22033	IGH
igh_708820	708820	IGHV3-43	intergenic	intergenic	21814	IGH
igh_708990	708990	IGHV3-43	intergenic	intergenic	21644	IGH
igh_709116	709116	IGHV3-43	intergenic	intergenic	21518	IGH
igh_709126	709126	IGHV3-43	intergenic	intergenic	21508	IGH
igh_713006	713006	IGHV3-43	intergenic	intergenic	17628	IGH
igh_713041	713041	IGHV3-43	intergenic	intergenic	17593	IGH
igh_713163	713163	IGHV3-43	intergenic	intergenic	17471	IGH
igh_967201	967201	IGHV1-69	intergenic	intergenic	7852	IGH
igh_967239	967239	IGHV1-69	intergenic	intergenic	7814	IGH
igh_967846	967846	IGHV1-69	intergenic	intergenic	7207	IGH
igh_968254	968254	IGHV1-69	intergenic	intergenic	6799	IGH
igh_968354	968354	IGHV1-69	intergenic	intergenic	6699	IGH
igh_968355	968355	IGHV1-69	intergenic	intergenic	6698	IGH
igh_969048	969048	IGHV1-69	intergenic	intergenic	6005	IGH
igh_969050	969050	IGHV1-69	intergenic	intergenic	6003	IGH
igh_969158	969158	IGHV1-69	intergenic	intergenic	5895	IGH
igh_1002421	1002421	IGHV1-69-2	intergenic	intergenic	4407	IGH
igh_1026437	1026437	IGHV1-69D	intergenic	intergenic	3438	IGH
igh_325062	325062	IGHV1-18	intergenic	intergenic	172	IGH
igh_328897	328897	IGHV1-18	intergenic	intergenic	4007	IGH
igh_329740	329740	IGHV1-18	intergenic	intergenic	4850	IGH
igh_334891	334891	IGHV1-18	intergenic	intergenic	10001	IGH
igh_335268	335268	IGHV1-18	intergenic	intergenic	10378	IGH
igh_339202	339202	IGHV3-20	intergenic	intergenic	11195	IGH
igh_348892	348892	IGHV3-20	intergenic	intergenic	1505	IGH
igh_349430	349430	IGHV3-20	intergenic	intergenic	967	IGH
igh_352117	352117	IGHV3-20	intergenic	intergenic	1145	IGH
igh_352735	352735	IGHV3-20	intergenic	intergenic	1763	IGH
igh_353510	353510	IGHV3-20	intergenic	intergenic	2538	IGH
igh_1165944	1165944	IGHV1-8	intergenic	intergenic	5150	IGH
igh_280046	280046	IGHV3-13	intergenic	intergenic	10473	IGH
igh_280721	280721	IGHV3-13	intergenic	intergenic	11148	IGH
igh_905363	905363	IGHV3-62	intergenic	intergenic	1317	IGH
igh_970685	970685	IGHV1-69	intergenic	intergenic	4368	IGH
igh_745352	745352	IGHV3-43	intergenic	intergenic	14141	IGH
igh_749252	749252	IGHV3-43	intergenic	intergenic	18041	IGH
igh_751349	751349	IGHV1-45	intergenic	intergenic	16018	IGH
igh_752115	752115	IGHV1-45	intergenic	intergenic	15252	IGH
igh_752522	752522	IGHV1-45	intergenic	intergenic	14845	IGH
igh_752956	752956	IGHV1-45	intergenic	intergenic	14411	IGH
igh_759636	759636	IGHV1-45	intergenic	intergenic	7731	IGH
igh_761920	761920	IGHV1-45	intergenic	intergenic	5447	IGH
igh_763823	763823	IGHV1-45	intergenic	intergenic	3544	IGH
igh_1068481	1068481	IGHV3-74	intergenic	intergenic	2330	IGH
igh_1070416	1070416	IGHV3-74	intergenic	intergenic	395	IGH
igh_1069537	1069537	IGHV3-74	intergenic	intergenic	1274	IGH
igh_487278	487278	IGHV3-30	intergenic	intergenic	1323	IGH
igh_999531	999531	IGHV1-69-2	intergenic	intergenic	1517	IGH
igh_999643	999643	IGHV1-69-2	intergenic	intergenic	1629	IGH
igh_933582	933582	IGHV3-66	intergenic	intergenic	1804	IGH
igh_936699	936699	IGHV3-66	intergenic	intergenic	744	IGH
igh_1018457	1018457	IGHV1-69D	intergenic	intergenic	4006	IGH
igh_118593	118593	IGHV1-2	intergenic	intergenic	7450	IGH
igh_665307	665307	IGHV3-38-3	intergenic	intergenic	7235	IGH
igh_665312	665312	IGHV3-38-3	intergenic	intergenic	7240	IGH
igh_665338	665338	IGHV3-38-3	intergenic	intergenic	7266	IGH
igh_665355	665355	IGHV3-38-3	intergenic	intergenic	7283	IGH
igh_665358	665358	IGHV3-38-3	intergenic	intergenic	7286	IGH
igh_665411	665411	IGHV3-38-3	intergenic	intergenic	7339	IGH
igh_665444	665444	IGHV3-38-3	intergenic	intergenic	7372	IGH
igh_665548	665548	IGHV3-38-3	intergenic	intergenic	7476	IGH
igh_665608	665608	IGHV3-38-3	intergenic	intergenic	7536	IGH
igh_665620	665620	IGHV3-38-3	intergenic	intergenic	7548	IGH
igh_1043646	1043646	IGHV3-72	intergenic	intergenic	7417	IGH
igh_743531	743531	IGHV3-43	intergenic	intergenic	12320	IGH
igh_572523	572523	IGHV4-34	intergenic	intergenic	371	IGH
igh_723030	723030	IGHV3-43	intergenic	intergenic	7604	IGH
igh_723585	723585	IGHV3-43	intergenic	intergenic	7049	IGH
igh_723684	723684	IGHV3-43	intergenic	intergenic	6950	IGH
igh_725200	725200	IGHV3-43	intergenic	intergenic	5434	IGH
igh_726198	726198	IGHV3-43	intergenic	intergenic	4436	IGH
igh_727093	727093	IGHV3-43	intergenic	intergenic	3541	IGH
igh_729862	729862	IGHV3-43	intergenic	intergenic	772	IGH
igh_729864	729864	IGHV3-43	intergenic	intergenic	770	IGH
igh_730327	730327	IGHV3-43	intergenic	intergenic	307	IGH
igh_730512	730512	IGHV3-43	intergenic	intergenic	122	IGH
igh_730551	730551	IGHV3-43	intergenic	intergenic	83	IGH
igh_731817	731817	IGHV3-43	intergenic	intergenic	606	IGH
igh_731986	731986	IGHV3-43	intergenic	intergenic	775	IGH
igh_739688	739688	IGHV3-43	intergenic	intergenic	8477	IGH
igh_971554	971554	IGHV1-69	intergenic	intergenic	3499	IGH
igh_971559	971559	IGHV1-69	intergenic	intergenic	3494	IGH
igh_907146	907146	IGHV3-62	intergenic	intergenic	3100	IGH
igh_909451	909451	IGHV3-62	intergenic	intergenic	5405	IGH
igh_770796	770796	IGHV1-46	intergenic	intergenic	690	IGH
igh_772824	772824	IGHV1-46	intergenic	intergenic	803	IGH
igh_732935	732935	IGHV3-43	intergenic	intergenic	1724	IGH
igh_733179	733179	IGHV3-43	intergenic	intergenic	1968	IGH
igh_440564	440564	IGHV3-25	intergenic	intergenic	663	IGH
igh_900803	900803	IGHV4-61	intergenic	intergenic	801	IGH
igh_9786	9786	IGHD7-27	intergenic	intergenic	4696	IGH
igh_1012527	1012527	IGHV1-69D	intergenic	intergenic	9936	IGH
igh_965008	965008	IGHV1-69	intergenic	intergenic	10045	IGH
igh_709986	709986	IGHV3-43	intergenic	intergenic	20648	IGH
igh_711688	711688	IGHV3-43	intergenic	intergenic	18946	IGH
igh_712073	712073	IGHV3-43	intergenic	intergenic	18561	IGH
igh_712467	712467	IGHV3-43	intergenic	intergenic	18167	IGH
igh_712496	712496	IGHV3-43	intergenic	intergenic	18138	IGH
igh_712738	712738	IGHV3-43	intergenic	intergenic	17896	IGH
igh_713594	713594	IGHV3-43	intergenic	intergenic	17040	IGH
igh_713747	713747	IGHV3-43	intergenic	intergenic	16887	IGH
igh_714957	714957	IGHV3-43	intergenic	intergenic	15677	IGH
igh_715518	715518	IGHV3-43	intergenic	intergenic	15116	IGH
igh_715780	715780	IGHV3-43	intergenic	intergenic	14854	IGH
igh_715851	715851	IGHV3-43	intergenic	intergenic	14783	IGH
igh_720013	720013	IGHV3-43	intergenic	intergenic	10621	IGH
igh_721588	721588	IGHV3-43	intergenic	intergenic	9046	IGH
igh_758749	758749	IGHV1-45	intergenic	intergenic	8618	IGH
igh_918027	918027	IGHV3-64	intergenic	intergenic	67	IGH
igh_918030	918030	IGHV3-64	intergenic	intergenic	64	IGH
igh_918035	918035	IGHV3-64	intergenic	intergenic	59	IGH
igh_954730	954730	IGHV3-66	intergenic	intergenic	18775	IGH
igh_955638	955638	IGHV1-69	intergenic	intergenic	19415	IGH
igh_1043351	1043351	IGHV3-72	intergenic	intergenic	7712	IGH
igh_890471	890471	IGHV4-59	intergenic	intergenic	2345	IGH
igh_891007	891007	IGHV4-59	intergenic	intergenic	2881	IGH
igh_891798	891798	IGHV4-59	intergenic	intergenic	3672	IGH
igh_891979	891979	IGHV4-59	intergenic	intergenic	3853	IGH
igh_893506	893506	IGHV4-59	intergenic	intergenic	5380	IGH
igh_898142	898142	IGHV4-61	intergenic	intergenic	1348	IGH
igh_898673	898673	IGHV4-61	intergenic	intergenic	817	IGH
igh_901968	901968	IGHV3-62	intergenic	intergenic	1533	IGH
igh_905236	905236	IGHV3-62	intergenic	intergenic	1190	IGH
igh_1027211	1027211	IGHV2-70	intergenic	intergenic	3737	IGH
igh_166775	166775	IGHV7-4-1	intergenic	intergenic	1639	IGH
igh_270300	270300	IGHV3-13	intergenic	intergenic	727	IGH
igh_482694	482694	IGHV3-30	intergenic	intergenic	2689	IGH
igh_1020172	1020172	IGHV1-69D	intergenic	intergenic	2291	IGH
igh_849738	849738	IGHV3-53	intergenic	intergenic	3309	IGH
igh_469512	469512	IGHV4-28	intergenic	intergenic	5045	IGH
igh_310675	310675	IGHV3-16	intergenic	intergenic	5444	IGH
igh_311605	311605	IGHV3-16	intergenic	intergenic	6374	IGH
igh_311642	311642	IGHV3-16	intergenic	intergenic	6411	IGH
igh_311826	311826	IGHV3-16	intergenic	intergenic	6595	IGH
igh_312459	312459	IGHV3-16	intergenic	intergenic	7228	IGH
igh_313375	313375	IGHV3-16	intergenic	intergenic	8144	IGH
igh_670287	670287	IGHV1-38-4	intergenic	intergenic	5221	IGH
igh_268755	268755	IGHV3-13	intergenic	intergenic	246	IGH
igh_901242	901242	IGHV4-61	intergenic	intergenic	1240	IGH
igh_1032200	1032200	IGHV2-70	intergenic	intergenic	753	IGH
igh_999399	999399	IGHV1-69-2	intergenic	intergenic	1385	IGH
igh_999409	999409	IGHV1-69-2	intergenic	intergenic	1395	IGH
igh_999500	999500	IGHV1-69-2	intergenic	intergenic	1486	IGH
igh_1035792	1035792	IGHV2-70	intergenic	intergenic	4345	IGH
igh_1036146	1036146	IGHV2-70	intergenic	intergenic	4699	IGH
igh_1037106	1037106	IGHV2-70	intergenic	intergenic	5659	IGH
igh_1037981	1037981	IGHV2-70	intergenic	intergenic	6534	IGH
igh_1038022	1038022	IGHV2-70	intergenic	intergenic	6575	IGH
igh_1038096	1038096	IGHV2-70	intergenic	intergenic	6649	IGH
igh_1038613	1038613	IGHV2-70	intergenic	intergenic	7166	IGH
igh_1038812	1038812	IGHV2-70	intergenic	intergenic	7365	IGH
igh_1039479	1039479	IGHV2-70	intergenic	intergenic	8032	IGH
igh_1039634	1039634	IGHV2-70	intergenic	intergenic	8187	IGH
igh_1040124	1040124	IGHV2-70	intergenic	intergenic	8677	IGH
igh_1040862	1040862	IGHV2-70	intergenic	intergenic	9415	IGH
igh_1041290	1041290	IGHV3-72	intergenic	intergenic	9773	IGH
igh_1042093	1042093	IGHV3-72	intergenic	intergenic	8970	IGH
igh_1042231	1042231	IGHV3-72	intergenic	intergenic	8832	IGH
igh_1043490	1043490	IGHV3-72	intergenic	intergenic	7573	IGH
igh_1044610	1044610	IGHV3-72	intergenic	intergenic	6453	IGH
igh_1045120	1045120	IGHV3-72	intergenic	intergenic	5943	IGH
igh_733419	733419	IGHV3-43	intergenic	intergenic	2208	IGH
igh_735145	735145	IGHV3-43	intergenic	intergenic	3934	IGH
igh_735943	735943	IGHV3-43	intergenic	intergenic	4732	IGH
igh_737281	737281	IGHV3-43	intergenic	intergenic	6070	IGH
igh_1043350	1043350	IGHV3-72	intergenic	intergenic	7713	IGH
igh_917573	917573	IGHV3-64	intergenic	intergenic	521	IGH
igh_978236	978236	IGHV1-69	intergenic	intergenic	2647	IGH
igh_978292	978292	IGHV1-69	intergenic	intergenic	2703	IGH
igh_982527	982527	IGHV2-70D	intergenic	intergenic	1418	IGH
igh_983050	983050	IGHV2-70D	intergenic	intergenic	895	IGH
igh_959137	959137	IGHV1-69	intergenic	intergenic	15916	IGH
igh_1047501	1047501	IGHV3-72	intergenic	intergenic	3562	IGH
igh_151234	151234	IGHV4-4	intergenic	intergenic	149	IGH
igh_1163921	1163921	IGHV1-8	intergenic	intergenic	3127	IGH
igh_563057	563057	IGHV3-33	intergenic	intergenic	3461	IGH
igh_167066	167066	IGHV7-4-1	intergenic	intergenic	1930	IGH
igh_732939	732939	IGHV3-43	intergenic	intergenic	1728	IGH
igh_805836	805836	IGHV3-48	intergenic	intergenic	7088	IGH
igh_1043332	1043332	IGHV3-72	intergenic	intergenic	7731	IGH
igh_1043336	1043336	IGHV3-72	intergenic	intergenic	7727	IGH
igh_1062593	1062593	IGHV3-73	intergenic	intergenic	470	IGH
igh_749522	749522	IGHV1-45	intergenic	intergenic	17845	IGH
igh_749532	749532	IGHV1-45	intergenic	intergenic	17835	IGH
igh_773832	773832	IGHV1-46	intergenic	intergenic	1811	IGH
igh_912128	912128	IGHV3-64	intergenic	intergenic	5966	IGH
igh_912995	912995	IGHV3-64	intergenic	intergenic	5099	IGH
igh_914089	914089	IGHV3-64	intergenic	intergenic	4005	IGH
igh_914165	914165	IGHV3-64	intergenic	intergenic	3929	IGH
igh_914166	914166	IGHV3-64	intergenic	intergenic	3928	IGH
igh_914783	914783	IGHV3-64	intergenic	intergenic	3311	IGH
igh_1000149	1000149	IGHV1-69-2	intergenic	intergenic	2135	IGH
igh_1001468	1001468	IGHV1-69-2	intergenic	intergenic	3454	IGH
igh_1002004	1002004	IGHV1-69-2	intergenic	intergenic	3990	IGH
igh_1004930	1004930	IGHV1-69-2	intergenic	intergenic	6916	IGH
igh_828395	828395	IGHV3-49	intergenic	intergenic	10509	IGH
igh_159040	159040	IGHV7-4-1	intergenic	intergenic	5566	IGH
igh_159183	159183	IGHV7-4-1	intergenic	intergenic	5423	IGH
igh_159211	159211	IGHV7-4-1	intergenic	intergenic	5395	IGH
igh_159646	159646	IGHV7-4-1	intergenic	intergenic	4960	IGH
igh_159812	159812	IGHV7-4-1	intergenic	intergenic	4794	IGH
igh_159858	159858	IGHV7-4-1	intergenic	intergenic	4748	IGH
igh_160375	160375	IGHV7-4-1	intergenic	intergenic	4231	IGH
igh_160406	160406	IGHV7-4-1	intergenic	intergenic	4200	IGH
igh_160594	160594	IGHV7-4-1	intergenic	intergenic	4012	IGH
igh_161844	161844	IGHV7-4-1	intergenic	intergenic	2762	IGH
igh_161933	161933	IGHV7-4-1	intergenic	intergenic	2673	IGH
igh_161957	161957	IGHV7-4-1	intergenic	intergenic	2649	IGH
igh_162559	162559	IGHV7-4-1	intergenic	intergenic	2047	IGH
igh_162561	162561	IGHV7-4-1	intergenic	intergenic	2045	IGH
igh_162576	162576	IGHV7-4-1	intergenic	intergenic	2030	IGH
igh_164002	164002	IGHV7-4-1	intergenic	intergenic	604	IGH
igh_164008	164008	IGHV7-4-1	intergenic	intergenic	598	IGH
igh_165258	165258	IGHV7-4-1	intergenic	intergenic	122	IGH
igh_422889	422889	IGHV3-23D	intergenic	intergenic	3410	IGH
igh_481120	481120	IGHV3-30	intergenic	intergenic	4263	IGH
igh_182384	182384	IGHV2-5	intergenic	intergenic	4522	IGH
igh_221622	221622	IGHV3-64D	intergenic	intergenic	5961	IGH
igh_981922	981922	IGHV2-70D	intergenic	intergenic	2023	IGH
igh_420806	420806	IGHV3-23D	intergenic	intergenic	1327	IGH
igh_855038	855038	IGHV3-53	intergenic	intergenic	1431	IGH
igh_923567	923567	IGHV3-64	intergenic	intergenic	4899	IGH
igh_923946	923946	IGHV3-64	intergenic	intergenic	5278	IGH
igh_924297	924297	IGHV3-64	intergenic	intergenic	5629	IGH
igh_924300	924300	IGHV3-64	intergenic	intergenic	5632	IGH
igh_924322	924322	IGHV3-64	intergenic	intergenic	5654	IGH
igh_423985	423985	IGHV1-24	intergenic	intergenic	2864	IGH
igh_154748	154748	IGHV4-4	intergenic	intergenic	2855	IGH
igh_924971	924971	IGHV3-64	intergenic	intergenic	6303	IGH
igh_925159	925159	IGHV3-64	intergenic	intergenic	6491	IGH
igh_480509	480509	IGHV3-30	intergenic	intergenic	4874	IGH
igh_1001818	1001818	IGHV1-69-2	intergenic	intergenic	3804	IGH
igh_1034493	1034493	IGHV2-70	intergenic	intergenic	3046	IGH
igh_969163	969163	IGHV1-69	intergenic	intergenic	5890	IGH
igh_969206	969206	IGHV1-69	intergenic	intergenic	5847	IGH
igh_1037939	1037939	IGHV2-70	intergenic	intergenic	6492	IGH
igh_524952	524952	IGHV4-30-4	intergenic	intergenic	924	IGH
igh_762061	762061	IGHV1-45	intergenic	intergenic	5306	IGH
igh_954615	954615	IGHV3-66	intergenic	intergenic	18660	IGH
igh_954636	954636	IGHV3-66	intergenic	intergenic	18681	IGH
igh_954645	954645	IGHV3-66	intergenic	intergenic	18690	IGH
igh_954671	954671	IGHV3-66	intergenic	intergenic	18716	IGH
igh_954688	954688	IGHV3-66	intergenic	intergenic	18733	IGH
igh_954706	954706	IGHV3-66	intergenic	intergenic	18751	IGH
igh_954838	954838	IGHV3-66	intergenic	intergenic	18883	IGH
igh_955724	955724	IGHV1-69	intergenic	intergenic	19329	IGH
igh_955953	955953	IGHV1-69	intergenic	intergenic	19100	IGH
igh_957210	957210	IGHV1-69	intergenic	intergenic	17843	IGH
igh_957340	957340	IGHV1-69	intergenic	intergenic	17713	IGH
igh_1106231	1106231	IGHV7-81	intergenic	intergenic	28721	IGH
igh_480758	480758	IGHV3-30	intergenic	intergenic	4625	IGH
igh_163609	163609	IGHV7-4-1	intergenic	intergenic	997	IGH
igh_165388	165388	IGHV7-4-1	intergenic	intergenic	252	IGH
igh_165679	165679	IGHV7-4-1	intergenic	intergenic	543	IGH
igh_165818	165818	IGHV7-4-1	intergenic	intergenic	682	IGH
igh_166036	166036	IGHV7-4-1	intergenic	intergenic	900	IGH
igh_374435	374435	IGHV3-21	intergenic	intergenic	88	IGH
igh_670799	670799	IGHV1-38-4	intergenic	intergenic	4709	IGH
igh_670506	670506	IGHV1-38-4	intergenic	intergenic	5002	IGH
igh_670565	670565	IGHV1-38-4	intergenic	intergenic	4943	IGH
igh_670568	670568	IGHV1-38-4	intergenic	intergenic	4940	IGH
igh_670577	670577	IGHV1-38-4	intergenic	intergenic	4931	IGH
igh_670697	670697	IGHV1-38-4	intergenic	intergenic	4811	IGH
igh_670749	670749	IGHV1-38-4	intergenic	intergenic	4759	IGH
igh_670754	670754	IGHV1-38-4	intergenic	intergenic	4754	IGH
igh_670764	670764	IGHV1-38-4	intergenic	intergenic	4744	IGH
igh_670824	670824	IGHV1-38-4	intergenic	intergenic	4684	IGH
igh_670853	670853	IGHV1-38-4	intergenic	intergenic	4655	IGH
igh_670935	670935	IGHV1-38-4	intergenic	intergenic	4573	IGH
igh_671017	671017	IGHV1-38-4	intergenic	intergenic	4491	IGH
igh_671085	671085	IGHV1-38-4	intergenic	intergenic	4423	IGH
igh_671167	671167	IGHV1-38-4	intergenic	intergenic	4341	IGH
igh_671232	671232	IGHV1-38-4	intergenic	intergenic	4276	IGH
igh_671308	671308	IGHV1-38-4	intergenic	intergenic	4200	IGH
igh_671351	671351	IGHV1-38-4	intergenic	intergenic	4157	IGH
igh_1009465	1009465	IGHV1-69-2	intergenic	intergenic	11451	IGH
igh_1010197	1010197	IGHV1-69-2	intergenic	intergenic	12183	IGH
igh_1011661	1011661	IGHV1-69D	intergenic	intergenic	10802	IGH
igh_150912	150912	IGHV4-4	intergenic	intergenic	471	IGH
igh_971345	971345	IGHV1-69	intergenic	intergenic	3708	IGH
igh_854325	854325	IGHV3-53	intergenic	intergenic	718	IGH
igh_852932	852932	IGHV3-53	intergenic	intergenic	115	IGH
igh_167651	167651	IGHV7-4-1	intergenic	intergenic	2515	IGH
igh_805821	805821	IGHV3-48	intergenic	intergenic	7073	IGH
igh_1053209	1053209	IGHV3-72	intergenic	intergenic	1572	IGH
igh_1060619	1060619	IGHV3-73	intergenic	intergenic	2444	IGH
igh_1010376	1010376	IGHV1-69D	intergenic	intergenic	12087	IGH
igh_1010568	1010568	IGHV1-69D	intergenic	intergenic	11895	IGH
igh_917923	917923	IGHV3-64	intergenic	intergenic	171	IGH
igh_919759	919759	IGHV3-64	intergenic	intergenic	1091	IGH
igh_919770	919770	IGHV3-64	intergenic	intergenic	1102	IGH
igh_920435	920435	IGHV3-64	intergenic	intergenic	1767	IGH
igh_920543	920543	IGHV3-64	intergenic	intergenic	1875	IGH
igh_920880	920880	IGHV3-64	intergenic	intergenic	2212	IGH
igh_922430	922430	IGHV3-64	intergenic	intergenic	3762	IGH
igh_922497	922497	IGHV3-64	intergenic	intergenic	3829	IGH
igh_922942	922942	IGHV3-64	intergenic	intergenic	4274	IGH
igh_1043340	1043340	IGHV3-72	intergenic	intergenic	7723	IGH
igh_1024286	1024286	IGHV1-69D	intergenic	intergenic	1287	IGH
igh_1025064	1025064	IGHV1-69D	intergenic	intergenic	2065	IGH
igh_1025264	1025264	IGHV1-69D	intergenic	intergenic	2265	IGH
igh_966253	966253	IGHV1-69	intergenic	intergenic	8800	IGH
igh_966678	966678	IGHV1-69	intergenic	intergenic	8375	IGH
igh_1000435	1000435	IGHV1-69-2	intergenic	intergenic	2421	IGH
igh_1000469	1000469	IGHV1-69-2	intergenic	intergenic	2455	IGH
igh_1000751	1000751	IGHV1-69-2	intergenic	intergenic	2737	IGH
igh_1061399	1061399	IGHV3-73	intergenic	intergenic	1664	IGH
igh_783374	783374	IGHV1-46	intergenic	intergenic	11353	IGH
igh_1046337	1046337	IGHV3-72	intergenic	intergenic	4726	IGH
igh_645994	645994	IGHV3-43D	intergenic	intergenic	9148	IGH
igh_1185631	1185631	IGHV3-9	intergenic	intergenic	11598	IGH
igh_983419	983419	IGHV2-70D	intergenic	intergenic	526	IGH
igh_983650	983650	IGHV2-70D	intergenic	intergenic	295	IGH
igh_935338	935338	IGHV3-66	intergenic	intergenic	48	IGH
igh_767227	767227	IGHV1-45	intergenic	intergenic	140	IGH
igh_303339	303339	IGHV3-16	intergenic	intergenic	1325	IGH
igh_931255	931255	IGHV3-66	intergenic	intergenic	4131	IGH
igh_665216	665216	IGHV3-38-3	intergenic	intergenic	7144	IGH
igh_889994	889994	IGHV4-59	intergenic	intergenic	1868	IGH
igh_535383	535383	IGHV3-30-5	intergenic	intergenic	496	IGH
igh_170957	170957	IGHV7-4-1	intergenic	intergenic	5821	IGH
igh_449217	449217	IGHV2-26	intergenic	intergenic	2481	IGH
igh_1085083	1085083	IGHV3-74	intergenic	intergenic	13711	IGH
igh_49627	49627	IGHD1-7	intergenic	intergenic	175	IGH
igh_692370	692370	IGHV4-39	intergenic	intergenic	9778	IGH
igh_692485	692485	IGHV4-39	intergenic	intergenic	9893	IGH
igh_693117	693117	IGHV4-39	intergenic	intergenic	10525	IGH
igh_693212	693212	IGHV4-39	intergenic	intergenic	10620	IGH
igh_49197	49197	IGHD1-7	intergenic	intergenic	182	IGH
igh_705073	705073	IGHV4-39	intergenic	intergenic	22481	IGH
igh_1173339	1173339	IGHV3-9	intergenic	intergenic	130	IGH
igh_1072869	1072869	IGHV3-74	intergenic	intergenic	1497	IGH
igh_257084	257084	IGHV3-11	intergenic	intergenic	419	IGH
igh_669308	669308	IGHV1-38-4	intergenic	intergenic	6200	IGH
igh_665924	665924	IGHV3-38-3	intergenic	intergenic	7852	IGH
igh_665929	665929	IGHV3-38-3	intergenic	intergenic	7857	IGH
igh_665966	665966	IGHV3-38-3	intergenic	intergenic	7894	IGH
igh_665990	665990	IGHV3-38-3	intergenic	intergenic	7918	IGH
igh_665992	665992	IGHV3-38-3	intergenic	intergenic	7920	IGH
igh_666031	666031	IGHV3-38-3	intergenic	intergenic	7959	IGH
igh_666037	666037	IGHV3-38-3	intergenic	intergenic	7965	IGH
igh_666050	666050	IGHV3-38-3	intergenic	intergenic	7978	IGH
igh_666076	666076	IGHV3-38-3	intergenic	intergenic	8004	IGH
igh_666158	666158	IGHV3-38-3	intergenic	intergenic	8086	IGH
igh_666187	666187	IGHV3-38-3	intergenic	intergenic	8115	IGH
igh_666191	666191	IGHV3-38-3	intergenic	intergenic	8119	IGH
igh_666248	666248	IGHV3-38-3	intergenic	intergenic	8176	IGH
igh_666256	666256	IGHV3-38-3	intergenic	intergenic	8184	IGH
igh_666268	666268	IGHV3-38-3	intergenic	intergenic	8196	IGH
igh_666345	666345	IGHV3-38-3	intergenic	intergenic	8273	IGH
igh_666381	666381	IGHV3-38-3	intergenic	intergenic	8309	IGH
igh_666468	666468	IGHV3-38-3	intergenic	intergenic	8396	IGH
igh_666500	666500	IGHV3-38-3	intergenic	intergenic	8428	IGH
igh_666706	666706	IGHV3-38-3	intergenic	intergenic	8634	IGH
igh_666760	666760	IGHV3-38-3	intergenic	intergenic	8688	IGH
igh_666811	666811	IGHV1-38-4	intergenic	intergenic	8697	IGH
igh_666979	666979	IGHV1-38-4	intergenic	intergenic	8529	IGH
igh_667010	667010	IGHV1-38-4	intergenic	intergenic	8498	IGH
igh_667096	667096	IGHV1-38-4	intergenic	intergenic	8412	IGH
igh_667110	667110	IGHV1-38-4	intergenic	intergenic	8398	IGH
igh_667136	667136	IGHV1-38-4	intergenic	intergenic	8372	IGH
igh_667193	667193	IGHV1-38-4	intergenic	intergenic	8315	IGH
igh_667364	667364	IGHV1-38-4	intergenic	intergenic	8144	IGH
igh_667367	667367	IGHV1-38-4	intergenic	intergenic	8141	IGH
igh_667449	667449	IGHV1-38-4	intergenic	intergenic	8059	IGH
igh_667456	667456	IGHV1-38-4	intergenic	intergenic	8052	IGH
igh_667469	667469	IGHV1-38-4	intergenic	intergenic	8039	IGH
igh_667475	667475	IGHV1-38-4	intergenic	intergenic	8033	IGH
igh_667517	667517	IGHV1-38-4	intergenic	intergenic	7991	IGH
igh_667584	667584	IGHV1-38-4	intergenic	intergenic	7924	IGH
igh_667614	667614	IGHV1-38-4	intergenic	intergenic	7894	IGH
igh_667628	667628	IGHV1-38-4	intergenic	intergenic	7880	IGH
igh_667633	667633	IGHV1-38-4	intergenic	intergenic	7875	IGH
igh_667636	667636	IGHV1-38-4	intergenic	intergenic	7872	IGH
igh_667657	667657	IGHV1-38-4	intergenic	intergenic	7851	IGH
igh_667672	667672	IGHV1-38-4	intergenic	intergenic	7836	IGH
igh_667684	667684	IGHV1-38-4	intergenic	intergenic	7824	IGH
igh_667724	667724	IGHV1-38-4	intergenic	intergenic	7784	IGH
igh_667810	667810	IGHV1-38-4	intergenic	intergenic	7698	IGH
igh_667975	667975	IGHV1-38-4	intergenic	intergenic	7533	IGH
igh_668154	668154	IGHV1-38-4	intergenic	intergenic	7354	IGH
igh_668178	668178	IGHV1-38-4	intergenic	intergenic	7330	IGH
igh_668182	668182	IGHV1-38-4	intergenic	intergenic	7326	IGH
igh_668210	668210	IGHV1-38-4	intergenic	intergenic	7298	IGH
igh_668233	668233	IGHV1-38-4	intergenic	intergenic	7275	IGH
igh_668234	668234	IGHV1-38-4	intergenic	intergenic	7274	IGH
igh_668263	668263	IGHV1-38-4	intergenic	intergenic	7245	IGH
igh_668400	668400	IGHV1-38-4	intergenic	intergenic	7108	IGH
igh_668443	668443	IGHV1-38-4	intergenic	intergenic	7065	IGH
igh_668447	668447	IGHV1-38-4	intergenic	intergenic	7061	IGH
igh_668453	668453	IGHV1-38-4	intergenic	intergenic	7055	IGH
igh_668463	668463	IGHV1-38-4	intergenic	intergenic	7045	IGH
igh_668508	668508	IGHV1-38-4	intergenic	intergenic	7000	IGH
igh_668602	668602	IGHV1-38-4	intergenic	intergenic	6906	IGH
igh_668644	668644	IGHV1-38-4	intergenic	intergenic	6864	IGH
igh_668657	668657	IGHV1-38-4	intergenic	intergenic	6851	IGH
igh_668717	668717	IGHV1-38-4	intergenic	intergenic	6791	IGH
igh_668788	668788	IGHV1-38-4	intergenic	intergenic	6720	IGH
igh_668809	668809	IGHV1-38-4	intergenic	intergenic	6699	IGH
igh_668832	668832	IGHV1-38-4	intergenic	intergenic	6676	IGH
igh_668875	668875	IGHV1-38-4	intergenic	intergenic	6633	IGH
igh_668890	668890	IGHV1-38-4	intergenic	intergenic	6618	IGH
igh_668891	668891	IGHV1-38-4	intergenic	intergenic	6617	IGH
igh_668906	668906	IGHV1-38-4	intergenic	intergenic	6602	IGH
igh_668910	668910	IGHV1-38-4	intergenic	intergenic	6598	IGH
igh_668912	668912	IGHV1-38-4	intergenic	intergenic	6596	IGH
igh_668913	668913	IGHV1-38-4	intergenic	intergenic	6595	IGH
igh_668918	668918	IGHV1-38-4	intergenic	intergenic	6590	IGH
igh_668937	668937	IGHV1-38-4	intergenic	intergenic	6571	IGH
igh_668938	668938	IGHV1-38-4	intergenic	intergenic	6570	IGH
igh_669062	669062	IGHV1-38-4	intergenic	intergenic	6446	IGH
igh_669087	669087	IGHV1-38-4	intergenic	intergenic	6421	IGH
igh_669140	669140	IGHV1-38-4	intergenic	intergenic	6368	IGH
igh_669150	669150	IGHV1-38-4	intergenic	intergenic	6358	IGH
igh_669169	669169	IGHV1-38-4	intergenic	intergenic	6339	IGH
igh_669184	669184	IGHV1-38-4	intergenic	intergenic	6324	IGH
igh_669232	669232	IGHV1-38-4	intergenic	intergenic	6276	IGH
igh_669477	669477	IGHV1-38-4	intergenic	intergenic	6031	IGH
igh_1025596	1025596	IGHV1-69D	intergenic	intergenic	2597	IGH
igh_1028661	1028661	IGHV2-70	intergenic	intergenic	2287	IGH
igh_1030100	1030100	IGHV2-70	intergenic	intergenic	848	IGH
igh_1033369	1033369	IGHV2-70	intergenic	intergenic	1922	IGH
igh_1034119	1034119	IGHV2-70	intergenic	intergenic	2672	IGH
igh_1034530	1034530	IGHV2-70	intergenic	intergenic	3083	IGH
igh_1034808	1034808	IGHV2-70	intergenic	intergenic	3361	IGH
igh_1034835	1034835	IGHV2-70	intergenic	intergenic	3388	IGH
igh_1034931	1034931	IGHV2-70	intergenic	intergenic	3484	IGH
igh_1035178	1035178	IGHV2-70	intergenic	intergenic	3731	IGH
igh_1035539	1035539	IGHV2-70	intergenic	intergenic	4092	IGH
igh_1035588	1035588	IGHV2-70	intergenic	intergenic	4141	IGH
igh_670705	670705	IGHV1-38-4	intergenic	intergenic	4803	IGH
igh_670779	670779	IGHV1-38-4	intergenic	intergenic	4729	IGH
igh_1014119	1014119	IGHV1-69D	intergenic	intergenic	8344	IGH
igh_978204	978204	IGHV1-69	intergenic	intergenic	2615	IGH
igh_978319	978319	IGHV1-69	intergenic	intergenic	2730	IGH
igh_981026	981026	IGHV2-70D	intergenic	intergenic	2919	IGH
igh_894078	894078	IGHV4-61	intergenic	intergenic	5412	IGH
igh_895312	895312	IGHV4-61	intergenic	intergenic	4178	IGH
igh_895313	895313	IGHV4-61	intergenic	intergenic	4177	IGH
igh_895385	895385	IGHV4-61	intergenic	intergenic	4105	IGH
igh_895436	895436	IGHV4-61	intergenic	intergenic	4054	IGH
igh_895776	895776	IGHV4-61	intergenic	intergenic	3714	IGH
igh_895844	895844	IGHV4-61	intergenic	intergenic	3646	IGH
igh_314588	314588	IGHV3-16	intergenic	intergenic	9357	IGH
igh_679241	679241	IGHV4-39	intergenic	intergenic	2839	IGH
igh_1015877	1015877	IGHV1-69D	intergenic	intergenic	6586	IGH
igh_1016211	1016211	IGHV1-69D	intergenic	intergenic	6252	IGH
igh_1016286	1016286	IGHV1-69D	intergenic	intergenic	6177	IGH
igh_1016562	1016562	IGHV1-69D	intergenic	intergenic	5901	IGH
igh_1017126	1017126	IGHV1-69D	intergenic	intergenic	5337	IGH
igh_1017168	1017168	IGHV1-69D	intergenic	intergenic	5295	IGH
igh_1017683	1017683	IGHV1-69D	intergenic	intergenic	4780	IGH
igh_1019311	1019311	IGHV1-69D	intergenic	intergenic	3152	IGH
igh_1019586	1019586	IGHV1-69D	intergenic	intergenic	2877	IGH
igh_1019720	1019720	IGHV1-69D	intergenic	intergenic	2743	IGH
igh_1020132	1020132	IGHV1-69D	intergenic	intergenic	2331	IGH
igh_518251	518251	IGHV4-30-4	intergenic	intergenic	5263	IGH
igh_984904	984904	IGHV2-70D	intergenic	intergenic	460	IGH
igh_984916	984916	IGHV2-70D	intergenic	intergenic	472	IGH
igh_985680	985680	IGHV2-70D	intergenic	intergenic	1236	IGH
igh_985749	985749	IGHV2-70D	intergenic	intergenic	1305	IGH
igh_986604	986604	IGHV2-70D	intergenic	intergenic	2160	IGH
igh_987496	987496	IGHV2-70D	intergenic	intergenic	3052	IGH
igh_988210	988210	IGHV2-70D	intergenic	intergenic	3766	IGH
igh_926581	926581	IGHV3-64	intergenic	intergenic	7913	IGH
igh_1082333	1082333	IGHV3-74	intergenic	intergenic	10961	IGH
igh_958135	958135	IGHV1-69	intergenic	intergenic	16918	IGH
igh_960624	960624	IGHV1-69	intergenic	intergenic	14429	IGH
igh_961720	961720	IGHV1-69	intergenic	intergenic	13333	IGH
igh_962613	962613	IGHV1-69	intergenic	intergenic	12440	IGH
igh_964254	964254	IGHV1-69	intergenic	intergenic	10799	IGH
igh_1025202	1025202	IGHV1-69D	intergenic	intergenic	2203	IGH
igh_1026449	1026449	IGHV1-69D	intergenic	intergenic	3450	IGH
igh_1026740	1026740	IGHV1-69D	intergenic	intergenic	3741	IGH
igh_1027071	1027071	IGHV2-70	intergenic	intergenic	3877	IGH
igh_1027193	1027193	IGHV2-70	intergenic	intergenic	3755	IGH
igh_1027670	1027670	IGHV2-70	intergenic	intergenic	3278	IGH
igh_1029482	1029482	IGHV2-70	intergenic	intergenic	1466	IGH
igh_1029500	1029500	IGHV2-70	intergenic	intergenic	1448	IGH
igh_1029616	1029616	IGHV2-70	intergenic	intergenic	1332	IGH
igh_1029628	1029628	IGHV2-70	intergenic	intergenic	1320	IGH
igh_1029868	1029868	IGHV2-70	intergenic	intergenic	1080	IGH
igh_1029885	1029885	IGHV2-70	intergenic	intergenic	1063	IGH
igh_1029916	1029916	IGHV2-70	intergenic	intergenic	1032	IGH
igh_1029945	1029945	IGHV2-70	intergenic	intergenic	1003	IGH
igh_1030185	1030185	IGHV2-70	intergenic	intergenic	763	IGH
igh_1030297	1030297	IGHV2-70	intergenic	intergenic	651	IGH
igh_1030334	1030334	IGHV2-70	intergenic	intergenic	614	IGH
igh_1030458	1030458	IGHV2-70	intergenic	intergenic	490	IGH
igh_1030536	1030536	IGHV2-70	intergenic	intergenic	412	IGH
igh_1032323	1032323	IGHV2-70	intergenic	intergenic	876	IGH
igh_1032324	1032324	IGHV2-70	intergenic	intergenic	877	IGH
igh_1033155	1033155	IGHV2-70	intergenic	intergenic	1708	IGH
igh_1033167	1033167	IGHV2-70	intergenic	intergenic	1720	IGH
igh_1034572	1034572	IGHV2-70	intergenic	intergenic	3125	IGH
igh_1034607	1034607	IGHV2-70	intergenic	intergenic	3160	IGH
igh_1035554	1035554	IGHV2-70	intergenic	intergenic	4107	IGH
igh_337235	337235	IGHV1-18	intergenic	intergenic	12345	IGH
igh_343708	343708	IGHV3-20	intergenic	intergenic	6689	IGH
igh_734185	734185	IGHV3-43	intergenic	intergenic	2974	IGH
igh_114608	114608	IGHV1-2	intergenic	intergenic	11435	IGH
igh_1000596	1000596	IGHV1-69-2	intergenic	intergenic	2582	IGH
igh_1000597	1000597	IGHV1-69-2	intergenic	intergenic	2583	IGH
igh_617337	617337	IGHV4-38-2	intergenic	intergenic	3594	IGH
igh_1023545	1023545	IGHV1-69D	intergenic	intergenic	546	IGH
igh_459477	459477	IGHV2-26	intergenic	intergenic	7280	IGH
igh_702564	702564	IGHV4-39	intergenic	intergenic	19972	IGH
igh_571077	571077	IGHV4-34	intergenic	intergenic	1817	IGH
igh_1043344	1043344	IGHV3-72	intergenic	intergenic	7719	IGH
igh_981656	981656	IGHV2-70D	intergenic	intergenic	2289	IGH
igh_905425	905425	IGHV3-62	intergenic	intergenic	1379	IGH
igh_959849	959849	IGHV1-69	intergenic	intergenic	15204	IGH
igh_922130	922130	IGHV3-64	intergenic	intergenic	3462	IGH
igh_613983	613983	IGHV3-38	intergenic	intergenic	3685	IGH
igh_747969	747969	IGHV3-43	intergenic	intergenic	16758	IGH
igh_311284	311284	IGHV3-16	intergenic	intergenic	6053	IGH
igh_311364	311364	IGHV3-16	intergenic	intergenic	6133	IGH
igh_311365	311365	IGHV3-16	intergenic	intergenic	6134	IGH
igh_604887	604887	IGHV3-38	intergenic	intergenic	4838	IGH
igh_605154	605154	IGHV3-38	intergenic	intergenic	4571	IGH
igh_607610	607610	IGHV3-38	intergenic	intergenic	2115	IGH
igh_611882	611882	IGHV3-38	intergenic	intergenic	1584	IGH
igh_800660	800660	IGHV3-48	intergenic	intergenic	1912	IGH
igh_804606	804606	IGHV3-48	intergenic	intergenic	5858	IGH
igh_813111	813111	IGHV3-49	intergenic	intergenic	4196	IGH
igh_1012353	1012353	IGHV1-69D	intergenic	intergenic	10110	IGH
igh_986452	986452	IGHV2-70D	intergenic	intergenic	2008	IGH
igh_987449	987449	IGHV2-70D	intergenic	intergenic	3005	IGH
igh_987972	987972	IGHV2-70D	intergenic	intergenic	3528	IGH
igh_988107	988107	IGHV2-70D	intergenic	intergenic	3663	IGH
igh_1018536	1018536	IGHV1-69D	intergenic	intergenic	3927	IGH
igh_905426	905426	IGHV3-62	intergenic	intergenic	1380	IGH
igh_1008296	1008296	IGHV1-69-2	intergenic	intergenic	10282	IGH
igh_1010116	1010116	IGHV1-69-2	intergenic	intergenic	12102	IGH
igh_1012406	1012406	IGHV1-69D	intergenic	intergenic	10057	IGH
igh_966562	966562	IGHV1-69	intergenic	intergenic	8491	IGH
igh_1173447	1173447	IGHV3-9	intergenic	intergenic	22	IGH
igh_1175222	1175222	IGHV3-9	intergenic	intergenic	1189	IGH
igh_1175460	1175460	IGHV3-9	intergenic	intergenic	1427	IGH
igh_1175882	1175882	IGHV3-9	intergenic	intergenic	1849	IGH
igh_1178535	1178535	IGHV3-9	intergenic	intergenic	4502	IGH
igh_1179326	1179326	IGHV3-9	intergenic	intergenic	5293	IGH
igh_1184156	1184156	IGHV3-9	intergenic	intergenic	10123	IGH
igh_1186326	1186326	IGHV3-9	intergenic	intergenic	12293	IGH
igh_1189954	1189954	IGHV3-9	intergenic	intergenic	15921	IGH
igh_1185669	1185669	IGHV3-9	intergenic	intergenic	11636	IGH
igh_1158312	1158312	IGHV1-8	intergenic	intergenic	1950	IGH
igh_591429	591429	IGHV3-35	intergenic	intergenic	2239	IGH
igh_592852	592852	IGHV3-35	intergenic	intergenic	3662	IGH
igh_593093	593093	IGHV3-35	intergenic	intergenic	3903	IGH
igh_194570	194570	IGHV3-7	intergenic	intergenic	7040	IGH
igh_194703	194703	IGHV3-7	intergenic	intergenic	6907	IGH
igh_196995	196995	IGHV3-7	intergenic	intergenic	4615	IGH
igh_198764	198764	IGHV3-7	intergenic	intergenic	2846	IGH
igh_203242	203242	IGHV3-7	intergenic	intergenic	1061	IGH
igh_206264	206264	IGHV3-7	intergenic	intergenic	4083	IGH
igh_49786	49786	IGHD6-6	intergenic	intergenic	96	IGH
igh_1011630	1011630	IGHV1-69D	intergenic	intergenic	10833	IGH
igh_1011693	1011693	IGHV1-69D	intergenic	intergenic	10770	IGH
igh_970917	970917	IGHV1-69	intergenic	intergenic	4136	IGH
igh_726538	726538	IGHV3-43	intergenic	intergenic	4096	IGH
igh_535373	535373	IGHV3-30-5	intergenic	intergenic	486	IGH
igh_775925	775925	IGHV1-46	intergenic	intergenic	3904	IGH
igh_668270	668270	IGHV1-38-4	intergenic	intergenic	7238	IGH
igh_668310	668310	IGHV1-38-4	intergenic	intergenic	7198	IGH
igh_930288	930288	IGHV3-66	intergenic	intergenic	5098	IGH
igh_1073310	1073310	IGHV3-74	intergenic	intergenic	1938	IGH
igh_576280	576280	IGHV4-34	intergenic	intergenic	2876	IGH
igh_587631	587631	IGHV3-35	intergenic	intergenic	992	IGH
igh_257080	257080	IGHV3-11	intergenic	intergenic	415	IGH
igh_257082	257082	IGHV3-11	intergenic	intergenic	417	IGH
igh_1018313	1018313	IGHV1-69D	intergenic	intergenic	4150	IGH
igh_695603	695603	IGHV4-39	intergenic	intergenic	13011	IGH
igh_534209	534209	IGHV3-30-5	intergenic	intergenic	106	IGH
igh_1036106	1036106	IGHV2-70	intergenic	intergenic	4659	IGH
igh_1036356	1036356	IGHV2-70	intergenic	intergenic	4909	IGH
igh_1036939	1036939	IGHV2-70	intergenic	intergenic	5492	IGH
igh_1044096	1044096	IGHV3-72	intergenic	intergenic	6967	IGH
igh_486815	486815	IGHV3-30	intergenic	intergenic	860	IGH
igh_691890	691890	IGHV4-39	intergenic	intergenic	9298	IGH
igh_692144	692144	IGHV4-39	intergenic	intergenic	9552	IGH
igh_693262	693262	IGHV4-39	intergenic	intergenic	10670	IGH
igh_693292	693292	IGHV4-39	intergenic	intergenic	10700	IGH
igh_693341	693341	IGHV4-39	intergenic	intergenic	10749	IGH
igh_693418	693418	IGHV4-39	intergenic	intergenic	10826	IGH
igh_693469	693469	IGHV4-39	intergenic	intergenic	10877	IGH
igh_693579	693579	IGHV4-39	intergenic	intergenic	10987	IGH
igh_693710	693710	IGHV4-39	intergenic	intergenic	11118	IGH
igh_693722	693722	IGHV4-39	intergenic	intergenic	11130	IGH
igh_693815	693815	IGHV4-39	intergenic	intergenic	11223	IGH
igh_693823	693823	IGHV4-39	intergenic	intergenic	11231	IGH
igh_693827	693827	IGHV4-39	intergenic	intergenic	11235	IGH
igh_693926	693926	IGHV4-39	intergenic	intergenic	11334	IGH
igh_693983	693983	IGHV4-39	intergenic	intergenic	11391	IGH
igh_693984	693984	IGHV4-39	intergenic	intergenic	11392	IGH
igh_694092	694092	IGHV4-39	intergenic	intergenic	11500	IGH
igh_694107	694107	IGHV4-39	intergenic	intergenic	11515	IGH
igh_694131	694131	IGHV4-39	intergenic	intergenic	11539	IGH
igh_694142	694142	IGHV4-39	intergenic	intergenic	11550	IGH
igh_694306	694306	IGHV4-39	intergenic	intergenic	11714	IGH
igh_694326	694326	IGHV4-39	intergenic	intergenic	11734	IGH
igh_694434	694434	IGHV4-39	intergenic	intergenic	11842	IGH
igh_694436	694436	IGHV4-39	intergenic	intergenic	11844	IGH
igh_694775	694775	IGHV4-39	intergenic	intergenic	12183	IGH
igh_695330	695330	IGHV4-39	intergenic	intergenic	12738	IGH
igh_695607	695607	IGHV4-39	intergenic	intergenic	13015	IGH
igh_696005	696005	IGHV4-39	intergenic	intergenic	13413	IGH
igh_696303	696303	IGHV4-39	intergenic	intergenic	13711	IGH
igh_696343	696343	IGHV4-39	intergenic	intergenic	13751	IGH
igh_696376	696376	IGHV4-39	intergenic	intergenic	13784	IGH
igh_696484	696484	IGHV4-39	intergenic	intergenic	13892	IGH
igh_696497	696497	IGHV4-39	intergenic	intergenic	13905	IGH
igh_697006	697006	IGHV4-39	intergenic	intergenic	14414	IGH
igh_697046	697046	IGHV4-39	intergenic	intergenic	14454	IGH
igh_697141	697141	IGHV4-39	intergenic	intergenic	14549	IGH
igh_697270	697270	IGHV4-39	intergenic	intergenic	14678	IGH
igh_697463	697463	IGHV4-39	intergenic	intergenic	14871	IGH
igh_697495	697495	IGHV4-39	intergenic	intergenic	14903	IGH
igh_697580	697580	IGHV4-39	intergenic	intergenic	14988	IGH
igh_697787	697787	IGHV4-39	intergenic	intergenic	15195	IGH
igh_697880	697880	IGHV4-39	intergenic	intergenic	15288	IGH
igh_697979	697979	IGHV4-39	intergenic	intergenic	15387	IGH
igh_698054	698054	IGHV4-39	intergenic	intergenic	15462	IGH
igh_698076	698076	IGHV4-39	intergenic	intergenic	15484	IGH
igh_698257	698257	IGHV4-39	intergenic	intergenic	15665	IGH
igh_698380	698380	IGHV4-39	intergenic	intergenic	15788	IGH
igh_698448	698448	IGHV4-39	intergenic	intergenic	15856	IGH
igh_699212	699212	IGHV4-39	intergenic	intergenic	16620	IGH
igh_699304	699304	IGHV4-39	intergenic	intergenic	16712	IGH
igh_926568	926568	IGHV3-64	intergenic	intergenic	7900	IGH
igh_303197	303197	IGHV3-16	intergenic	intergenic	1467	IGH
igh_901973	901973	IGHV3-62	intergenic	intergenic	1528	IGH
igh_954675	954675	IGHV3-66	intergenic	intergenic	18720	IGH
igh_954972	954972	IGHV3-66	intergenic	intergenic	19017	IGH
igh_957012	957012	IGHV1-69	intergenic	intergenic	18041	IGH
igh_957421	957421	IGHV1-69	intergenic	intergenic	17632	IGH
igh_957551	957551	IGHV1-69	intergenic	intergenic	17502	IGH
igh_960775	960775	IGHV1-69	intergenic	intergenic	14278	IGH
igh_961248	961248	IGHV1-69	intergenic	intergenic	13805	IGH
igh_965048	965048	IGHV1-69	intergenic	intergenic	10005	IGH
igh_965084	965084	IGHV1-69	intergenic	intergenic	9969	IGH
igh_965335	965335	IGHV1-69	intergenic	intergenic	9718	IGH
igh_348005	348005	IGHV3-20	intergenic	intergenic	2392	IGH
igh_20633	20633	IGHD1-26	intergenic	intergenic	51	IGH
igh_1181240	1181240	IGHV3-9	intergenic	intergenic	7207	IGH
igh_1181570	1181570	IGHV3-9	intergenic	intergenic	7537	IGH
igh_1181969	1181969	IGHV3-9	intergenic	intergenic	7936	IGH
igh_1184019	1184019	IGHV3-9	intergenic	intergenic	9986	IGH
igh_1184811	1184811	IGHV3-9	intergenic	intergenic	10778	IGH
igh_1186481	1186481	IGHV3-9	intergenic	intergenic	12448	IGH
igh_1187066	1187066	IGHV3-9	intergenic	intergenic	13033	IGH
igh_1187297	1187297	IGHV3-9	intergenic	intergenic	13264	IGH
igh_1187990	1187990	IGHV3-9	intergenic	intergenic	13957	IGH
igh_825912	825912	IGHV3-49	intergenic	intergenic	8026	IGH
igh_706995	706995	IGHV3-43	intergenic	intergenic	23639	IGH
igh_148356	148356	IGHV4-4	intergenic	intergenic	3027	IGH
igh_154437	154437	IGHV4-4	intergenic	intergenic	2544	IGH
igh_927853	927853	IGHV3-66	intergenic	intergenic	7533	IGH
igh_378578	378578	IGHV3-21	intergenic	intergenic	3483	IGH
igh_688689	688689	IGHV4-39	intergenic	intergenic	6097	IGH
igh_166142	166142	IGHV7-4-1	intergenic	intergenic	1006	IGH
igh_854074	854074	IGHV3-53	intergenic	intergenic	467	IGH
igh_854303	854303	IGHV3-53	intergenic	intergenic	696	IGH
igh_631371	631371	IGHV3-43D	intergenic	intergenic	4900	IGH
igh_900872	900872	IGHV4-61	intergenic	intergenic	870	IGH
igh_901344	901344	IGHV4-61	intergenic	intergenic	1342	IGH
igh_901349	901349	IGHV4-61	intergenic	intergenic	1347	IGH
igh_603522	603522	IGHV3-38	intergenic	intergenic	6203	IGH
igh_686803	686803	IGHV4-39	intergenic	intergenic	4211	IGH
igh_687075	687075	IGHV4-39	intergenic	intergenic	4483	IGH
igh_689239	689239	IGHV4-39	intergenic	intergenic	6647	IGH
igh_689314	689314	IGHV4-39	intergenic	intergenic	6722	IGH
igh_689340	689340	IGHV4-39	intergenic	intergenic	6748	IGH
igh_744320	744320	IGHV3-43	intergenic	intergenic	13109	IGH
igh_603946	603946	IGHV3-38	intergenic	intergenic	5779	IGH
igh_1043356	1043356	IGHV3-72	intergenic	intergenic	7707	IGH
igh_1192241	1192241	IGHV3-9	intergenic	intergenic	18208	IGH
igh_1192845	1192845	IGHV3-9	intergenic	intergenic	18812	IGH
igh_679305	679305	IGHV4-39	intergenic	intergenic	2775	IGH
igh_679514	679514	IGHV4-39	intergenic	intergenic	2566	IGH
igh_597117	597117	IGHV3-35	intergenic	intergenic	7927	IGH
igh_1105684	1105684	IGHV7-81	intergenic	intergenic	29268	IGH
igh_965000	965000	IGHV1-69	intergenic	intergenic	10053	IGH
igh_1032954	1032954	IGHV2-70	intergenic	intergenic	1507	IGH
igh_1177269	1177269	IGHV3-9	intergenic	intergenic	3236	IGH
igh_222929	222929	IGHV3-64D	intergenic	intergenic	4654	IGH
igh_223031	223031	IGHV3-64D	intergenic	intergenic	4552	IGH
igh_145894	145894	IGHV1-3	intergenic	intergenic	817	IGH
igh_146254	146254	IGHV1-3	intergenic	intergenic	1177	IGH
igh_147300	147300	IGHV1-3	intergenic	intergenic	2223	IGH
igh_152208	152208	IGHV4-4	intergenic	intergenic	315	IGH
igh_1010798	1010798	IGHV1-69D	intergenic	intergenic	11665	IGH
igh_1010821	1010821	IGHV1-69D	intergenic	intergenic	11642	IGH
igh_1012277	1012277	IGHV1-69D	intergenic	intergenic	10186	IGH
igh_1012326	1012326	IGHV1-69D	intergenic	intergenic	10137	IGH
igh_1024279	1024279	IGHV1-69D	intergenic	intergenic	1280	IGH
igh_1028213	1028213	IGHV2-70	intergenic	intergenic	2735	IGH
igh_1012705	1012705	IGHV1-69D	intergenic	intergenic	9758	IGH
igh_112038	112038	IGHV1-2	intergenic	intergenic	14005	IGH
igh_874164	874164	IGHV1-58	intergenic	intergenic	8564	IGH
igh_484289	484289	IGHV3-30	intergenic	intergenic	1094	IGH
igh_484333	484333	IGHV3-30	intergenic	intergenic	1050	IGH
igh_484344	484344	IGHV3-30	intergenic	intergenic	1039	IGH
igh_492481	492481	IGHV3-30	intergenic	intergenic	6526	IGH
igh_741804	741804	IGHV3-43	intergenic	intergenic	10593	IGH
igh_1008408	1008408	IGHV1-69-2	intergenic	intergenic	10394	IGH
igh_899446	899446	IGHV4-61	intergenic	intergenic	44	IGH
igh_899447	899447	IGHV4-61	intergenic	intergenic	43	IGH
igh_1014366	1014366	IGHV1-69D	intergenic	intergenic	8097	IGH
igh_1014768	1014768	IGHV1-69D	intergenic	intergenic	7695	IGH
igh_1014775	1014775	IGHV1-69D	intergenic	intergenic	7688	IGH
igh_1014871	1014871	IGHV1-69D	intergenic	intergenic	7592	IGH
igh_1014928	1014928	IGHV1-69D	intergenic	intergenic	7535	IGH
igh_1015203	1015203	IGHV1-69D	intergenic	intergenic	7260	IGH
igh_1015212	1015212	IGHV1-69D	intergenic	intergenic	7251	IGH
igh_1015412	1015412	IGHV1-69D	intergenic	intergenic	7051	IGH
igh_1015576	1015576	IGHV1-69D	intergenic	intergenic	6887	IGH
igh_1015663	1015663	IGHV1-69D	intergenic	intergenic	6800	IGH
igh_971317	971317	IGHV1-69	intergenic	intergenic	3736	IGH
igh_713930	713930	IGHV3-43	intergenic	intergenic	16704	IGH
igh_713955	713955	IGHV3-43	intergenic	intergenic	16679	IGH
igh_1027497	1027497	IGHV2-70	intergenic	intergenic	3451	IGH
igh_1029458	1029458	IGHV2-70	intergenic	intergenic	1490	IGH
igh_667066	667066	IGHV1-38-4	intergenic	intergenic	8442	IGH
igh_965667	965667	IGHV1-69	intergenic	intergenic	9386	IGH
igh_280656	280656	IGHV3-13	intergenic	intergenic	11083	IGH
igh_1161973	1161973	IGHV1-8	intergenic	intergenic	1179	IGH
igh_1162116	1162116	IGHV1-8	intergenic	intergenic	1322	IGH
igh_1162578	1162578	IGHV1-8	intergenic	intergenic	1784	IGH
igh_1165859	1165859	IGHV1-8	intergenic	intergenic	5065	IGH
igh_1167542	1167542	IGHV3-9	intergenic	intergenic	5927	IGH
igh_1168851	1168851	IGHV3-9	intergenic	intergenic	4618	IGH
igh_1169654	1169654	IGHV3-9	intergenic	intergenic	3815	IGH
igh_1169969	1169969	IGHV3-9	intergenic	intergenic	3500	IGH
igh_515881	515881	IGHV3-30-3	intergenic	intergenic	5993	IGH
igh_1172580	1172580	IGHV3-9	intergenic	intergenic	889	IGH
igh_1172690	1172690	IGHV3-9	intergenic	intergenic	779	IGH
igh_1172715	1172715	IGHV3-9	intergenic	intergenic	754	IGH
igh_952797	952797	IGHV3-66	intergenic	intergenic	16842	IGH
igh_1112808	1112808	IGHV7-81	intergenic	intergenic	22144	IGH
igh_1114172	1114172	IGHV7-81	intergenic	intergenic	20780	IGH
igh_1120525	1120525	IGHV7-81	intergenic	intergenic	14427	IGH
igh_1122185	1122185	IGHV7-81	intergenic	intergenic	12767	IGH
igh_1125580	1125580	IGHV7-81	intergenic	intergenic	9372	IGH
igh_1125899	1125899	IGHV7-81	intergenic	intergenic	9053	IGH
igh_1128012	1128012	IGHV7-81	intergenic	intergenic	6940	IGH
igh_1128505	1128505	IGHV7-81	intergenic	intergenic	6447	IGH
igh_1130454	1130454	IGHV7-81	intergenic	intergenic	4498	IGH
igh_1131316	1131316	IGHV7-81	intergenic	intergenic	3636	IGH
igh_494569	494569	IGHV4-30-2	intergenic	intergenic	5017	IGH
igh_705915	705915	IGHV4-39	intergenic	intergenic	23323	IGH
igh_890246	890246	IGHV4-59	intergenic	intergenic	2120	IGH
igh_890424	890424	IGHV4-59	intergenic	intergenic	2298	IGH
igh_890536	890536	IGHV4-59	intergenic	intergenic	2410	IGH
igh_891054	891054	IGHV4-59	intergenic	intergenic	2928	IGH
igh_891695	891695	IGHV4-59	intergenic	intergenic	3569	IGH
igh_891775	891775	IGHV4-59	intergenic	intergenic	3649	IGH
igh_891984	891984	IGHV4-59	intergenic	intergenic	3858	IGH
igh_892268	892268	IGHV4-59	intergenic	intergenic	4142	IGH
igh_893671	893671	IGHV4-59	intergenic	intergenic	5545	IGH
igh_894583	894583	IGHV4-61	intergenic	intergenic	4907	IGH
igh_894626	894626	IGHV4-61	intergenic	intergenic	4864	IGH
igh_895032	895032	IGHV4-61	intergenic	intergenic	4458	IGH
igh_897673	897673	IGHV4-61	intergenic	intergenic	1817	IGH
igh_897733	897733	IGHV4-61	intergenic	intergenic	1757	IGH
igh_898098	898098	IGHV4-61	intergenic	intergenic	1392	IGH
igh_898603	898603	IGHV4-61	intergenic	intergenic	887	IGH
igh_900880	900880	IGHV4-61	intergenic	intergenic	878	IGH
igh_901705	901705	IGHV4-61	intergenic	intergenic	1703	IGH
igh_904423	904423	IGHV3-62	intergenic	intergenic	377	IGH
igh_905319	905319	IGHV3-62	intergenic	intergenic	1273	IGH
igh_900069	900069	IGHV4-61	intergenic	intergenic	67	IGH
igh_900825	900825	IGHV4-61	intergenic	intergenic	823	IGH
igh_1016548	1016548	IGHV1-69D	intergenic	intergenic	5915	IGH
igh_1003190	1003190	IGHV1-69-2	intergenic	intergenic	5176	IGH
igh_700298	700298	IGHV4-39	intergenic	intergenic	17706	IGH
igh_700916	700916	IGHV4-39	intergenic	intergenic	18324	IGH
igh_701517	701517	IGHV4-39	intergenic	intergenic	18925	IGH
igh_701963	701963	IGHV4-39	intergenic	intergenic	19371	IGH
igh_704195	704195	IGHV4-39	intergenic	intergenic	21603	IGH
igh_704857	704857	IGHV4-39	intergenic	intergenic	22265	IGH
igh_306670	306670	IGHV3-16	intergenic	intergenic	1439	IGH
igh_749779	749779	IGHV1-45	intergenic	intergenic	17588	IGH
igh_670762	670762	IGHV1-38-4	intergenic	intergenic	4746	IGH
igh_1065797	1065797	IGHV3-73	intergenic	intergenic	2153	IGH
igh_1066596	1066596	IGHV3-73	intergenic	intergenic	2952	IGH
igh_1067575	1067575	IGHV3-74	intergenic	intergenic	3236	IGH
igh_1070336	1070336	IGHV3-74	intergenic	intergenic	475	IGH
igh_1070740	1070740	IGHV3-74	intergenic	intergenic	71	IGH
igh_686200	686200	IGHV4-39	intergenic	intergenic	3608	IGH
igh_689765	689765	IGHV4-39	intergenic	intergenic	7173	IGH
igh_693522	693522	IGHV4-39	intergenic	intergenic	10930	IGH
igh_694191	694191	IGHV4-39	intergenic	intergenic	11599	IGH
igh_696639	696639	IGHV4-39	intergenic	intergenic	14047	IGH
igh_697588	697588	IGHV4-39	intergenic	intergenic	14996	IGH
igh_699748	699748	IGHV4-39	intergenic	intergenic	17156	IGH
igh_20062	20062	IGHD1-26	intergenic	intergenic	444	IGH
igh_1030237	1030237	IGHV2-70	intergenic	intergenic	711	IGH
igh_891456	891456	IGHV4-59	intergenic	intergenic	3330	IGH
igh_892481	892481	IGHV4-59	intergenic	intergenic	4355	IGH
igh_893382	893382	IGHV4-59	intergenic	intergenic	5256	IGH
igh_893399	893399	IGHV4-59	intergenic	intergenic	5273	IGH
igh_893878	893878	IGHV4-61	intergenic	intergenic	5612	IGH
igh_894483	894483	IGHV4-61	intergenic	intergenic	5007	IGH
igh_988294	988294	IGHV2-70D	intergenic	intergenic	3850	IGH
igh_965709	965709	IGHV1-69	intergenic	intergenic	9344	IGH
igh_592182	592182	IGHV3-35	intergenic	intergenic	2992	IGH
igh_49193	49193	IGHD1-7	intergenic	intergenic	186	IGH
igh_1018538	1018538	IGHV1-69D	intergenic	intergenic	3925	IGH
igh_1018540	1018540	IGHV1-69D	intergenic	intergenic	3923	IGH
igh_864525	864525	IGHV3-53	intergenic	intergenic	10918	IGH
igh_1010371	1010371	IGHV1-69D	intergenic	intergenic	12092	IGH
igh_494329	494329	IGHV4-30-2	intergenic	intergenic	5257	IGH
igh_163326	163326	IGHV7-4-1	intergenic	intergenic	1280	IGH
igh_166007	166007	IGHV7-4-1	intergenic	intergenic	871	IGH
igh_899464	899464	IGHV4-61	intergenic	intergenic	26	IGH
igh_860861	860861	IGHV3-53	intergenic	intergenic	7254	IGH
igh_861764	861764	IGHV3-53	intergenic	intergenic	8157	IGH
igh_864007	864007	IGHV3-53	intergenic	intergenic	10400	IGH
igh_883683	883683	IGHV1-58	intergenic	intergenic	420	IGH
igh_669568	669568	IGHV1-38-4	intergenic	intergenic	5940	IGH
igh_669719	669719	IGHV1-38-4	intergenic	intergenic	5789	IGH
igh_669733	669733	IGHV1-38-4	intergenic	intergenic	5775	IGH
igh_170958	170958	IGHV7-4-1	intergenic	intergenic	5822	IGH
igh_1025235	1025235	IGHV1-69D	intergenic	intergenic	2236	IGH
igh_1025353	1025353	IGHV1-69D	intergenic	intergenic	2354	IGH
igh_1025620	1025620	IGHV1-69D	intergenic	intergenic	2621	IGH
igh_1028686	1028686	IGHV2-70	intergenic	intergenic	2262	IGH
igh_1033059	1033059	IGHV2-70	intergenic	intergenic	1612	IGH
igh_1033064	1033064	IGHV2-70	intergenic	intergenic	1617	IGH
igh_1033113	1033113	IGHV2-70	intergenic	intergenic	1666	IGH
igh_1033598	1033598	IGHV2-70	intergenic	intergenic	2151	IGH
igh_1034480	1034480	IGHV2-70	intergenic	intergenic	3033	IGH
igh_1034998	1034998	IGHV2-70	intergenic	intergenic	3551	IGH
igh_1035011	1035011	IGHV2-70	intergenic	intergenic	3564	IGH
igh_1027253	1027253	IGHV2-70	intergenic	intergenic	3695	IGH
igh_1029347	1029347	IGHV2-70	intergenic	intergenic	1601	IGH
igh_277920	277920	IGHV3-13	intergenic	intergenic	8347	IGH
igh_279964	279964	IGHV3-13	intergenic	intergenic	10391	IGH
igh_503540	503540	IGHV4-30-2	intergenic	intergenic	3443	IGH
igh_483687	483687	IGHV3-30	intergenic	intergenic	1696	IGH
igh_483912	483912	IGHV3-30	intergenic	intergenic	1471	IGH
igh_890192	890192	IGHV4-59	intergenic	intergenic	2066	IGH
igh_890402	890402	IGHV4-59	intergenic	intergenic	2276	IGH
igh_1007837	1007837	IGHV1-69-2	intergenic	intergenic	9823	IGH
igh_1007839	1007839	IGHV1-69-2	intergenic	intergenic	9825	IGH
igh_1008561	1008561	IGHV1-69-2	intergenic	intergenic	10547	IGH
igh_693069	693069	IGHV4-39	intergenic	intergenic	10477	IGH
igh_240560	240560	IGHV5-10-1	intergenic	intergenic	6875	IGH
igh_900853	900853	IGHV4-61	intergenic	intergenic	851	IGH
igh_891486	891486	IGHV4-59	intergenic	intergenic	3360	IGH
igh_981324	981324	IGHV2-70D	intergenic	intergenic	2621	IGH
igh_983069	983069	IGHV2-70D	intergenic	intergenic	876	IGH
igh_855544	855544	IGHV3-53	intergenic	intergenic	1937	IGH
igh_855959	855959	IGHV3-53	intergenic	intergenic	2352	IGH
igh_855979	855979	IGHV3-53	intergenic	intergenic	2372	IGH
igh_856035	856035	IGHV3-53	intergenic	intergenic	2428	IGH
igh_1035510	1035510	IGHV2-70	intergenic	intergenic	4063	IGH
igh_890728	890728	IGHV4-59	intergenic	intergenic	2602	IGH
igh_696676	696676	IGHV4-39	intergenic	intergenic	14084	IGH
igh_696685	696685	IGHV4-39	intergenic	intergenic	14093	IGH
igh_684026	684026	IGHV4-39	intergenic	intergenic	1434	IGH
igh_926703	926703	IGHV3-64	intergenic	intergenic	8035	IGH
igh_482465	482465	IGHV3-30	intergenic	intergenic	2918	IGH
igh_280614	280614	IGHV3-13	intergenic	intergenic	11041	IGH
igh_811375	811375	IGHV3-49	intergenic	intergenic	5932	IGH
igh_583421	583421	IGHV3-35	intergenic	intergenic	5202	IGH
igh_584986	584986	IGHV3-35	intergenic	intergenic	3637	IGH
igh_586659	586659	IGHV3-35	intergenic	intergenic	1964	IGH
igh_729672	729672	IGHV3-43	intergenic	intergenic	962	IGH
igh_877370	877370	IGHV1-58	intergenic	intergenic	5358	IGH
igh_319725	319725	IGHV1-18	intergenic	intergenic	4635	IGH
igh_129060	129060	IGHV1-2	intergenic	intergenic	2479	IGH
igh_49280	49280	IGHD1-7	intergenic	intergenic	99	IGH
igh_791274	791274	IGHV3-48	intergenic	intergenic	6907	IGH
igh_791294_1	791294	IGHV3-48	intergenic	intergenic	6887	IGH
igh_988414	988414	IGHV2-70D	intergenic	intergenic	3970	IGH
igh_902417	902417	IGHV3-62	intergenic	intergenic	1084	IGH
igh_903040	903040	IGHV3-62	intergenic	intergenic	461	IGH
igh_903182	903182	IGHV3-62	intergenic	intergenic	319	IGH
igh_903450	903450	IGHV3-62	intergenic	intergenic	51	IGH
igh_903460	903460	IGHV3-62	intergenic	intergenic	41	IGH
igh_904050	904050	IGHV3-62	intergenic	intergenic	4	IGH
igh_421608	421608	IGHV3-23D	intergenic	intergenic	2129	IGH
igh_889870	889870	IGHV4-59	intergenic	intergenic	1744	IGH
igh_527511	527511	IGHV4-30-4	intergenic	intergenic	3483	IGH
igh_1003156	1003156	IGHV1-69-2	intergenic	intergenic	5142	IGH
igh_895306	895306	IGHV4-61	intergenic	intergenic	4184	IGH
igh_895409	895409	IGHV4-61	intergenic	intergenic	4081	IGH
igh_895624	895624	IGHV4-61	intergenic	intergenic	3866	IGH
igh_896031	896031	IGHV4-61	intergenic	intergenic	3459	IGH
igh_896964	896964	IGHV4-61	intergenic	intergenic	2526	IGH
igh_897548	897548	IGHV4-61	intergenic	intergenic	1942	IGH
igh_1018466	1018466	IGHV1-69D	intergenic	intergenic	3997	IGH
igh_476475	476475	IGHV4-28	intergenic	intergenic	1408	IGH
igh_1182561	1182561	IGHV3-9	intergenic	intergenic	8528	IGH
igh_411184	411184	IGHV3-23	intergenic	intergenic	2546	IGH
igh_585970	585970	IGHV3-35	intergenic	intergenic	2653	IGH
igh_825938	825938	IGHV3-49	intergenic	intergenic	8052	IGH
igh_905049	905049	IGHV3-62	intergenic	intergenic	1003	IGH
igh_846309	846309	IGHV8-51-1	intergenic	intergenic	1757	IGH
igh_758210	758210	IGHV1-45	intergenic	intergenic	9157	IGH
igh_758341	758341	IGHV1-45	intergenic	intergenic	9026	IGH
igh_763791	763791	IGHV1-45	intergenic	intergenic	3576	IGH
igh_764640	764640	IGHV1-45	intergenic	intergenic	2727	IGH
igh_764877	764877	IGHV1-45	intergenic	intergenic	2490	IGH
igh_765464	765464	IGHV1-45	intergenic	intergenic	1903	IGH
igh_901645	901645	IGHV4-61	intergenic	intergenic	1643	IGH
igh_901674	901674	IGHV4-61	intergenic	intergenic	1672	IGH
igh_488724	488724	IGHV3-30	intergenic	intergenic	2769	IGH
igh_966560	966560	IGHV1-69	intergenic	intergenic	8493	IGH
igh_894121	894121	IGHV4-61	intergenic	intergenic	5369	IGH
igh_894153	894153	IGHV4-61	intergenic	intergenic	5337	IGH
igh_894314	894314	IGHV4-61	intergenic	intergenic	5176	IGH
igh_900629	900629	IGHV4-61	intergenic	intergenic	627	IGH
igh_900826	900826	IGHV4-61	intergenic	intergenic	824	IGH
igh_670276	670276	IGHV1-38-4	intergenic	intergenic	5232	IGH
igh_198345	198345	IGHV3-7	intergenic	intergenic	3265	IGH
igh_605588	605588	IGHV3-38	intergenic	intergenic	4137	IGH
igh_605600	605600	IGHV3-38	intergenic	intergenic	4125	IGH
igh_1037944	1037944	IGHV2-70	intergenic	intergenic	6497	IGH
igh_1027464	1027464	IGHV2-70	intergenic	intergenic	3484	IGH
igh_487463	487463	IGHV3-30	intergenic	intergenic	1508	IGH
igh_182683	182683	IGHV2-5	intergenic	intergenic	4821	IGH
igh_670780	670780	IGHV1-38-4	intergenic	intergenic	4728	IGH
igh_670819	670819	IGHV1-38-4	intergenic	intergenic	4689	IGH
igh_670831	670831	IGHV1-38-4	intergenic	intergenic	4677	IGH
igh_670836	670836	IGHV1-38-4	intergenic	intergenic	4672	IGH
igh_670794	670794	IGHV1-38-4	intergenic	intergenic	4714	IGH
igh_670796	670796	IGHV1-38-4	intergenic	intergenic	4712	IGH
igh_881711	881711	IGHV1-58	intergenic	intergenic	1017	IGH
igh_596686	596686	IGHV3-35	intergenic	intergenic	7496	IGH
igh_707116	707116	IGHV3-43	intergenic	intergenic	23518	IGH
igh_315504	315504	IGHV1-18	intergenic	intergenic	8856	IGH
igh_510549	510549	IGHV3-30-3	intergenic	intergenic	661	IGH
igh_497852	497852	IGHV4-30-2	intergenic	intergenic	1734	IGH
igh_497853	497853	IGHV4-30-2	intergenic	intergenic	1733	IGH
igh_890304	890304	IGHV4-59	intergenic	intergenic	2178	IGH
igh_955196	955196	IGHV3-66	intergenic	intergenic	19241	IGH
igh_955255	955255	IGHV3-66	intergenic	intergenic	19300	IGH
igh_1022037	1022037	IGHV1-69D	intergenic	intergenic	426	IGH
igh_332283	332283	IGHV1-18	intergenic	intergenic	7393	IGH
igh_1029699	1029699	IGHV2-70	intergenic	intergenic	1249	IGH
igh_902355	902355	IGHV3-62	intergenic	intergenic	1146	IGH
igh_902643	902643	IGHV3-62	intergenic	intergenic	858	IGH
igh_904280	904280	IGHV3-62	intergenic	intergenic	234	IGH
igh_904954	904954	IGHV3-62	intergenic	intergenic	908	IGH
igh_905330	905330	IGHV3-62	intergenic	intergenic	1284	IGH
igh_905331	905331	IGHV3-62	intergenic	intergenic	1285	IGH
igh_905739	905739	IGHV3-62	intergenic	intergenic	1693	IGH
igh_905826	905826	IGHV3-62	intergenic	intergenic	1780	IGH
igh_591158	591158	IGHV3-35	intergenic	intergenic	1968	IGH
igh_901694	901694	IGHV4-61	intergenic	intergenic	1692	IGH
igh_86944	86944	IGHV6-1	intergenic	intergenic	7192	IGH
igh_3210	3210	IGHJ5	intergenic	intergenic	104	IGH
igh_776273	776273	IGHV1-46	intergenic	intergenic	4252	IGH
igh_1018462	1018462	IGHV1-69D	intergenic	intergenic	4001	IGH
igh_827401	827401	IGHV3-49	intergenic	intergenic	9515	IGH
igh_1018477	1018477	IGHV1-69D	intergenic	intergenic	3986	IGH
igh_1018528	1018528	IGHV1-69D	intergenic	intergenic	3935	IGH
igh_1018532	1018532	IGHV1-69D	intergenic	intergenic	3931	IGH
igh_792853	792853	IGHV3-48	intergenic	intergenic	5328	IGH
igh_971376	971376	IGHV1-69	intergenic	intergenic	3677	IGH
igh_528392	528392	IGHV4-30-4	intergenic	intergenic	4364	IGH
igh_876083	876083	IGHV1-58	intergenic	intergenic	6645	IGH
igh_105472	105472	IGHV1-2	intergenic	intergenic	20571	IGH
igh_96308	96308	IGHV6-1	intergenic	intergenic	16556	IGH
igh_101586	101586	IGHV6-1	intergenic	intergenic	21834	IGH
igh_901357	901357	IGHV4-61	intergenic	intergenic	1355	IGH
igh_635387	635387	IGHV3-43D	intergenic	intergenic	884	IGH
igh_635430	635430	IGHV3-43D	intergenic	intergenic	841	IGH
igh_171231	171231	IGHV7-4-1	intergenic	intergenic	6095	IGH
igh_465828	465828	IGHV4-28	intergenic	intergenic	8729	IGH
igh_1158275	1158275	IGHV1-8	intergenic	intergenic	1987	IGH
igh_1159580	1159580	IGHV1-8	intergenic	intergenic	682	IGH
igh_1159762	1159762	IGHV1-8	intergenic	intergenic	500	IGH
igh_1159769	1159769	IGHV1-8	intergenic	intergenic	493	IGH
igh_1160061	1160061	IGHV1-8	intergenic	intergenic	201	IGH
igh_1161462	1161462	IGHV1-8	intergenic	intergenic	668	IGH
igh_1161544	1161544	IGHV1-8	intergenic	intergenic	750	IGH
igh_430979	430979	IGHV1-24	intergenic	intergenic	3596	IGH
igh_1079623	1079623	IGHV3-74	intergenic	intergenic	8251	IGH
igh_392160	392160	IGHV3-23	intergenic	intergenic	15904	IGH
igh_726854	726854	IGHV3-43	intergenic	intergenic	3780	IGH
igh_720782	720782	IGHV3-43	intergenic	intergenic	9852	IGH
igh_213168	213168	IGHV3-7	intergenic	intergenic	10987	IGH
igh_491700	491700	IGHV3-30	intergenic	intergenic	5745	IGH
igh_282137	282137	IGHV3-15	intergenic	intergenic	10946	IGH
igh_870998	870998	IGHV1-58	intergenic	intergenic	11730	IGH
igh_308135	308135	IGHV3-16	intergenic	intergenic	2904	IGH
igh_1172162	1172162	IGHV3-9	intergenic	intergenic	1307	IGH
igh_641581	641581	IGHV3-43D	intergenic	intergenic	4735	IGH
igh_641689	641689	IGHV3-43D	intergenic	intergenic	4843	IGH
igh_1001761	1001761	IGHV1-69-2	intergenic	intergenic	3747	IGH
igh_671076	671076	IGHV1-38-4	intergenic	intergenic	4432	IGH
igh_670510	670510	IGHV1-38-4	intergenic	intergenic	4998	IGH
igh_670511	670511	IGHV1-38-4	intergenic	intergenic	4997	IGH
igh_670549	670549	IGHV1-38-4	intergenic	intergenic	4959	IGH
igh_670553	670553	IGHV1-38-4	intergenic	intergenic	4955	IGH
igh_670555	670555	IGHV1-38-4	intergenic	intergenic	4953	IGH
igh_670558	670558	IGHV1-38-4	intergenic	intergenic	4950	IGH
igh_670572	670572	IGHV1-38-4	intergenic	intergenic	4936	IGH
igh_670573	670573	IGHV1-38-4	intergenic	intergenic	4935	IGH
igh_670582	670582	IGHV1-38-4	intergenic	intergenic	4926	IGH
igh_670583	670583	IGHV1-38-4	intergenic	intergenic	4925	IGH
igh_670587	670587	IGHV1-38-4	intergenic	intergenic	4921	IGH
igh_670588	670588	IGHV1-38-4	intergenic	intergenic	4920	IGH
igh_670589	670589	IGHV1-38-4	intergenic	intergenic	4919	IGH
igh_670604	670604	IGHV1-38-4	intergenic	intergenic	4904	IGH
igh_670606	670606	IGHV1-38-4	intergenic	intergenic	4902	IGH
igh_670633	670633	IGHV1-38-4	intergenic	intergenic	4875	IGH
igh_670644	670644	IGHV1-38-4	intergenic	intergenic	4864	IGH
igh_670702	670702	IGHV1-38-4	intergenic	intergenic	4806	IGH
igh_670707	670707	IGHV1-38-4	intergenic	intergenic	4801	IGH
igh_670729	670729	IGHV1-38-4	intergenic	intergenic	4779	IGH
igh_670767	670767	IGHV1-38-4	intergenic	intergenic	4741	IGH
igh_670768	670768	IGHV1-38-4	intergenic	intergenic	4740	IGH
igh_670844	670844	IGHV1-38-4	intergenic	intergenic	4664	IGH
igh_670845	670845	IGHV1-38-4	intergenic	intergenic	4663	IGH
igh_670848	670848	IGHV1-38-4	intergenic	intergenic	4660	IGH
igh_670918	670918	IGHV1-38-4	intergenic	intergenic	4590	IGH
igh_670934	670934	IGHV1-38-4	intergenic	intergenic	4574	IGH
igh_670949	670949	IGHV1-38-4	intergenic	intergenic	4559	IGH
igh_670974	670974	IGHV1-38-4	intergenic	intergenic	4534	IGH
igh_670978	670978	IGHV1-38-4	intergenic	intergenic	4530	IGH
igh_671010	671010	IGHV1-38-4	intergenic	intergenic	4498	IGH
igh_671022	671022	IGHV1-38-4	intergenic	intergenic	4486	IGH
igh_671030	671030	IGHV1-38-4	intergenic	intergenic	4478	IGH
igh_671091	671091	IGHV1-38-4	intergenic	intergenic	4417	IGH
igh_671158	671158	IGHV1-38-4	intergenic	intergenic	4350	IGH
igh_671201	671201	IGHV1-38-4	intergenic	intergenic	4307	IGH
igh_671209	671209	IGHV1-38-4	intergenic	intergenic	4299	IGH
igh_671261	671261	IGHV1-38-4	intergenic	intergenic	4247	IGH
igh_671412	671412	IGHV1-38-4	intergenic	intergenic	4096	IGH
igh_671413	671413	IGHV1-38-4	intergenic	intergenic	4095	IGH
igh_671443	671443	IGHV1-38-4	intergenic	intergenic	4065	IGH
igh_1167253	1167253	IGHV3-9	intergenic	intergenic	6216	IGH
igh_904123	904123	IGHV3-62	intergenic	intergenic	77	IGH
igh_904849	904849	IGHV3-62	intergenic	intergenic	803	IGH
igh_1018658	1018658	IGHV1-69D	intergenic	intergenic	3805	IGH
igh_1086180	1086180	IGHV3-74	intergenic	intergenic	14808	IGH
igh_174366	174366	IGHV2-5	intergenic	intergenic	2997	IGH
igh_753060	753060	IGHV1-45	intergenic	intergenic	14307	IGH
igh_1171724	1171724	IGHV3-9	intergenic	intergenic	1745	IGH
igh_1018664	1018664	IGHV1-69D	intergenic	intergenic	3799	IGH
igh_1018667	1018667	IGHV1-69D	intergenic	intergenic	3796	IGH
igh_531190	531190	IGHV3-30-5	intergenic	intergenic	3125	IGH
igh_531603	531603	IGHV3-30-5	intergenic	intergenic	2712	IGH
igh_490213	490213	IGHV3-30	intergenic	intergenic	4258	IGH
igh_750286	750286	IGHV1-45	intergenic	intergenic	17081	IGH
igh_962257	962257	IGHV1-69	intergenic	intergenic	12796	IGH
igh_49202	49202	IGHD1-7	intergenic	intergenic	177	IGH
igh_742888	742888	IGHV3-43	intergenic	intergenic	11677	IGH
igh_899173	899173	IGHV4-61	intergenic	intergenic	317	IGH
igh_899450	899450	IGHV4-61	intergenic	intergenic	40	IGH
igh_900572	900572	IGHV4-61	intergenic	intergenic	570	IGH
igh_901106	901106	IGHV4-61	intergenic	intergenic	1104	IGH
igh_901360	901360	IGHV4-61	intergenic	intergenic	1358	IGH
igh_901371	901371	IGHV4-61	intergenic	intergenic	1369	IGH
igh_901833	901833	IGHV3-62	intergenic	intergenic	1668	IGH
igh_1018317	1018317	IGHV1-69D	intergenic	intergenic	4146	IGH
igh_907665	907665	IGHV3-62	intergenic	intergenic	3619	IGH
igh_907832	907832	IGHV3-62	intergenic	intergenic	3786	IGH
igh_909314	909314	IGHV3-62	intergenic	intergenic	5268	IGH
igh_909704	909704	IGHV3-62	intergenic	intergenic	5658	IGH
igh_910085	910085	IGHV3-62	intergenic	intergenic	6039	IGH
igh_484150	484150	IGHV3-30	intergenic	intergenic	1233	IGH
igh_717956	717956	IGHV3-43	intergenic	intergenic	12678	IGH
igh_492728	492728	IGHV3-30	intergenic	intergenic	6773	IGH
igh_1076666	1076666	IGHV3-74	intergenic	intergenic	5294	IGH
igh_1079407	1079407	IGHV3-74	intergenic	intergenic	8035	IGH
igh_1080485	1080485	IGHV3-74	intergenic	intergenic	9113	IGH
igh_805489	805489	IGHV3-48	intergenic	intergenic	6741	IGH
igh_809571	809571	IGHV3-49	intergenic	intergenic	7736	IGH
igh_529593	529593	IGHV3-30-5	intergenic	intergenic	4722	IGH
igh_529612	529612	IGHV3-30-5	intergenic	intergenic	4703	IGH
igh_529716	529716	IGHV3-30-5	intergenic	intergenic	4599	IGH
igh_530074	530074	IGHV3-30-5	intergenic	intergenic	4241	IGH
igh_530139	530139	IGHV3-30-5	intergenic	intergenic	4176	IGH
igh_530177	530177	IGHV3-30-5	intergenic	intergenic	4138	IGH
igh_530185	530185	IGHV3-30-5	intergenic	intergenic	4130	IGH
igh_530536	530536	IGHV3-30-5	intergenic	intergenic	3779	IGH
igh_49526	49526	IGHD1-7	intergenic	intergenic	74	IGH
igh_488261	488261	IGHV3-30	intergenic	intergenic	2306	IGH
igh_1155744	1155744	IGHV1-8	intergenic	intergenic	4518	IGH
igh_888977	888977	IGHV4-59	intergenic	intergenic	851	IGH
igh_903432	903432	IGHV3-62	intergenic	intergenic	69	IGH
igh_489024	489024	IGHV3-30	intergenic	intergenic	3069	IGH
igh_440514	440514	IGHV3-25	intergenic	intergenic	613	IGH
igh_889266	889266	IGHV4-59	intergenic	intergenic	1140	IGH
igh_1037943	1037943	IGHV2-70	intergenic	intergenic	6496	IGH
igh_120753	120753	IGHV1-2	intergenic	intergenic	5290	IGH
igh_160815	160815	IGHV7-4-1	intergenic	intergenic	3791	IGH
igh_162302	162302	IGHV7-4-1	intergenic	intergenic	2304	IGH
igh_162361	162361	IGHV7-4-1	intergenic	intergenic	2245	IGH
igh_163542	163542	IGHV7-4-1	intergenic	intergenic	1064	IGH
igh_732890	732890	IGHV3-43	intergenic	intergenic	1679	IGH
igh_528999	528999	IGHV4-30-4	intergenic	intergenic	4971	IGH
igh_529026	529026	IGHV4-30-4	intergenic	intergenic	4998	IGH
igh_529205	529205	IGHV3-30-5	intergenic	intergenic	5110	IGH
igh_529249	529249	IGHV3-30-5	intergenic	intergenic	5066	IGH
igh_529254	529254	IGHV3-30-5	intergenic	intergenic	5061	IGH
igh_598004	598004	IGHV3-35	intergenic	intergenic	8814	IGH
igh_525405	525405	IGHV4-30-4	intergenic	intergenic	1377	IGH
igh_102579	102579	IGHV6-1	intergenic	intergenic	22827	IGH
igh_443442	443442	IGHV3-25	intergenic	intergenic	3541	IGH
igh_280887	280887	IGHV3-13	intergenic	intergenic	11314	IGH
igh_49710	49710	IGHD6-6	intergenic	intergenic	172	IGH
igh_692774	692774	IGHV4-39	intergenic	intergenic	10182	IGH
igh_528659	528659	IGHV4-30-4	intergenic	intergenic	4631	IGH
igh_528773	528773	IGHV4-30-4	intergenic	intergenic	4745	IGH
igh_528796	528796	IGHV4-30-4	intergenic	intergenic	4768	IGH
igh_528845	528845	IGHV4-30-4	intergenic	intergenic	4817	IGH
igh_404219	404219	IGHV3-23	intergenic	intergenic	3845	IGH
igh_632334	632334	IGHV3-43D	intergenic	intergenic	3937	IGH
igh_861542	861542	IGHV3-53	intergenic	intergenic	7935	IGH
igh_861807	861807	IGHV3-53	intergenic	intergenic	8200	IGH
igh_862914	862914	IGHV3-53	intergenic	intergenic	9307	IGH
igh_867203	867203	IGHV3-53	intergenic	intergenic	13596	IGH
igh_816655	816655	IGHV3-49	intergenic	intergenic	652	IGH
igh_351281	351281	IGHV3-20	intergenic	intergenic	309	IGH
igh_420987	420987	IGHV3-23D	intergenic	intergenic	1508	IGH
igh_1018674	1018674	IGHV1-69D	intergenic	intergenic	3789	IGH
igh_1012723	1012723	IGHV1-69D	intergenic	intergenic	9740	IGH
igh_1013119	1013119	IGHV1-69D	intergenic	intergenic	9344	IGH
igh_786170	786170	IGHV3-48	intergenic	intergenic	12011	IGH
igh_306289	306289	IGHV3-16	intergenic	intergenic	1058	IGH
igh_307220	307220	IGHV3-16	intergenic	intergenic	1989	IGH
igh_670634	670634	IGHV1-38-4	intergenic	intergenic	4874	IGH
igh_509002	509002	IGHV3-30-3	intergenic	intergenic	314	IGH
igh_637404	637404	IGHV3-43D	intergenic	intergenic	558	IGH
igh_638621	638621	IGHV3-43D	intergenic	intergenic	1775	IGH
igh_638706	638706	IGHV3-43D	intergenic	intergenic	1860	IGH
igh_906103	906103	IGHV3-62	intergenic	intergenic	2057	IGH
igh_639566	639566	IGHV3-43D	intergenic	intergenic	2720	IGH
igh_533444	533444	IGHV3-30-5	intergenic	intergenic	871	IGH
igh_534126	534126	IGHV3-30-5	intergenic	intergenic	189	IGH
igh_960244	960244	IGHV1-69	intergenic	intergenic	14809	IGH
igh_960256	960256	IGHV1-69	intergenic	intergenic	14797	IGH
igh_683208	683208	IGHV4-39	intergenic	intergenic	616	IGH
igh_960403	960403	IGHV1-69	intergenic	intergenic	14650	IGH
igh_960706	960706	IGHV1-69	intergenic	intergenic	14347	IGH
igh_961065	961065	IGHV1-69	intergenic	intergenic	13988	IGH
igh_961218	961218	IGHV1-69	intergenic	intergenic	13835	IGH
igh_961228	961228	IGHV1-69	intergenic	intergenic	13825	IGH
igh_961305	961305	IGHV1-69	intergenic	intergenic	13748	IGH
igh_961529	961529	IGHV1-69	intergenic	intergenic	13524	IGH
igh_963723	963723	IGHV1-69	intergenic	intergenic	11330	IGH
igh_524933	524933	IGHV4-30-4	intergenic	intergenic	905	IGH
igh_966778	966778	IGHV1-69	intergenic	intergenic	8275	IGH
igh_1171072	1171072	IGHV3-9	intergenic	intergenic	2397	IGH
igh_1171269	1171269	IGHV3-9	intergenic	intergenic	2200	IGH
igh_528991	528991	IGHV4-30-4	intergenic	intergenic	4963	IGH
igh_579573	579573	IGHV4-34	intergenic	intergenic	6169	IGH
igh_579785	579785	IGHV4-34	intergenic	intergenic	6381	IGH
igh_891177	891177	IGHV4-59	intergenic	intergenic	3051	IGH
igh_891211	891211	IGHV4-59	intergenic	intergenic	3085	IGH
igh_891228	891228	IGHV4-59	intergenic	intergenic	3102	IGH
igh_891253	891253	IGHV4-59	intergenic	intergenic	3127	IGH
igh_891254	891254	IGHV4-59	intergenic	intergenic	3128	IGH
igh_891270	891270	IGHV4-59	intergenic	intergenic	3144	IGH
igh_891280	891280	IGHV4-59	intergenic	intergenic	3154	IGH
igh_891282	891282	IGHV4-59	intergenic	intergenic	3156	IGH
igh_891385	891385	IGHV4-59	intergenic	intergenic	3259	IGH
igh_665734	665734	IGHV3-38-3	intergenic	intergenic	7662	IGH
igh_1043326	1043326	IGHV3-72	intergenic	intergenic	7737	IGH
igh_639608	639608	IGHV3-43D	intergenic	intergenic	2762	IGH
igh_982641	982641	IGHV2-70D	intergenic	intergenic	1304	IGH
igh_1025696	1025696	IGHV1-69D	intergenic	intergenic	2697	IGH
igh_2185	2185	IGHJ6	intergenic	intergenic	513	IGH
igh_905214	905214	IGHV3-62	intergenic	intergenic	1168	IGH
igh_910736	910736	IGHV3-62	intergenic	intergenic	6690	IGH
igh_910847	910847	IGHV3-62	intergenic	intergenic	6801	IGH
igh_910848	910848	IGHV3-62	intergenic	intergenic	6802	IGH
igh_910851	910851	IGHV3-62	intergenic	intergenic	6805	IGH
igh_910855	910855	IGHV3-62	intergenic	intergenic	6809	IGH
igh_696855	696855	IGHV4-39	intergenic	intergenic	14263	IGH
igh_696922	696922	IGHV4-39	intergenic	intergenic	14330	IGH
igh_1013767	1013767	IGHV1-69D	intergenic	intergenic	8696	IGH
igh_772467	772467	IGHV1-46	intergenic	intergenic	446	IGH
igh_500411	500411	IGHV4-30-2	intergenic	intergenic	314	IGH
igh_925083	925083	IGHV3-64	intergenic	intergenic	6415	IGH
igh_913146	913146	IGHV3-64	intergenic	intergenic	4948	IGH
igh_689157	689157	IGHV4-39	intergenic	intergenic	6565	IGH
igh_425716	425716	IGHV1-24	intergenic	intergenic	1133	IGH
igh_383015	383015	IGHV3-21	intergenic	intergenic	7920	IGH
igh_530896	530896	IGHV3-30-5	intergenic	intergenic	3419	IGH
igh_262263	262263	IGHV3-11	intergenic	intergenic	5598	IGH
igh_262623	262623	IGHV3-11	intergenic	intergenic	5958	IGH
igh_263986	263986	IGHV3-13	intergenic	intergenic	5015	IGH
igh_265956	265956	IGHV3-13	intergenic	intergenic	3045	IGH
igh_820135	820135	IGHV3-49	intergenic	intergenic	2249	IGH
igh_108925	108925	IGHV1-2	intergenic	intergenic	17118	IGH
igh_20383	20383	IGHD1-26	intergenic	intergenic	123	IGH
igh_892727	892727	IGHV4-59	intergenic	intergenic	4601	IGH
igh_892776	892776	IGHV4-59	intergenic	intergenic	4650	IGH
igh_892989	892989	IGHV4-59	intergenic	intergenic	4863	IGH
igh_893030	893030	IGHV4-59	intergenic	intergenic	4904	IGH
igh_5217	5217	IGHD7-27	intergenic	intergenic	127	IGH
igh_488670	488670	IGHV3-30	intergenic	intergenic	2715	IGH
igh_600764	600764	IGHV3-38	intergenic	intergenic	8961	IGH
igh_694380	694380	IGHV4-39	intergenic	intergenic	11788	IGH
igh_889200	889200	IGHV4-59	intergenic	intergenic	1074	IGH
igh_889376	889376	IGHV4-59	intergenic	intergenic	1250	IGH
igh_644925	644925	IGHV3-43D	intergenic	intergenic	8079	IGH
igh_421447	421447	IGHV3-23D	intergenic	intergenic	1968	IGH
igh_1018341	1018341	IGHV1-69D	intergenic	intergenic	4122	IGH
igh_1018368	1018368	IGHV1-69D	intergenic	intergenic	4095	IGH
igh_959822	959822	IGHV1-69	intergenic	intergenic	15231	IGH
igh_1022326	1022326	IGHV1-69D	intergenic	intergenic	137	IGH
igh_325767	325767	IGHV1-18	intergenic	intergenic	877	IGH
igh_892892	892892	IGHV4-59	intergenic	intergenic	4766	IGH
igh_893189	893189	IGHV4-59	intergenic	intergenic	5063	IGH
igh_880009	880009	IGHV1-58	intergenic	intergenic	2719	IGH
igh_880398	880398	IGHV1-58	intergenic	intergenic	2330	IGH
igh_881462	881462	IGHV1-58	intergenic	intergenic	1266	IGH
igh_665332	665332	IGHV3-38-3	intergenic	intergenic	7260	IGH
igh_1013237	1013237	IGHV1-69D	intergenic	intergenic	9226	IGH
igh_715193	715193	IGHV3-43	intergenic	intergenic	15441	IGH
igh_562790	562790	IGHV3-33	intergenic	intergenic	3194	IGH
igh_695547	695547	IGHV4-39	intergenic	intergenic	12955	IGH
igh_253864	253864	IGHV3-11	intergenic	intergenic	2232	IGH
igh_167177	167177	IGHV7-4-1	intergenic	intergenic	2041	IGH
igh_670165	670165	IGHV1-38-4	intergenic	intergenic	5343	IGH
igh_670213	670213	IGHV1-38-4	intergenic	intergenic	5295	IGH
igh_670216	670216	IGHV1-38-4	intergenic	intergenic	5292	IGH
igh_670230	670230	IGHV1-38-4	intergenic	intergenic	5278	IGH
igh_335522	335522	IGHV1-18	intergenic	intergenic	10632	IGH
igh_1130374	1130374	IGHV7-81	intergenic	intergenic	4578	IGH
igh_900621	900621	IGHV4-61	intergenic	intergenic	619	IGH
igh_804149	804149	IGHV3-48	intergenic	intergenic	5401	IGH
igh_171055	171055	IGHV7-4-1	intergenic	intergenic	5919	IGH
igh_730633	730633	IGHV3-43	intergenic	intergenic	1	IGH
igh_988560	988560	IGHV2-70D	intergenic	intergenic	4116	IGH
igh_988591	988591	IGHV2-70D	intergenic	intergenic	4147	IGH
igh_852726	852726	IGHV3-53	intergenic	intergenic	321	IGH
igh_699735	699735	IGHV4-39	intergenic	intergenic	17143	IGH
igh_489448	489448	IGHV3-30	intergenic	intergenic	3493	IGH
igh_1114614	1114614	IGHV7-81	intergenic	intergenic	20338	IGH
igh_165778	165778	IGHV7-4-1	intergenic	intergenic	642	IGH
igh_166129	166129	IGHV7-4-1	intergenic	intergenic	993	IGH
igh_1013471	1013471	IGHV1-69D	intergenic	intergenic	8992	IGH
igh_347734	347734	IGHV3-20	intergenic	intergenic	2663	IGH
igh_970678	970678	IGHV1-69	intergenic	intergenic	4375	IGH
igh_723258	723258	IGHV3-43	intergenic	intergenic	7376	IGH
igh_910231	910231	IGHV3-62	intergenic	intergenic	6185	IGH
igh_921124	921124	IGHV3-64	intergenic	intergenic	2456	IGH
igh_916283	916283	IGHV3-64	intergenic	intergenic	1811	IGH
igh_432323	432323	IGHV1-24	intergenic	intergenic	4940	IGH
igh_432324	432324	IGHV1-24	intergenic	intergenic	4941	IGH
igh_852067	852067	IGHV3-53	intergenic	intergenic	980	IGH
igh_370007	370007	IGHV3-21	intergenic	intergenic	4516	IGH
igh_890656	890656	IGHV4-59	intergenic	intergenic	2530	IGH
igh_891439	891439	IGHV4-59	intergenic	intergenic	3313	IGH
igh_891963	891963	IGHV4-59	intergenic	intergenic	3837	IGH
igh_892199	892199	IGHV4-59	intergenic	intergenic	4073	IGH
igh_727441	727441	IGHV3-43	intergenic	intergenic	3193	IGH
igh_1011677	1011677	IGHV1-69D	intergenic	intergenic	10786	IGH
igh_326072	326072	IGHV1-18	intergenic	intergenic	1182	IGH
igh_329953	329953	IGHV1-18	intergenic	intergenic	5063	IGH
igh_315916	315916	IGHV1-18	intergenic	intergenic	8444	IGH
igh_318848	318848	IGHV1-18	intergenic	intergenic	5512	IGH
igh_320907	320907	IGHV1-18	intergenic	intergenic	3453	IGH
igh_321501	321501	IGHV1-18	intergenic	intergenic	2859	IGH
igh_322671	322671	IGHV1-18	intergenic	intergenic	1689	IGH
igh_322841	322841	IGHV1-18	intergenic	intergenic	1519	IGH
igh_322929	322929	IGHV1-18	intergenic	intergenic	1431	IGH
igh_110492	110492	IGHV1-2	intergenic	intergenic	15551	IGH
igh_107930	107930	IGHV1-2	intergenic	intergenic	18113	IGH
igh_514374	514374	IGHV3-30-3	intergenic	intergenic	4486	IGH
igh_900007	900007	IGHV4-61	intergenic	intergenic	5	IGH
igh_1020505	1020505	IGHV1-69D	intergenic	intergenic	1958	IGH
igh_1020520	1020520	IGHV1-69D	intergenic	intergenic	1943	IGH
igh_1043360	1043360	IGHV3-72	intergenic	intergenic	7703	IGH
igh_567987	567987	IGHV4-34	intergenic	intergenic	4907	IGH
igh_1123831	1123831	IGHV7-81	intergenic	intergenic	11121	IGH
igh_1134666	1134666	IGHV7-81	intergenic	intergenic	286	IGH
igh_901142	901142	IGHV4-61	intergenic	intergenic	1140	IGH
igh_961828	961828	IGHV1-69	intergenic	intergenic	13225	IGH
igh_349268	349268	IGHV3-20	intergenic	intergenic	1129	IGH
igh_366092	366092	IGHV3-21	intergenic	intergenic	8431	IGH
igh_1023530	1023530	IGHV1-69D	intergenic	intergenic	531	IGH
igh_262663	262663	IGHV3-11	intergenic	intergenic	5998	IGH
igh_852287	852287	IGHV3-53	intergenic	intergenic	760	IGH
igh_852377	852377	IGHV3-53	intergenic	intergenic	670	IGH
igh_852745	852745	IGHV3-53	intergenic	intergenic	302	IGH
igh_852747	852747	IGHV3-53	intergenic	intergenic	300	IGH
igh_852752	852752	IGHV3-53	intergenic	intergenic	295	IGH
igh_959486	959486	IGHV1-69	intergenic	intergenic	15567	IGH
igh_484350	484350	IGHV3-30	intergenic	intergenic	1033	IGH
igh_622365	622365	IGHV4-38-2	intergenic	intergenic	927	IGH
igh_796382	796382	IGHV3-48	intergenic	intergenic	1799	IGH
igh_602553	602553	IGHV3-38	intergenic	intergenic	7172	IGH
igh_618049	618049	IGHV4-38-2	intergenic	intergenic	2882	IGH
igh_758751	758751	IGHV1-45	intergenic	intergenic	8616	IGH
igh_898803	898803	IGHV4-61	intergenic	intergenic	687	IGH
igh_898844	898844	IGHV4-61	intergenic	intergenic	646	IGH
igh_901252	901252	IGHV4-61	intergenic	intergenic	1250	IGH
igh_905456	905456	IGHV3-62	intergenic	intergenic	1410	IGH
igh_905464	905464	IGHV3-62	intergenic	intergenic	1418	IGH
igh_317230	317230	IGHV1-18	intergenic	intergenic	7130	IGH
igh_691488	691488	IGHV4-39	intergenic	intergenic	8896	IGH
igh_700400	700400	IGHV4-39	intergenic	intergenic	17808	IGH
igh_911634	911634	IGHV3-64	intergenic	intergenic	6460	IGH
igh_911775	911775	IGHV3-64	intergenic	intergenic	6319	IGH
igh_912166	912166	IGHV3-64	intergenic	intergenic	5928	IGH
igh_912195	912195	IGHV3-64	intergenic	intergenic	5899	IGH
igh_912242	912242	IGHV3-64	intergenic	intergenic	5852	IGH
igh_912243	912243	IGHV3-64	intergenic	intergenic	5851	IGH
igh_912282	912282	IGHV3-64	intergenic	intergenic	5812	IGH
igh_912365	912365	IGHV3-64	intergenic	intergenic	5729	IGH
igh_912535	912535	IGHV3-64	intergenic	intergenic	5559	IGH
igh_912617	912617	IGHV3-64	intergenic	intergenic	5477	IGH
igh_912684	912684	IGHV3-64	intergenic	intergenic	5410	IGH
igh_912698	912698	IGHV3-64	intergenic	intergenic	5396	IGH
igh_912701	912701	IGHV3-64	intergenic	intergenic	5393	IGH
igh_913075	913075	IGHV3-64	intergenic	intergenic	5019	IGH
igh_913422	913422	IGHV3-64	intergenic	intergenic	4672	IGH
igh_913673	913673	IGHV3-64	intergenic	intergenic	4421	IGH
igh_914086	914086	IGHV3-64	intergenic	intergenic	4008	IGH
igh_914087	914087	IGHV3-64	intergenic	intergenic	4007	IGH
igh_914254	914254	IGHV3-64	intergenic	intergenic	3840	IGH
igh_914388	914388	IGHV3-64	intergenic	intergenic	3706	IGH
igh_914531	914531	IGHV3-64	intergenic	intergenic	3563	IGH
igh_914532	914532	IGHV3-64	intergenic	intergenic	3562	IGH
igh_914762	914762	IGHV3-64	intergenic	intergenic	3332	IGH
igh_335425	335425	IGHV1-18	intergenic	intergenic	10535	IGH
igh_971377	971377	IGHV1-69	intergenic	intergenic	3676	IGH
igh_852117	852117	IGHV3-53	intergenic	intergenic	930	IGH
igh_852135	852135	IGHV3-53	intergenic	intergenic	912	IGH
igh_852156	852156	IGHV3-53	intergenic	intergenic	891	IGH
igh_905241	905241	IGHV3-62	intergenic	intergenic	1195	IGH
igh_905245	905245	IGHV3-62	intergenic	intergenic	1199	IGH
igh_282395	282395	IGHV3-15	intergenic	intergenic	10688	IGH
igh_282449	282449	IGHV3-15	intergenic	intergenic	10634	IGH
igh_910876	910876	IGHV3-62	intergenic	intergenic	6830	IGH
igh_911429	911429	IGHV3-64	intergenic	intergenic	6665	IGH
igh_911533	911533	IGHV3-64	intergenic	intergenic	6561	IGH
igh_911549	911549	IGHV3-64	intergenic	intergenic	6545	IGH
igh_911550	911550	IGHV3-64	intergenic	intergenic	6544	IGH
igh_454014	454014	IGHV2-26	intergenic	intergenic	1817	IGH
igh_454819	454819	IGHV2-26	intergenic	intergenic	2622	IGH
igh_454957	454957	IGHV2-26	intergenic	intergenic	2760	IGH
igh_1018461	1018461	IGHV1-69D	intergenic	intergenic	4002	IGH
igh_720904	720904	IGHV3-43	intergenic	intergenic	9730	IGH
igh_1043348	1043348	IGHV3-72	intergenic	intergenic	7715	IGH
igh_809227	809227	IGHV3-49	intergenic	intergenic	8080	IGH
igh_666132	666132	IGHV3-38-3	intergenic	intergenic	8060	IGH
igh_667926	667926	IGHV1-38-4	intergenic	intergenic	7582	IGH
igh_309769	309769	IGHV3-16	intergenic	intergenic	4538	IGH
igh_670532	670532	IGHV1-38-4	intergenic	intergenic	4976	IGH
igh_580392	580392	IGHV4-34	intergenic	intergenic	6988	IGH
igh_581423	581423	IGHV3-35	intergenic	intergenic	7200	IGH
igh_1007479	1007479	IGHV1-69-2	intergenic	intergenic	9465	IGH
igh_967261	967261	IGHV1-69	intergenic	intergenic	7792	IGH
igh_714020	714020	IGHV3-43	intergenic	intergenic	16614	IGH
igh_732487	732487	IGHV3-43	intergenic	intergenic	1276	IGH
igh_89601	89601	IGHV6-1	intergenic	intergenic	9849	IGH
igh_484958	484958	IGHV3-30	intergenic	intergenic	425	IGH
igh_429590	429590	IGHV1-24	intergenic	intergenic	2207	IGH
igh_981208	981208	IGHV2-70D	intergenic	intergenic	2737	IGH
igh_669462	669462	IGHV1-38-4	intergenic	intergenic	6046	IGH
igh_911872	911872	IGHV3-64	intergenic	intergenic	6222	IGH
igh_914852	914852	IGHV3-64	intergenic	intergenic	3242	IGH
igh_978211	978211	IGHV1-69	intergenic	intergenic	2622	IGH
igh_1074244	1074244	IGHV3-74	intergenic	intergenic	2872	IGH
igh_910688	910688	IGHV3-62	intergenic	intergenic	6642	IGH
igh_884318	884318	IGHV1-58	intergenic	intergenic	1055	IGH
igh_731863	731863	IGHV3-43	intergenic	intergenic	652	IGH
igh_95738	95738	IGHV6-1	intergenic	intergenic	15986	IGH
igh_497076	497076	IGHV4-30-2	intergenic	intergenic	2510	IGH
igh_684621	684621	IGHV4-39	intergenic	intergenic	2029	IGH
igh_731295	731295	IGHV3-43	intergenic	intergenic	84	IGH
igh_488634	488634	IGHV3-30	intergenic	intergenic	2679	IGH
igh_537826	537826	IGHV3-30-5	intergenic	intergenic	2939	IGH
igh_488894	488894	IGHV3-30	intergenic	intergenic	2939	IGH
igh_489077	489077	IGHV3-30	intergenic	intergenic	3122	IGH
igh_687287	687287	IGHV4-39	intergenic	intergenic	4695	IGH
igh_689978_1	689978	IGHV4-39	intergenic	intergenic	7386	IGH
igh_981865	981865	IGHV2-70D	intergenic	intergenic	2080	IGH
igh_916560	916560	IGHV3-64	intergenic	intergenic	1534	IGH
igh_916640	916640	IGHV3-64	intergenic	intergenic	1454	IGH
igh_920099	920099	IGHV3-64	intergenic	intergenic	1431	IGH
igh_323597	323597	IGHV1-18	intergenic	intergenic	763	IGH
igh_479188	479188	IGHV4-28	intergenic	intergenic	4121	IGH
igh_460923	460923	IGHV2-26	intergenic	intergenic	8726	IGH
igh_1018417	1018417	IGHV1-69D	intergenic	intergenic	4046	IGH
igh_1096219	1096219	IGHV3-74	intergenic	intergenic	24847	IGH
igh_260591	260591	IGHV3-11	intergenic	intergenic	3926	IGH
igh_170740	170740	IGHV7-4-1	intergenic	intergenic	5604	IGH
igh_484327	484327	IGHV3-30	intergenic	intergenic	1056	IGH
igh_927455	927455	IGHV3-66	intergenic	intergenic	7931	IGH
igh_666210	666210	IGHV3-38-3	intergenic	intergenic	8138	IGH
igh_667384	667384	IGHV1-38-4	intergenic	intergenic	8124	IGH
igh_667418	667418	IGHV1-38-4	intergenic	intergenic	8090	IGH
igh_667605	667605	IGHV1-38-4	intergenic	intergenic	7903	IGH
igh_668855	668855	IGHV1-38-4	intergenic	intergenic	6653	IGH
igh_669155	669155	IGHV1-38-4	intergenic	intergenic	6353	IGH
igh_485353	485353	IGHV3-30	intergenic	intergenic	30	IGH
igh_1135738	1135738	IGHV7-81	intergenic	intergenic	256	IGH
igh_723243	723243	IGHV3-43	intergenic	intergenic	7391	IGH
igh_969281	969281	IGHV1-69	intergenic	intergenic	5772	IGH
igh_899402	899402	IGHV4-61	intergenic	intergenic	88	IGH
igh_283440	283440	IGHV3-15	intergenic	intergenic	9643	IGH
igh_480754	480754	IGHV3-30	intergenic	intergenic	4629	IGH
igh_1041099	1041099	IGHV2-70	intergenic	intergenic	9652	IGH
igh_1018332	1018332	IGHV1-69D	intergenic	intergenic	4131	IGH
igh_490386	490386	IGHV3-30	intergenic	intergenic	4431	IGH
igh_431984	431984	IGHV1-24	intergenic	intergenic	4601	IGH
igh_688056	688056	IGHV4-39	intergenic	intergenic	5464	IGH
igh_690384	690384	IGHV4-39	intergenic	intergenic	7792	IGH
igh_741288	741288	IGHV3-43	intergenic	intergenic	10077	IGH
igh_971758	971758	IGHV1-69	intergenic	intergenic	3295	IGH
igh_829952	829952	IGHV5-51	intergenic	intergenic	9161	IGH
igh_187688	187688	IGHV2-5	intergenic	intergenic	9826	IGH
igh_7678	7678	IGHD7-27	intergenic	intergenic	2588	IGH
igh_33138	33138	IGHD5-18	intergenic	intergenic	48	IGH
igh_978061	978061	IGHV1-69	intergenic	intergenic	2472	IGH
igh_260145	260145	IGHV3-11	intergenic	intergenic	3480	IGH
igh_893992	893992	IGHV4-61	intergenic	intergenic	5498	IGH
igh_895702	895702	IGHV4-61	intergenic	intergenic	3788	IGH
igh_895809	895809	IGHV4-61	intergenic	intergenic	3681	IGH
igh_896435	896435	IGHV4-61	intergenic	intergenic	3055	IGH
igh_897987	897987	IGHV4-61	intergenic	intergenic	1503	IGH
igh_898360	898360	IGHV4-61	intergenic	intergenic	1130	IGH
igh_898428	898428	IGHV4-61	intergenic	intergenic	1062	IGH
igh_898542	898542	IGHV4-61	intergenic	intergenic	948	IGH
igh_898546	898546	IGHV4-61	intergenic	intergenic	944	IGH
igh_898656	898656	IGHV4-61	intergenic	intergenic	834	IGH
igh_898710	898710	IGHV4-61	intergenic	intergenic	780	IGH
igh_898797	898797	IGHV4-61	intergenic	intergenic	693	IGH
igh_898878	898878	IGHV4-61	intergenic	intergenic	612	IGH
igh_898980	898980	IGHV4-61	intergenic	intergenic	510	IGH
igh_899071	899071	IGHV4-61	intergenic	intergenic	419	IGH
igh_899454	899454	IGHV4-61	intergenic	intergenic	36	IGH
igh_900759	900759	IGHV4-61	intergenic	intergenic	757	IGH
igh_901943	901943	IGHV3-62	intergenic	intergenic	1558	IGH
igh_492479	492479	IGHV3-30	intergenic	intergenic	6524	IGH
igh_528437	528437	IGHV4-30-4	intergenic	intergenic	4409	IGH
igh_389306	389306	IGHV3-21	intergenic	intergenic	14211	IGH
igh_107405	107405	IGHV1-2	intergenic	intergenic	18638	IGH
igh_899352	899352	IGHV4-61	intergenic	intergenic	138	IGH
igh_903157	903157	IGHV3-62	intergenic	intergenic	344	IGH
igh_563009	563009	IGHV3-33	intergenic	intergenic	3413	IGH
igh_171050	171050	IGHV7-4-1	intergenic	intergenic	5914	IGH
igh_147665	147665	IGHV1-3	intergenic	intergenic	2588	IGH
igh_719061	719061	IGHV3-43	intergenic	intergenic	11573	IGH
igh_28778	28778	IGHD2-21	intergenic	intergenic	671	IGH
igh_1018421	1018421	IGHV1-69D	intergenic	intergenic	4042	IGH
igh_887532	887532	IGHV4-59	intergenic	intergenic	88	IGH
igh_710100	710100	IGHV3-43	intergenic	intergenic	20534	IGH
igh_710237	710237	IGHV3-43	intergenic	intergenic	20397	IGH
igh_710784	710784	IGHV3-43	intergenic	intergenic	19850	IGH
igh_713314	713314	IGHV3-43	intergenic	intergenic	17320	IGH
igh_715187	715187	IGHV3-43	intergenic	intergenic	15447	IGH
igh_715439	715439	IGHV3-43	intergenic	intergenic	15195	IGH
igh_716545	716545	IGHV3-43	intergenic	intergenic	14089	IGH
igh_716669	716669	IGHV3-43	intergenic	intergenic	13965	IGH
igh_717141	717141	IGHV3-43	intergenic	intergenic	13493	IGH
igh_717239	717239	IGHV3-43	intergenic	intergenic	13395	IGH
igh_717522	717522	IGHV3-43	intergenic	intergenic	13112	IGH
igh_600833	600833	IGHV3-38	intergenic	intergenic	8892	IGH
igh_829523	829523	IGHV5-51	intergenic	intergenic	9590	IGH
igh_209430	209430	IGHV3-7	intergenic	intergenic	7249	IGH
igh_211424	211424	IGHV3-7	intergenic	intergenic	9243	IGH
igh_718178	718178	IGHV3-43	intergenic	intergenic	12456	IGH
igh_849896	849896	IGHV3-53	intergenic	intergenic	3151	IGH
igh_679020	679020	IGHV1-38-4	intergenic	intergenic	2980	IGH
igh_81046	81046	IGHV6-1	intergenic	intergenic	1294	IGH
igh_898251	898251	IGHV4-61	intergenic	intergenic	1239	IGH
igh_494309	494309	IGHV4-30-2	intergenic	intergenic	5277	IGH
igh_494310	494310	IGHV4-30-2	intergenic	intergenic	5276	IGH
igh_494346	494346	IGHV4-30-2	intergenic	intergenic	5240	IGH
igh_460521	460521	IGHV2-26	intergenic	intergenic	8324	IGH
igh_460750	460750	IGHV2-26	intergenic	intergenic	8553	IGH
igh_461717	461717	IGHV2-26	intergenic	intergenic	9520	IGH
igh_461781	461781	IGHV2-26	intergenic	intergenic	9584	IGH
igh_462827	462827	IGHV2-26	intergenic	intergenic	10630	IGH
igh_463223	463223	IGHV2-26	intergenic	intergenic	11026	IGH
igh_468745	468745	IGHV4-28	intergenic	intergenic	5812	IGH
igh_527888	527888	IGHV4-30-4	intergenic	intergenic	3860	IGH
igh_528254	528254	IGHV4-30-4	intergenic	intergenic	4226	IGH
igh_528648	528648	IGHV4-30-4	intergenic	intergenic	4620	IGH
igh_887544	887544	IGHV4-59	intergenic	intergenic	76	IGH
igh_719352	719352	IGHV3-43	intergenic	intergenic	11282	IGH
igh_353556	353556	IGHV3-20	intergenic	intergenic	2584	IGH
igh_494760	494760	IGHV4-30-2	intergenic	intergenic	4826	IGH
igh_37330	37330	IGHD2-15	intergenic	intergenic	99	IGH
igh_980208	980208	IGHV2-70D	intergenic	intergenic	3737	IGH
igh_510600	510600	IGHV3-30-3	intergenic	intergenic	712	IGH
igh_905054	905054	IGHV3-62	intergenic	intergenic	1008	IGH
igh_420004	420004	IGHV3-23D	intergenic	intergenic	525	IGH
igh_1076477	1076477	IGHV3-74	intergenic	intergenic	5105	IGH
igh_1077339	1077339	IGHV3-74	intergenic	intergenic	5967	IGH
igh_1078194	1078194	IGHV3-74	intergenic	intergenic	6822	IGH
igh_1078926	1078926	IGHV3-74	intergenic	intergenic	7554	IGH
igh_1079474	1079474	IGHV3-74	intergenic	intergenic	8102	IGH
igh_479488	479488	IGHV4-28	intergenic	intergenic	4421	IGH
igh_431303	431303	IGHV1-24	intergenic	intergenic	3920	IGH
igh_1023409	1023409	IGHV1-69D	intergenic	intergenic	410	IGH
igh_1023411	1023411	IGHV1-69D	intergenic	intergenic	412	IGH
igh_1023416	1023416	IGHV1-69D	intergenic	intergenic	417	IGH
igh_1023486	1023486	IGHV1-69D	intergenic	intergenic	487	IGH
igh_900960	900960	IGHV4-61	intergenic	intergenic	958	IGH
igh_901517	901517	IGHV4-61	intergenic	intergenic	1515	IGH
igh_901530	901530	IGHV4-61	intergenic	intergenic	1528	IGH
igh_901628	901628	IGHV4-61	intergenic	intergenic	1626	IGH
igh_901870	901870	IGHV3-62	intergenic	intergenic	1631	IGH
igh_901972	901972	IGHV3-62	intergenic	intergenic	1529	IGH
igh_901979	901979	IGHV3-62	intergenic	intergenic	1522	IGH
igh_902003	902003	IGHV3-62	intergenic	intergenic	1498	IGH
igh_904390	904390	IGHV3-62	intergenic	intergenic	344	IGH
igh_518231	518231	IGHV4-30-4	intergenic	intergenic	5283	IGH
igh_518232	518232	IGHV4-30-4	intergenic	intergenic	5282	IGH
igh_257846	257846	IGHV3-11	intergenic	intergenic	1181	IGH
igh_597687	597687	IGHV3-35	intergenic	intergenic	8497	IGH
igh_264658	264658	IGHV3-13	intergenic	intergenic	4343	IGH
igh_902068	902068	IGHV3-62	intergenic	intergenic	1433	IGH
igh_1117635	1117635	IGHV7-81	intergenic	intergenic	17317	IGH
igh_905891	905891	IGHV3-62	intergenic	intergenic	1845	IGH
igh_311184	311184	IGHV3-16	intergenic	intergenic	5953	IGH
igh_866610	866610	IGHV3-53	intergenic	intergenic	13003	IGH
igh_868496	868496	IGHV1-58	intergenic	intergenic	14232	IGH
igh_910429	910429	IGHV3-62	intergenic	intergenic	6383	IGH
igh_443845	443845	IGHV3-25	intergenic	intergenic	3944	IGH
igh_887557	887557	IGHV4-59	intergenic	intergenic	63	IGH
igh_507730	507730	IGHV3-30-3	intergenic	intergenic	1586	IGH
igh_507747	507747	IGHV3-30-3	intergenic	intergenic	1569	IGH
igh_167579	167579	IGHV7-4-1	intergenic	intergenic	2443	IGH
igh_167584	167584	IGHV7-4-1	intergenic	intergenic	2448	IGH
igh_85162	85162	IGHV6-1	intergenic	intergenic	5410	IGH
igh_85163	85163	IGHV6-1	intergenic	intergenic	5411	IGH
igh_50334	50334	IGHD6-6	intergenic	intergenic	378	IGH
igh_50906	50906	IGHD5-5	intergenic	intergenic	823	IGH
igh_689978	689978	IGHV4-39	intergenic	intergenic	7386	IGH
igh_221540	221540	IGHV3-64D	intergenic	intergenic	6043	IGH
igh_1018352	1018352	IGHV1-69D	intergenic	intergenic	4111	IGH
igh_907680	907680	IGHV3-62	intergenic	intergenic	3634	IGH
igh_899427	899427	IGHV4-61	intergenic	intergenic	63	IGH
igh_747618	747618	IGHV3-43	intergenic	intergenic	16407	IGH
igh_752274	752274	IGHV1-45	intergenic	intergenic	15093	IGH
igh_1012645	1012645	IGHV1-69D	intergenic	intergenic	9818	IGH
igh_901366	901366	IGHV4-61	intergenic	intergenic	1364	IGH
igh_880799	880799	IGHV1-58	intergenic	intergenic	1929	IGH
igh_884020	884020	IGHV1-58	intergenic	intergenic	757	IGH
igh_884461	884461	IGHV1-58	intergenic	intergenic	1198	IGH
igh_887034	887034	IGHV4-59	intergenic	intergenic	586	IGH
igh_470859	470859	IGHV4-28	intergenic	intergenic	3698	IGH
igh_1132294	1132294	IGHV7-81	intergenic	intergenic	2658	IGH
igh_901208	901208	IGHV4-61	intergenic	intergenic	1206	IGH
igh_170878	170878	IGHV7-4-1	intergenic	intergenic	5742	IGH
igh_170879	170879	IGHV7-4-1	intergenic	intergenic	5743	IGH
igh_689112	689112	IGHV4-39	intergenic	intergenic	6520	IGH
igh_1043319	1043319	IGHV3-72	intergenic	intergenic	7744	IGH
igh_563004	563004	IGHV3-33	intergenic	intergenic	3408	IGH
igh_633192	633192	IGHV3-43D	intergenic	intergenic	3079	IGH
igh_1023789	1023789	IGHV1-69D	intergenic	intergenic	790	IGH
igh_1023802	1023802	IGHV1-69D	intergenic	intergenic	803	IGH
igh_444130	444130	IGHV3-25	intergenic	intergenic	4229	IGH
igh_280793	280793	IGHV3-13	intergenic	intergenic	11220	IGH
igh_1136089	1136089	IGHV7-81	intergenic	intergenic	607	IGH
igh_986554	986554	IGHV2-70D	intergenic	intergenic	2110	IGH
igh_986939	986939	IGHV2-70D	intergenic	intergenic	2495	IGH
igh_987177	987177	IGHV2-70D	intergenic	intergenic	2733	IGH
igh_987790	987790	IGHV2-70D	intergenic	intergenic	3346	IGH
igh_833280	833280	IGHV5-51	intergenic	intergenic	5833	IGH
igh_507475	507475	IGHV3-30-3	intergenic	intergenic	1841	IGH
igh_51586	51586	IGHD5-5	intergenic	intergenic	143	IGH
igh_889100	889100	IGHV4-59	intergenic	intergenic	974	IGH
igh_892296	892296	IGHV4-59	intergenic	intergenic	4170	IGH
igh_701000	701000	IGHV4-39	intergenic	intergenic	18408	IGH
igh_701021	701021	IGHV4-39	intergenic	intergenic	18429	IGH
igh_701468	701468	IGHV4-39	intergenic	intergenic	18876	IGH
igh_702118	702118	IGHV4-39	intergenic	intergenic	19526	IGH
igh_702219	702219	IGHV4-39	intergenic	intergenic	19627	IGH
igh_702298	702298	IGHV4-39	intergenic	intergenic	19706	IGH
igh_702955	702955	IGHV4-39	intergenic	intergenic	20363	IGH
igh_703698	703698	IGHV4-39	intergenic	intergenic	21106	IGH
igh_703856	703856	IGHV4-39	intergenic	intergenic	21264	IGH
igh_703879	703879	IGHV4-39	intergenic	intergenic	21287	IGH
igh_703886	703886	IGHV4-39	intergenic	intergenic	21294	IGH
igh_703887	703887	IGHV4-39	intergenic	intergenic	21295	IGH
igh_704119	704119	IGHV4-39	intergenic	intergenic	21527	IGH
igh_704138	704138	IGHV4-39	intergenic	intergenic	21546	IGH
igh_704200	704200	IGHV4-39	intergenic	intergenic	21608	IGH
igh_704244	704244	IGHV4-39	intergenic	intergenic	21652	IGH
igh_704294	704294	IGHV4-39	intergenic	intergenic	21702	IGH
igh_704380	704380	IGHV4-39	intergenic	intergenic	21788	IGH
igh_704442	704442	IGHV4-39	intergenic	intergenic	21850	IGH
igh_704516	704516	IGHV4-39	intergenic	intergenic	21924	IGH
igh_704536	704536	IGHV4-39	intergenic	intergenic	21944	IGH
igh_704545	704545	IGHV4-39	intergenic	intergenic	21953	IGH
igh_704571	704571	IGHV4-39	intergenic	intergenic	21979	IGH
igh_704856	704856	IGHV4-39	intergenic	intergenic	22264	IGH
igh_705025	705025	IGHV4-39	intergenic	intergenic	22433	IGH
igh_705092	705092	IGHV4-39	intergenic	intergenic	22500	IGH
igh_705234	705234	IGHV4-39	intergenic	intergenic	22642	IGH
igh_705331	705331	IGHV4-39	intergenic	intergenic	22739	IGH
igh_705499	705499	IGHV4-39	intergenic	intergenic	22907	IGH
igh_705645	705645	IGHV4-39	intergenic	intergenic	23053	IGH
igh_705700	705700	IGHV4-39	intergenic	intergenic	23108	IGH
igh_705730	705730	IGHV4-39	intergenic	intergenic	23138	IGH
igh_705789	705789	IGHV4-39	intergenic	intergenic	23197	IGH
igh_706332	706332	IGHV4-39	intergenic	intergenic	23740	IGH
igh_706441	706441	IGHV4-39	intergenic	intergenic	23849	IGH
igh_50653	50653	IGHD6-6	intergenic	intergenic	697	IGH
igh_483761	483761	IGHV3-30	intergenic	intergenic	1622	IGH
igh_316072	316072	IGHV1-18	intergenic	intergenic	8288	IGH
igh_22196	22196	IGHD6-25	intergenic	intergenic	1111	IGH
igh_174207	174207	IGHV2-5	intergenic	intergenic	3156	IGH
igh_1013121	1013121	IGHV1-69D	intergenic	intergenic	9342	IGH
igh_1093175	1093175	IGHV3-74	intergenic	intergenic	21803	IGH
igh_1095437	1095437	IGHV3-74	intergenic	intergenic	24065	IGH
igh_1101231	1101231	IGHV3-74	intergenic	intergenic	29859	IGH
igh_966913	966913	IGHV1-69	intergenic	intergenic	8140	IGH
igh_480595	480595	IGHV3-30	intergenic	intergenic	4788	IGH
igh_480603	480603	IGHV3-30	intergenic	intergenic	4780	IGH
igh_1008747	1008747	IGHV1-69-2	intergenic	intergenic	10733	IGH
igh_728984	728984	IGHV3-43	intergenic	intergenic	1650	IGH
igh_484585	484585	IGHV3-30	intergenic	intergenic	798	IGH
igh_50329	50329	IGHD6-6	intergenic	intergenic	373	IGH
igh_50330	50330	IGHD6-6	intergenic	intergenic	374	IGH
igh_1023443	1023443	IGHV1-69D	intergenic	intergenic	444	IGH
igh_968461	968461	IGHV1-69	intergenic	intergenic	6592	IGH
igh_969060	969060	IGHV1-69	intergenic	intergenic	5993	IGH
igh_969151	969151	IGHV1-69	intergenic	intergenic	5902	IGH
igh_518268	518268	IGHV4-30-4	intergenic	intergenic	5246	IGH
igh_86177	86177	IGHV6-1	intergenic	intergenic	6425	IGH
igh_816373	816373	IGHV3-49	intergenic	intergenic	934	IGH
igh_897195	897195	IGHV4-61	intergenic	intergenic	2295	IGH
igh_897683	897683	IGHV4-61	intergenic	intergenic	1807	IGH
igh_900897	900897	IGHV4-61	intergenic	intergenic	895	IGH
igh_1125359	1125359	IGHV7-81	intergenic	intergenic	9593	IGH
igh_1091507	1091507	IGHV3-74	intergenic	intergenic	20135	IGH
igh_759165	759165	IGHV1-45	intergenic	intergenic	8202	IGH
igh_490452	490452	IGHV3-30	intergenic	intergenic	4497	IGH
igh_1094212	1094212	IGHV3-74	intergenic	intergenic	22840	IGH
igh_1104173	1104173	IGHV7-81	intergenic	intergenic	30779	IGH
igh_352493	352493	IGHV3-20	intergenic	intergenic	1521	IGH
igh_353153	353153	IGHV3-20	intergenic	intergenic	2181	IGH
igh_327741	327741	IGHV1-18	intergenic	intergenic	2851	IGH
igh_328532	328532	IGHV1-18	intergenic	intergenic	3642	IGH
igh_328686	328686	IGHV1-18	intergenic	intergenic	3796	IGH
igh_331421	331421	IGHV1-18	intergenic	intergenic	6531	IGH
igh_1105335	1105335	IGHV7-81	intergenic	intergenic	29617	IGH
igh_679667	679667	IGHV4-39	intergenic	intergenic	2413	IGH
igh_679731	679731	IGHV4-39	intergenic	intergenic	2349	IGH
igh_966911	966911	IGHV1-69	intergenic	intergenic	8142	IGH
igh_1091745	1091745	IGHV3-74	intergenic	intergenic	20373	IGH
igh_565387	565387	IGHV3-33	intergenic	intergenic	5791	IGH
igh_788323	788323	IGHV3-48	intergenic	intergenic	9858	IGH
igh_901766	901766	IGHV3-62	intergenic	intergenic	1735	IGH
igh_848682	848682	IGHV8-51-1	intergenic	intergenic	4130	IGH
igh_848849	848849	IGHV3-53	intergenic	intergenic	4198	IGH
igh_849005	849005	IGHV3-53	intergenic	intergenic	4042	IGH
igh_849215	849215	IGHV3-53	intergenic	intergenic	3832	IGH
igh_281617	281617	IGHV3-15	intergenic	intergenic	11466	IGH
igh_483429	483429	IGHV3-30	intergenic	intergenic	1954	IGH
igh_878910	878910	IGHV1-58	intergenic	intergenic	3818	IGH
igh_960529	960529	IGHV1-69	intergenic	intergenic	14524	IGH
igh_1134226	1134226	IGHV7-81	intergenic	intergenic	726	IGH
igh_492741	492741	IGHV3-30	intergenic	intergenic	6786	IGH
igh_1047650	1047650	IGHV3-72	intergenic	intergenic	3413	IGH
igh_1023046	1023046	IGHV1-69D	intergenic	intergenic	47	IGH
igh_901723	901723	IGHV4-61	intergenic	intergenic	1721	IGH
igh_883775	883775	IGHV1-58	intergenic	intergenic	512	IGH
igh_679023	679023	IGHV1-38-4	intergenic	intergenic	2983	IGH
igh_1087431	1087431	IGHV3-74	intergenic	intergenic	16059	IGH
igh_1088856	1088856	IGHV3-74	intergenic	intergenic	17484	IGH
igh_1091233	1091233	IGHV3-74	intergenic	intergenic	19861	IGH
igh_1091291	1091291	IGHV3-74	intergenic	intergenic	19919	IGH
igh_1091306	1091306	IGHV3-74	intergenic	intergenic	19934	IGH
igh_1091351	1091351	IGHV3-74	intergenic	intergenic	19979	IGH
igh_1091352	1091352	IGHV3-74	intergenic	intergenic	19980	IGH
igh_1091390	1091390	IGHV3-74	intergenic	intergenic	20018	IGH
igh_1091557	1091557	IGHV3-74	intergenic	intergenic	20185	IGH
igh_1093117	1093117	IGHV3-74	intergenic	intergenic	21745	IGH
igh_1094416	1094416	IGHV3-74	intergenic	intergenic	23044	IGH
igh_1095127	1095127	IGHV3-74	intergenic	intergenic	23755	IGH
igh_38538	38538	IGHD2-15	intergenic	intergenic	1022	IGH
igh_171155	171155	IGHV7-4-1	intergenic	intergenic	6019	IGH
igh_683291	683291	IGHV4-39	intergenic	intergenic	699	IGH
igh_1090993	1090993	IGHV3-74	intergenic	intergenic	19621	IGH
igh_1091847	1091847	IGHV3-74	intergenic	intergenic	20475	IGH
igh_1013414	1013414	IGHV1-69D	intergenic	intergenic	9049	IGH
igh_1018780	1018780	IGHV1-69D	intergenic	intergenic	3683	IGH
igh_689854	689854	IGHV4-39	intergenic	intergenic	7262	IGH
igh_689864	689864	IGHV4-39	intergenic	intergenic	7272	IGH
igh_689873	689873	IGHV4-39	intergenic	intergenic	7281	IGH
igh_690034	690034	IGHV4-39	intergenic	intergenic	7442	IGH
igh_690120	690120	IGHV4-39	intergenic	intergenic	7528	IGH
igh_690121	690121	IGHV4-39	intergenic	intergenic	7529	IGH
igh_690205	690205	IGHV4-39	intergenic	intergenic	7613	IGH
igh_690233	690233	IGHV4-39	intergenic	intergenic	7641	IGH
igh_690295	690295	IGHV4-39	intergenic	intergenic	7703	IGH
igh_690315	690315	IGHV4-39	intergenic	intergenic	7723	IGH
igh_690333	690333	IGHV4-39	intergenic	intergenic	7741	IGH
igh_690446	690446	IGHV4-39	intergenic	intergenic	7854	IGH
igh_690456	690456	IGHV4-39	intergenic	intergenic	7864	IGH
igh_690509	690509	IGHV4-39	intergenic	intergenic	7917	IGH
igh_43177	43177	IGHD4-11	intergenic	intergenic	17	IGH
igh_510492	510492	IGHV3-30-3	intergenic	intergenic	604	IGH
igh_431638	431638	IGHV1-24	intergenic	intergenic	4255	IGH
igh_431790	431790	IGHV1-24	intergenic	intergenic	4407	IGH
igh_833445	833445	IGHV5-51	intergenic	intergenic	5668	IGH
igh_600113	600113	IGHV3-38	intergenic	intergenic	9612	IGH
igh_224269	224269	IGHV3-64D	intergenic	intergenic	3314	IGH
igh_598273	598273	IGHV3-35	intergenic	intergenic	9083	IGH
igh_984935	984935	IGHV2-70D	intergenic	intergenic	491	IGH
igh_905253	905253	IGHV3-62	intergenic	intergenic	1207	IGH
igh_966501	966501	IGHV1-69	intergenic	intergenic	8552	IGH
igh_1023647	1023647	IGHV1-69D	intergenic	intergenic	648	IGH
igh_618427	618427	IGHV4-38-2	intergenic	intergenic	2504	IGH
igh_356499	356499	IGHV3-20	intergenic	intergenic	5527	IGH
igh_181595	181595	IGHV2-5	intergenic	intergenic	3733	IGH
igh_889021	889021	IGHV4-59	intergenic	intergenic	895	IGH
igh_889324	889324	IGHV4-59	intergenic	intergenic	1198	IGH
igh_961779	961779	IGHV1-69	intergenic	intergenic	13274	IGH
igh_962832	962832	IGHV1-69	intergenic	intergenic	12221	IGH
igh_963028	963028	IGHV1-69	intergenic	intergenic	12025	IGH
igh_963244	963244	IGHV1-69	intergenic	intergenic	11809	IGH
igh_963595	963595	IGHV1-69	intergenic	intergenic	11458	IGH
igh_963978	963978	IGHV1-69	intergenic	intergenic	11075	IGH
igh_686846	686846	IGHV4-39	intergenic	intergenic	4254	IGH
igh_462927	462927	IGHV2-26	intergenic	intergenic	10730	IGH
igh_464609	464609	IGHV4-28	intergenic	intergenic	9948	IGH
igh_464612	464612	IGHV4-28	intergenic	intergenic	9945	IGH
igh_464613	464613	IGHV4-28	intergenic	intergenic	9944	IGH
igh_465641	465641	IGHV4-28	intergenic	intergenic	8916	IGH
igh_466267	466267	IGHV4-28	intergenic	intergenic	8290	IGH
igh_723462	723462	IGHV3-43	intergenic	intergenic	7172	IGH
igh_723490	723490	IGHV3-43	intergenic	intergenic	7144	IGH
igh_723496	723496	IGHV3-43	intergenic	intergenic	7138	IGH
igh_723574	723574	IGHV3-43	intergenic	intergenic	7060	IGH
igh_723643	723643	IGHV3-43	intergenic	intergenic	6991	IGH
igh_723645	723645	IGHV3-43	intergenic	intergenic	6989	IGH
igh_723696	723696	IGHV3-43	intergenic	intergenic	6938	IGH
igh_723714	723714	IGHV3-43	intergenic	intergenic	6920	IGH
igh_723720	723720	IGHV3-43	intergenic	intergenic	6914	IGH
igh_723787	723787	IGHV3-43	intergenic	intergenic	6847	IGH
igh_723868	723868	IGHV3-43	intergenic	intergenic	6766	IGH
igh_723891	723891	IGHV3-43	intergenic	intergenic	6743	IGH
igh_723914	723914	IGHV3-43	intergenic	intergenic	6720	IGH
igh_723921	723921	IGHV3-43	intergenic	intergenic	6713	IGH
igh_723949	723949	IGHV3-43	intergenic	intergenic	6685	IGH
igh_724014	724014	IGHV3-43	intergenic	intergenic	6620	IGH
igh_724023	724023	IGHV3-43	intergenic	intergenic	6611	IGH
igh_724190	724190	IGHV3-43	intergenic	intergenic	6444	IGH
igh_724234	724234	IGHV3-43	intergenic	intergenic	6400	IGH
igh_724240	724240	IGHV3-43	intergenic	intergenic	6394	IGH
igh_724245	724245	IGHV3-43	intergenic	intergenic	6389	IGH
igh_724398	724398	IGHV3-43	intergenic	intergenic	6236	IGH
igh_724468	724468	IGHV3-43	intergenic	intergenic	6166	IGH
igh_724557	724557	IGHV3-43	intergenic	intergenic	6077	IGH
igh_724753	724753	IGHV3-43	intergenic	intergenic	5881	IGH
igh_724774	724774	IGHV3-43	intergenic	intergenic	5860	IGH
igh_724776	724776	IGHV3-43	intergenic	intergenic	5858	IGH
igh_724839	724839	IGHV3-43	intergenic	intergenic	5795	IGH
igh_724853	724853	IGHV3-43	intergenic	intergenic	5781	IGH
igh_724859	724859	IGHV3-43	intergenic	intergenic	5775	IGH
igh_724866	724866	IGHV3-43	intergenic	intergenic	5768	IGH
igh_724917	724917	IGHV3-43	intergenic	intergenic	5717	IGH
igh_724924	724924	IGHV3-43	intergenic	intergenic	5710	IGH
igh_724950	724950	IGHV3-43	intergenic	intergenic	5684	IGH
igh_724988	724988	IGHV3-43	intergenic	intergenic	5646	IGH
igh_725110	725110	IGHV3-43	intergenic	intergenic	5524	IGH
igh_725118	725118	IGHV3-43	intergenic	intergenic	5516	IGH
igh_759166	759166	IGHV1-45	intergenic	intergenic	8201	IGH
igh_706777	706777	IGHV3-43	intergenic	intergenic	23857	IGH
igh_706778	706778	IGHV3-43	intergenic	intergenic	23856	IGH
igh_670193	670193	IGHV1-38-4	intergenic	intergenic	5315	IGH
igh_670217	670217	IGHV1-38-4	intergenic	intergenic	5291	IGH
igh_955272	955272	IGHV3-66	intergenic	intergenic	19317	IGH
igh_711815	711815	IGHV3-43	intergenic	intergenic	18819	IGH
igh_712382	712382	IGHV3-43	intergenic	intergenic	18252	IGH
igh_718570	718570	IGHV3-43	intergenic	intergenic	12064	IGH
igh_718787	718787	IGHV3-43	intergenic	intergenic	11847	IGH
igh_719481	719481	IGHV3-43	intergenic	intergenic	11153	IGH
igh_720088	720088	IGHV3-43	intergenic	intergenic	10546	IGH
igh_720506	720506	IGHV3-43	intergenic	intergenic	10128	IGH
igh_720525	720525	IGHV3-43	intergenic	intergenic	10109	IGH
igh_720996	720996	IGHV3-43	intergenic	intergenic	9638	IGH
igh_721538	721538	IGHV3-43	intergenic	intergenic	9096	IGH
igh_721777	721777	IGHV3-43	intergenic	intergenic	8857	IGH
igh_769019	769019	IGHV1-45	intergenic	intergenic	1175	IGH
igh_770094	770094	IGHV1-46	intergenic	intergenic	1392	IGH
igh_21426	21426	IGHD6-25	intergenic	intergenic	341	IGH
igh_353788	353788	IGHV3-20	intergenic	intergenic	2816	IGH
igh_283402	283402	IGHV3-15	intergenic	intergenic	9681	IGH
igh_283774	283774	IGHV3-15	intergenic	intergenic	9309	IGH
igh_284010	284010	IGHV3-15	intergenic	intergenic	9073	IGH
igh_284312	284312	IGHV3-15	intergenic	intergenic	8771	IGH
igh_1134182	1134182	IGHV7-81	intergenic	intergenic	770	IGH
igh_516650	516650	IGHV3-30-3	intergenic	intergenic	6762	IGH
igh_484292	484292	IGHV3-30	intergenic	intergenic	1091	IGH
igh_1023424	1023424	IGHV1-69D	intergenic	intergenic	425	IGH
igh_1023471	1023471	IGHV1-69D	intergenic	intergenic	472	IGH
igh_636930	636930	IGHV3-43D	intergenic	intergenic	84	IGH
igh_891493	891493	IGHV4-59	intergenic	intergenic	3367	IGH
igh_976061	976061	IGHV1-69	intergenic	intergenic	472	IGH
igh_976122	976122	IGHV1-69	intergenic	intergenic	533	IGH
igh_976136	976136	IGHV1-69	intergenic	intergenic	547	IGH
igh_976212	976212	IGHV1-69	intergenic	intergenic	623	IGH
igh_976338	976338	IGHV1-69	intergenic	intergenic	749	IGH
igh_976600	976600	IGHV1-69	intergenic	intergenic	1011	IGH
igh_976604	976604	IGHV1-69	intergenic	intergenic	1015	IGH
igh_976605	976605	IGHV1-69	intergenic	intergenic	1016	IGH
igh_976616	976616	IGHV1-69	intergenic	intergenic	1027	IGH
igh_897851	897851	IGHV4-61	intergenic	intergenic	1639	IGH
igh_259890	259890	IGHV3-11	intergenic	intergenic	3225	IGH
igh_102707	102707	IGHV6-1	intergenic	intergenic	22955	IGH
igh_685278	685278	IGHV4-39	intergenic	intergenic	2686	IGH
igh_412300	412300	IGHV3-23	intergenic	intergenic	3662	IGH
igh_281482	281482	IGHV3-15	intergenic	intergenic	11601	IGH
igh_900022	900022	IGHV4-61	intergenic	intergenic	20	IGH
igh_745725	745725	IGHV3-43	intergenic	intergenic	14514	IGH
igh_403375	403375	IGHV3-23	intergenic	intergenic	4689	IGH
igh_680073	680073	IGHV4-39	intergenic	intergenic	2007	IGH
igh_794852	794852	IGHV3-48	intergenic	intergenic	3329	IGH
igh_506910	506910	IGHV3-30-3	intergenic	intergenic	2406	IGH
igh_335094	335094	IGHV1-18	intergenic	intergenic	10204	IGH
igh_550012	550012	IGHV4-31	intergenic	intergenic	982	IGH
igh_1023747	1023747	IGHV1-69D	intergenic	intergenic	748	IGH
igh_1023861	1023861	IGHV1-69D	intergenic	intergenic	862	IGH
igh_1023917	1023917	IGHV1-69D	intergenic	intergenic	918	IGH
igh_1023943	1023943	IGHV1-69D	intergenic	intergenic	944	IGH
igh_618429	618429	IGHV4-38-2	intergenic	intergenic	2502	IGH
igh_691022	691022	IGHV4-39	intergenic	intergenic	8430	IGH
igh_691042	691042	IGHV4-39	intergenic	intergenic	8450	IGH
igh_696412	696412	IGHV4-39	intergenic	intergenic	13820	IGH
igh_572302	572302	IGHV4-34	intergenic	intergenic	592	IGH
igh_341354	341354	IGHV3-20	intergenic	intergenic	9043	IGH
igh_343711	343711	IGHV3-20	intergenic	intergenic	6686	IGH
igh_489665	489665	IGHV3-30	intergenic	intergenic	3710	IGH
igh_565283	565283	IGHV3-33	intergenic	intergenic	5687	IGH
igh_685890	685890	IGHV4-39	intergenic	intergenic	3298	IGH
igh_527331	527331	IGHV4-30-4	intergenic	intergenic	3303	IGH
igh_905196	905196	IGHV3-62	intergenic	intergenic	1150	IGH
igh_1085503	1085503	IGHV3-74	intergenic	intergenic	14131	IGH
igh_1087872	1087872	IGHV3-74	intergenic	intergenic	16500	IGH
igh_1088157	1088157	IGHV3-74	intergenic	intergenic	16785	IGH
igh_1088393	1088393	IGHV3-74	intergenic	intergenic	17021	IGH
igh_1091235	1091235	IGHV3-74	intergenic	intergenic	19863	IGH
igh_1091264	1091264	IGHV3-74	intergenic	intergenic	19892	IGH
igh_1091819	1091819	IGHV3-74	intergenic	intergenic	20447	IGH
igh_1092613	1092613	IGHV3-74	intergenic	intergenic	21241	IGH
igh_1092964	1092964	IGHV3-74	intergenic	intergenic	21592	IGH
igh_1095017	1095017	IGHV3-74	intergenic	intergenic	23645	IGH
igh_1095416	1095416	IGHV3-74	intergenic	intergenic	24044	IGH
igh_434572	434572	IGHV3-25	intergenic	intergenic	4757	IGH
igh_434683	434683	IGHV3-25	intergenic	intergenic	4646	IGH
igh_436390	436390	IGHV3-25	intergenic	intergenic	2939	IGH
igh_312142	312142	IGHV3-16	intergenic	intergenic	6911	IGH
igh_888365	888365	IGHV4-59	intergenic	intergenic	239	IGH
igh_1018413	1018413	IGHV1-69D	intergenic	intergenic	4050	IGH
igh_1040485	1040485	IGHV2-70	intergenic	intergenic	9038	IGH
igh_88021	88021	IGHV6-1	intergenic	intergenic	8269	IGH
igh_282056	282056	IGHV3-15	intergenic	intergenic	11027	IGH
igh_670494	670494	IGHV1-38-4	intergenic	intergenic	5014	IGH
igh_670525	670525	IGHV1-38-4	intergenic	intergenic	4983	IGH
igh_815542	815542	IGHV3-49	intergenic	intergenic	1765	IGH
igh_437128	437128	IGHV3-25	intergenic	intergenic	2201	IGH
igh_488551	488551	IGHV3-30	intergenic	intergenic	2596	IGH
igh_670123	670123	IGHV1-38-4	intergenic	intergenic	5385	IGH
igh_620157	620157	IGHV4-38-2	intergenic	intergenic	774	IGH
igh_42978	42978	IGHD4-11	intergenic	intergenic	110	IGH
igh_369706	369706	IGHV3-21	intergenic	intergenic	4817	IGH
igh_747054	747054	IGHV3-43	intergenic	intergenic	15843	IGH
igh_375761	375761	IGHV3-21	intergenic	intergenic	666	IGH
igh_397179	397179	IGHV3-23	intergenic	intergenic	10885	IGH
igh_397258	397258	IGHV3-23	intergenic	intergenic	10806	IGH
igh_398149	398149	IGHV3-23	intergenic	intergenic	9915	IGH
igh_400576	400576	IGHV3-23	intergenic	intergenic	7488	IGH
igh_405383	405383	IGHV3-23	intergenic	intergenic	2681	IGH
igh_406344	406344	IGHV3-23	intergenic	intergenic	1720	IGH
igh_935372	935372	IGHV3-66	intergenic	intergenic	14	IGH
igh_940111	940111	IGHV3-66	intergenic	intergenic	4156	IGH
igh_1023871	1023871	IGHV1-69D	intergenic	intergenic	872	IGH
igh_1023098	1023098	IGHV1-69D	intergenic	intergenic	99	IGH
igh_282401	282401	IGHV3-15	intergenic	intergenic	10682	IGH
igh_282453	282453	IGHV3-15	intergenic	intergenic	10630	IGH
igh_289069	289069	IGHV3-15	intergenic	intergenic	4014	IGH
igh_891169	891169	IGHV4-59	intergenic	intergenic	3043	IGH
igh_891213	891213	IGHV4-59	intergenic	intergenic	3087	IGH
igh_891216	891216	IGHV4-59	intergenic	intergenic	3090	IGH
igh_891247	891247	IGHV4-59	intergenic	intergenic	3121	IGH
igh_891267	891267	IGHV4-59	intergenic	intergenic	3141	IGH
igh_891379	891379	IGHV4-59	intergenic	intergenic	3253	IGH
igh_905476	905476	IGHV3-62	intergenic	intergenic	1430	IGH
igh_924529	924529	IGHV3-64	intergenic	intergenic	5861	IGH
igh_924600	924600	IGHV3-64	intergenic	intergenic	5932	IGH
igh_1074150	1074150	IGHV3-74	intergenic	intergenic	2778	IGH
igh_1012704	1012704	IGHV1-69D	intergenic	intergenic	9759	IGH
igh_836166	836166	IGHV5-51	intergenic	intergenic	2947	IGH
igh_836421	836421	IGHV5-51	intergenic	intergenic	2692	IGH
igh_744710	744710	IGHV3-43	intergenic	intergenic	13499	IGH
igh_514643	514643	IGHV3-30-3	intergenic	intergenic	4755	IGH
igh_968248	968248	IGHV1-69	intergenic	intergenic	6805	IGH
igh_969021	969021	IGHV1-69	intergenic	intergenic	6032	IGH
igh_1073676	1073676	IGHV3-74	intergenic	intergenic	2304	IGH
igh_888146	888146	IGHV4-59	intergenic	intergenic	20	IGH
igh_837113	837113	IGHV5-51	intergenic	intergenic	2000	IGH
igh_838205	838205	IGHV5-51	intergenic	intergenic	908	IGH
igh_840150	840150	IGHV5-51	intergenic	intergenic	505	IGH
igh_841710	841710	IGHV5-51	intergenic	intergenic	2065	IGH
igh_1041237	1041237	IGHV2-70	intergenic	intergenic	9790	IGH
igh_966442	966442	IGHV1-69	intergenic	intergenic	8611	IGH
igh_516605	516605	IGHV3-30-3	intergenic	intergenic	6717	IGH
igh_1078402	1078402	IGHV3-74	intergenic	intergenic	7030	IGH
igh_666026	666026	IGHV3-38-3	intergenic	intergenic	7954	IGH
igh_1130139	1130139	IGHV7-81	intergenic	intergenic	4813	IGH
igh_1134375	1134375	IGHV7-81	intergenic	intergenic	577	IGH
igh_971346	971346	IGHV1-69	intergenic	intergenic	3707	IGH
igh_620128	620128	IGHV4-38-2	intergenic	intergenic	803	IGH
igh_484058	484058	IGHV3-30	intergenic	intergenic	1325	IGH
igh_537566	537566	IGHV3-30-5	intergenic	intergenic	2679	IGH
igh_538009	538009	IGHV3-30-5	intergenic	intergenic	3122	IGH
igh_518214	518214	IGHV4-30-4	intergenic	intergenic	5300	IGH
igh_1043292	1043292	IGHV3-72	intergenic	intergenic	7771	IGH
igh_976076	976076	IGHV1-69	intergenic	intergenic	487	IGH
igh_976238	976238	IGHV1-69	intergenic	intergenic	649	IGH
igh_976393	976393	IGHV1-69	intergenic	intergenic	804	IGH
igh_976452	976452	IGHV1-69	intergenic	intergenic	863	IGH
igh_976508	976508	IGHV1-69	intergenic	intergenic	919	IGH
igh_976534	976534	IGHV1-69	intergenic	intergenic	945	IGH
igh_951663	951663	IGHV3-66	intergenic	intergenic	15708	IGH
igh_924526	924526	IGHV3-64	intergenic	intergenic	5858	IGH
igh_618419	618419	IGHV4-38-2	intergenic	intergenic	2512	IGH
igh_644063	644063	IGHV3-43D	intergenic	intergenic	7217	IGH
igh_199224	199224	IGHV3-7	intergenic	intergenic	2386	IGH
igh_1135699	1135699	IGHV7-81	intergenic	intergenic	217	IGH
igh_1068026	1068026	IGHV3-74	intergenic	intergenic	2785	IGH
igh_1072189	1072189	IGHV3-74	intergenic	intergenic	817	IGH
igh_537956	537956	IGHV3-30-5	intergenic	intergenic	3069	IGH
igh_845857	845857	IGHV8-51-1	intergenic	intergenic	1305	IGH
igh_27234	27234	IGHD2-21	intergenic	intergenic	789	IGH
igh_117871	117871	IGHV1-2	intergenic	intergenic	8172	IGH
igh_1023531	1023531	IGHV1-69D	intergenic	intergenic	532	IGH
igh_1023621	1023621	IGHV1-69D	intergenic	intergenic	622	IGH
igh_1083629	1083629	IGHV3-74	intergenic	intergenic	12257	IGH
igh_492802	492802	IGHV4-30-2	intergenic	intergenic	6784	IGH
igh_345964	345964	IGHV3-20	intergenic	intergenic	4433	IGH
igh_825642	825642	IGHV3-49	intergenic	intergenic	7756	IGH
igh_1073189	1073189	IGHV3-74	intergenic	intergenic	1817	IGH
igh_1098884	1098884	IGHV3-74	intergenic	intergenic	27512	IGH
igh_831994	831994	IGHV5-51	intergenic	intergenic	7119	IGH
igh_51900	51900	IGHD5-5	intergenic	intergenic	95	IGH
igh_981714	981714	IGHV2-70D	intergenic	intergenic	2231	IGH
igh_981726	981726	IGHV2-70D	intergenic	intergenic	2219	IGH
igh_979563	979563	IGHV1-69	intergenic	intergenic	3974	IGH
igh_679101	679101	IGHV4-39	intergenic	intergenic	2979	IGH
igh_723347	723347	IGHV3-43	intergenic	intergenic	7287	IGH
igh_428594	428594	IGHV1-24	intergenic	intergenic	1211	IGH
igh_45088	45088	IGHD3-9	intergenic	intergenic	848	IGH
igh_620375	620375	IGHV4-38-2	intergenic	intergenic	556	IGH
igh_620398	620398	IGHV4-38-2	intergenic	intergenic	533	IGH
igh_620434	620434	IGHV4-38-2	intergenic	intergenic	497	IGH
igh_620455	620455	IGHV4-38-2	intergenic	intergenic	476	IGH
igh_620473	620473	IGHV4-38-2	intergenic	intergenic	458	IGH
igh_384385	384385	IGHV3-21	intergenic	intergenic	9290	IGH
igh_384994	384994	IGHV3-21	intergenic	intergenic	9899	IGH
igh_567383	567383	IGHV4-34	intergenic	intergenic	5511	IGH
igh_42369	42369	IGHD5-12	intergenic	intergenic	169	IGH
igh_483720	483720	IGHV3-30	intergenic	intergenic	1663	IGH
igh_682720	682720	IGHV4-39	intergenic	intergenic	128	IGH
igh_516531	516531	IGHV3-30-3	intergenic	intergenic	6643	IGH
igh_1073820	1073820	IGHV3-74	intergenic	intergenic	2448	IGH
igh_42371	42371	IGHD5-12	intergenic	intergenic	171	IGH
igh_1093852	1093852	IGHV3-74	intergenic	intergenic	22480	IGH
igh_23575	23575	IGHD5-24	intergenic	intergenic	124	IGH
igh_23751	23751	IGHD5-24	intergenic	intergenic	300	IGH
igh_52473	52473	IGHD4-4	intergenic	intergenic	221	IGH
igh_685468	685468	IGHV4-39	intergenic	intergenic	2876	IGH
igh_907957	907957	IGHV3-62	intergenic	intergenic	3911	IGH
igh_924544	924544	IGHV3-64	intergenic	intergenic	5876	IGH
igh_913560	913560	IGHV3-64	intergenic	intergenic	4534	IGH
igh_303872	303872	IGHV3-16	intergenic	intergenic	792	IGH
igh_305765	305765	IGHV3-16	intergenic	intergenic	534	IGH
igh_436662	436662	IGHV3-25	intergenic	intergenic	2667	IGH
igh_679886	679886	IGHV4-39	intergenic	intergenic	2194	IGH
igh_420433	420433	IGHV3-23D	intergenic	intergenic	954	IGH
igh_889116	889116	IGHV4-59	intergenic	intergenic	990	IGH
igh_768835	768835	IGHV1-45	intergenic	intergenic	991	IGH
igh_769388	769388	IGHV1-45	intergenic	intergenic	1544	IGH
igh_773000	773000	IGHV1-46	intergenic	intergenic	979	IGH
igh_777039	777039	IGHV1-46	intergenic	intergenic	5018	IGH
igh_777041	777041	IGHV1-46	intergenic	intergenic	5020	IGH
igh_777042	777042	IGHV1-46	intergenic	intergenic	5021	IGH
igh_777043	777043	IGHV1-46	intergenic	intergenic	5022	IGH
igh_552866	552866	IGHV4-31	intergenic	intergenic	3836	IGH
igh_552932	552932	IGHV4-31	intergenic	intergenic	3902	IGH
igh_1014020	1014020	IGHV1-69D	intergenic	intergenic	8443	IGH
igh_1135707	1135707	IGHV7-81	intergenic	intergenic	225	IGH
igh_1135720	1135720	IGHV7-81	intergenic	intergenic	238	IGH
igh_680085	680085	IGHV4-39	intergenic	intergenic	1995	IGH
igh_850565	850565	IGHV3-53	intergenic	intergenic	2482	IGH
igh_851397	851397	IGHV3-53	intergenic	intergenic	1650	IGH
igh_851472	851472	IGHV3-53	intergenic	intergenic	1575	IGH
igh_774784	774784	IGHV1-46	intergenic	intergenic	2763	IGH
igh_486451	486451	IGHV3-30	intergenic	intergenic	496	IGH
igh_1017586	1017586	IGHV1-69D	intergenic	intergenic	4877	IGH
igh_188171	188171	IGHV2-5	intergenic	intergenic	10309	IGH
igh_170884	170884	IGHV7-4-1	intergenic	intergenic	5748	IGH
igh_170887	170887	IGHV7-4-1	intergenic	intergenic	5751	IGH
igh_1131351	1131351	IGHV7-81	intergenic	intergenic	3601	IGH
igh_740099	740099	IGHV3-43	intergenic	intergenic	8888	IGH
igh_966627	966627	IGHV1-69	intergenic	intergenic	8426	IGH
igh_966690	966690	IGHV1-69	intergenic	intergenic	8363	IGH
igh_683445	683445	IGHV4-39	intergenic	intergenic	853	IGH
igh_683494	683494	IGHV4-39	intergenic	intergenic	902	IGH
igh_823864	823864	IGHV3-49	intergenic	intergenic	5978	IGH
igh_305672	305672	IGHV3-16	intergenic	intergenic	441	IGH
igh_1015862	1015862	IGHV1-69D	intergenic	intergenic	6601	IGH
igh_1017120	1017120	IGHV1-69D	intergenic	intergenic	5343	IGH
igh_1017132	1017132	IGHV1-69D	intergenic	intergenic	5331	IGH
igh_1017201	1017201	IGHV1-69D	intergenic	intergenic	5262	IGH
igh_1017237	1017237	IGHV1-69D	intergenic	intergenic	5226	IGH
igh_1017374	1017374	IGHV1-69D	intergenic	intergenic	5089	IGH
igh_1017452	1017452	IGHV1-69D	intergenic	intergenic	5011	IGH
igh_1017461	1017461	IGHV1-69D	intergenic	intergenic	5002	IGH
igh_1017481	1017481	IGHV1-69D	intergenic	intergenic	4982	IGH
igh_1017548	1017548	IGHV1-69D	intergenic	intergenic	4915	IGH
igh_1017563	1017563	IGHV1-69D	intergenic	intergenic	4900	IGH
igh_1017591	1017591	IGHV1-69D	intergenic	intergenic	4872	IGH
igh_1017617	1017617	IGHV1-69D	intergenic	intergenic	4846	IGH
igh_1017634	1017634	IGHV1-69D	intergenic	intergenic	4829	IGH
igh_1017638	1017638	IGHV1-69D	intergenic	intergenic	4825	IGH
igh_1017692	1017692	IGHV1-69D	intergenic	intergenic	4771	IGH
igh_1017790	1017790	IGHV1-69D	intergenic	intergenic	4673	IGH
igh_1017915	1017915	IGHV1-69D	intergenic	intergenic	4548	IGH
igh_533096	533096	IGHV3-30-5	intergenic	intergenic	1219	IGH
igh_776910	776910	IGHV1-46	intergenic	intergenic	4889	IGH
igh_508492	508492	IGHV3-30-3	intergenic	intergenic	824	IGH
igh_478448	478448	IGHV4-28	intergenic	intergenic	3381	IGH
igh_1018448	1018448	IGHV1-69D	intergenic	intergenic	4015	IGH
igh_1018452	1018452	IGHV1-69D	intergenic	intergenic	4011	IGH
igh_489259	489259	IGHV3-30	intergenic	intergenic	3304	IGH
igh_1074671	1074671	IGHV3-74	intergenic	intergenic	3299	IGH
igh_1084352	1084352	IGHV3-74	intergenic	intergenic	12980	IGH
igh_777246	777246	IGHV1-46	intergenic	intergenic	5225	IGH
igh_409372	409372	IGHV3-23	intergenic	intergenic	734	IGH
igh_515737	515737	IGHV3-30-3	intergenic	intergenic	5849	IGH
igh_515587	515587	IGHV3-30-3	intergenic	intergenic	5699	IGH
igh_683519	683519	IGHV4-39	intergenic	intergenic	927	IGH
igh_1021132	1021132	IGHV1-69D	intergenic	intergenic	1331	IGH
igh_1021133	1021133	IGHV1-69D	intergenic	intergenic	1330	IGH
igh_53527	53527	IGHD3-3	intergenic	intergenic	304	IGH
igh_52189	52189	IGHD5-5	intergenic	intergenic	384	IGH
igh_52451	52451	IGHD4-4	intergenic	intergenic	243	IGH
igh_847788	847788	IGHV8-51-1	intergenic	intergenic	3236	IGH
igh_388922	388922	IGHV3-21	intergenic	intergenic	13827	IGH
igh_683414	683414	IGHV4-39	intergenic	intergenic	822	IGH
igh_978187	978187	IGHV1-69	intergenic	intergenic	2598	IGH
igh_818291	818291	IGHV3-49	intergenic	intergenic	405	IGH
igh_818985	818985	IGHV3-49	intergenic	intergenic	1099	IGH
igh_819333	819333	IGHV3-49	intergenic	intergenic	1447	IGH
igh_819489	819489	IGHV3-49	intergenic	intergenic	1603	IGH
igh_819624	819624	IGHV3-49	intergenic	intergenic	1738	IGH
igh_819829	819829	IGHV3-49	intergenic	intergenic	1943	IGH
igh_819843	819843	IGHV3-49	intergenic	intergenic	1957	IGH
igh_820097	820097	IGHV3-49	intergenic	intergenic	2211	IGH
igh_820247	820247	IGHV3-49	intergenic	intergenic	2361	IGH
igh_820280	820280	IGHV3-49	intergenic	intergenic	2394	IGH
igh_820288	820288	IGHV3-49	intergenic	intergenic	2402	IGH
igh_820332	820332	IGHV3-49	intergenic	intergenic	2446	IGH
igh_820401	820401	IGHV3-49	intergenic	intergenic	2515	IGH
igh_820405	820405	IGHV3-49	intergenic	intergenic	2519	IGH
igh_820406	820406	IGHV3-49	intergenic	intergenic	2520	IGH
igh_820607	820607	IGHV3-49	intergenic	intergenic	2721	IGH
igh_820626	820626	IGHV3-49	intergenic	intergenic	2740	IGH
igh_820668	820668	IGHV3-49	intergenic	intergenic	2782	IGH
igh_820695	820695	IGHV3-49	intergenic	intergenic	2809	IGH
igh_820723	820723	IGHV3-49	intergenic	intergenic	2837	IGH
igh_820772	820772	IGHV3-49	intergenic	intergenic	2886	IGH
igh_820777	820777	IGHV3-49	intergenic	intergenic	2891	IGH
igh_820797	820797	IGHV3-49	intergenic	intergenic	2911	IGH
igh_820803	820803	IGHV3-49	intergenic	intergenic	2917	IGH
igh_820830	820830	IGHV3-49	intergenic	intergenic	2944	IGH
igh_820831	820831	IGHV3-49	intergenic	intergenic	2945	IGH
igh_820834	820834	IGHV3-49	intergenic	intergenic	2948	IGH
igh_820849	820849	IGHV3-49	intergenic	intergenic	2963	IGH
igh_820888	820888	IGHV3-49	intergenic	intergenic	3002	IGH
igh_820889	820889	IGHV3-49	intergenic	intergenic	3003	IGH
igh_821085	821085	IGHV3-49	intergenic	intergenic	3199	IGH
igh_821142	821142	IGHV3-49	intergenic	intergenic	3256	IGH
igh_821150	821150	IGHV3-49	intergenic	intergenic	3264	IGH
igh_821174	821174	IGHV3-49	intergenic	intergenic	3288	IGH
igh_821356	821356	IGHV3-49	intergenic	intergenic	3470	IGH
igh_821532	821532	IGHV3-49	intergenic	intergenic	3646	IGH
igh_821602	821602	IGHV3-49	intergenic	intergenic	3716	IGH
igh_821640	821640	IGHV3-49	intergenic	intergenic	3754	IGH
igh_821873	821873	IGHV3-49	intergenic	intergenic	3987	IGH
igh_821886	821886	IGHV3-49	intergenic	intergenic	4000	IGH
igh_821916	821916	IGHV3-49	intergenic	intergenic	4030	IGH
igh_821919	821919	IGHV3-49	intergenic	intergenic	4033	IGH
igh_822231	822231	IGHV3-49	intergenic	intergenic	4345	IGH
igh_822859	822859	IGHV3-49	intergenic	intergenic	4973	IGH
igh_822921	822921	IGHV3-49	intergenic	intergenic	5035	IGH
igh_822954	822954	IGHV3-49	intergenic	intergenic	5068	IGH
igh_822955	822955	IGHV3-49	intergenic	intergenic	5069	IGH
igh_823136	823136	IGHV3-49	intergenic	intergenic	5250	IGH
igh_823458	823458	IGHV3-49	intergenic	intergenic	5572	IGH
igh_823767	823767	IGHV3-49	intergenic	intergenic	5881	IGH
igh_983095	983095	IGHV2-70D	intergenic	intergenic	850	IGH
igh_1015884	1015884	IGHV1-69D	intergenic	intergenic	6579	IGH
igh_1017373	1017373	IGHV1-69D	intergenic	intergenic	5090	IGH
igh_1017440	1017440	IGHV1-69D	intergenic	intergenic	5023	IGH
igh_1017539	1017539	IGHV1-69D	intergenic	intergenic	4924	IGH
igh_1017543	1017543	IGHV1-69D	intergenic	intergenic	4920	IGH
igh_1017572	1017572	IGHV1-69D	intergenic	intergenic	4891	IGH
igh_1017589	1017589	IGHV1-69D	intergenic	intergenic	4874	IGH
igh_1017593	1017593	IGHV1-69D	intergenic	intergenic	4870	IGH
igh_1017601	1017601	IGHV1-69D	intergenic	intergenic	4862	IGH
igh_1017628	1017628	IGHV1-69D	intergenic	intergenic	4835	IGH
igh_1017800	1017800	IGHV1-69D	intergenic	intergenic	4663	IGH
igh_1017806	1017806	IGHV1-69D	intergenic	intergenic	4657	IGH
igh_1017907	1017907	IGHV1-69D	intergenic	intergenic	4556	IGH
igh_335083	335083	IGHV1-18	intergenic	intergenic	10193	IGH
igh_335896	335896	IGHV1-18	intergenic	intergenic	11006	IGH
igh_337009	337009	IGHV1-18	intergenic	intergenic	12119	IGH
igh_339995	339995	IGHV3-20	intergenic	intergenic	10402	IGH
igh_340020	340020	IGHV3-20	intergenic	intergenic	10377	IGH
igh_343862	343862	IGHV3-20	intergenic	intergenic	6535	IGH
igh_508947	508947	IGHV3-30-3	intergenic	intergenic	369	IGH
igh_619775	619775	IGHV4-38-2	intergenic	intergenic	1156	IGH
igh_933760	933760	IGHV3-66	intergenic	intergenic	1626	IGH
igh_933762	933762	IGHV3-66	intergenic	intergenic	1624	IGH
igh_934277	934277	IGHV3-66	intergenic	intergenic	1109	IGH
igh_937745	937745	IGHV3-66	intergenic	intergenic	1790	IGH
igh_941828	941828	IGHV3-66	intergenic	intergenic	5873	IGH
igh_948520	948520	IGHV3-66	intergenic	intergenic	12565	IGH
igh_518849	518849	IGHV4-30-4	intergenic	intergenic	4665	IGH
igh_1013235	1013235	IGHV1-69D	intergenic	intergenic	9228	IGH
igh_485277	485277	IGHV3-30	intergenic	intergenic	106	IGH
igh_528935	528935	IGHV4-30-4	intergenic	intergenic	4907	IGH
igh_798164	798164	IGHV3-48	intergenic	intergenic	17	IGH
igh_798165	798165	IGHV3-48	intergenic	intergenic	16	IGH
igh_798166	798166	IGHV3-48	intergenic	intergenic	15	IGH
igh_1013650	1013650	IGHV1-69D	intergenic	intergenic	8813	IGH
igh_1010161	1010161	IGHV1-69-2	intergenic	intergenic	12147	IGH
igh_537656	537656	IGHV3-30-5	intergenic	intergenic	2769	IGH
igh_23933	23933	IGHD4-23	intergenic	intergenic	409	IGH
igh_767257	767257	IGHV1-45	intergenic	intergenic	110	IGH
igh_768584	768584	IGHV1-45	intergenic	intergenic	740	IGH
igh_827988	827988	IGHV3-49	intergenic	intergenic	10102	IGH
igh_1012661	1012661	IGHV1-69D	intergenic	intergenic	9802	IGH
igh_1012857	1012857	IGHV1-69D	intergenic	intergenic	9606	IGH
igh_916797	916797	IGHV3-64	intergenic	intergenic	1297	IGH
igh_916837	916837	IGHV3-64	intergenic	intergenic	1257	IGH
igh_821652	821652	IGHV3-49	intergenic	intergenic	3766	IGH
igh_823527	823527	IGHV3-49	intergenic	intergenic	5641	IGH
igh_1020008_1	1020008	IGHV1-69D	intergenic	intergenic	2455	IGH
igh_1020714	1020714	IGHV1-69D	intergenic	intergenic	1749	IGH
igh_507191	507191	IGHV3-30-3	intergenic	intergenic	2125	IGH
igh_508229	508229	IGHV3-30-3	intergenic	intergenic	1087	IGH
igh_480180	480180	IGHV4-28	intergenic	intergenic	5113	IGH
igh_984822	984822	IGHV2-70D	intergenic	intergenic	378	IGH
igh_984823	984823	IGHV2-70D	intergenic	intergenic	379	IGH
igh_796934	796934	IGHV3-48	intergenic	intergenic	1247	IGH
igh_797056	797056	IGHV3-48	intergenic	intergenic	1125	IGH
igh_797106	797106	IGHV3-48	intergenic	intergenic	1075	IGH
igh_797526	797526	IGHV3-48	intergenic	intergenic	655	IGH
igh_797754	797754	IGHV3-48	intergenic	intergenic	427	IGH
igh_798045	798045	IGHV3-48	intergenic	intergenic	136	IGH
igh_798142	798142	IGHV3-48	intergenic	intergenic	39	IGH
igh_799082	799082	IGHV3-48	intergenic	intergenic	334	IGH
igh_799210	799210	IGHV3-48	intergenic	intergenic	462	IGH
igh_799331	799331	IGHV3-48	intergenic	intergenic	583	IGH
igh_799409	799409	IGHV3-48	intergenic	intergenic	661	IGH
igh_799468	799468	IGHV3-48	intergenic	intergenic	720	IGH
igh_799556	799556	IGHV3-48	intergenic	intergenic	808	IGH
igh_799903	799903	IGHV3-48	intergenic	intergenic	1155	IGH
igh_799921	799921	IGHV3-48	intergenic	intergenic	1173	IGH
igh_800050	800050	IGHV3-48	intergenic	intergenic	1302	IGH
igh_800438	800438	IGHV3-48	intergenic	intergenic	1690	IGH
igh_800602	800602	IGHV3-48	intergenic	intergenic	1854	IGH
igh_800615	800615	IGHV3-48	intergenic	intergenic	1867	IGH
igh_800707	800707	IGHV3-48	intergenic	intergenic	1959	IGH
igh_801025	801025	IGHV3-48	intergenic	intergenic	2277	IGH
igh_801426	801426	IGHV3-48	intergenic	intergenic	2678	IGH
igh_801781	801781	IGHV3-48	intergenic	intergenic	3033	IGH
igh_802013	802013	IGHV3-48	intergenic	intergenic	3265	IGH
igh_802354	802354	IGHV3-48	intergenic	intergenic	3606	IGH
igh_802440	802440	IGHV3-48	intergenic	intergenic	3692	IGH
igh_802530	802530	IGHV3-48	intergenic	intergenic	3782	IGH
igh_802556	802556	IGHV3-48	intergenic	intergenic	3808	IGH
igh_1018517	1018517	IGHV1-69D	intergenic	intergenic	3946	IGH
igh_796355	796355	IGHV3-48	intergenic	intergenic	1826	IGH
igh_803063	803063	IGHV3-48	intergenic	intergenic	4315	IGH
igh_537602	537602	IGHV3-30-5	intergenic	intergenic	2715	IGH
igh_401458	401458	IGHV3-23	intergenic	intergenic	6606	IGH
igh_788009	788009	IGHV3-48	intergenic	intergenic	10172	IGH
igh_788890	788890	IGHV3-48	intergenic	intergenic	9291	IGH
igh_363925	363925	IGHV3-21	intergenic	intergenic	10598	IGH
igh_364332	364332	IGHV3-21	intergenic	intergenic	10191	IGH
igh_1012883	1012883	IGHV1-69D	intergenic	intergenic	9580	IGH
igh_879654	879654	IGHV1-58	intergenic	intergenic	3074	IGH
igh_1043366	1043366	IGHV3-72	intergenic	intergenic	7697	IGH
igh_451596	451596	IGHV2-26	intergenic	intergenic	102	IGH
igh_753181	753181	IGHV1-45	intergenic	intergenic	14186	IGH
igh_756689	756689	IGHV1-45	intergenic	intergenic	10678	IGH
igh_851916	851916	IGHV3-53	intergenic	intergenic	1131	IGH
igh_1012647_1	1012647	IGHV1-69D	intergenic	intergenic	9816	IGH
igh_562853	562853	IGHV3-33	intergenic	intergenic	3257	IGH
igh_966912	966912	IGHV1-69	intergenic	intergenic	8141	IGH
igh_682634	682634	IGHV4-39	intergenic	intergenic	42	IGH
igh_682744	682744	IGHV4-39	intergenic	intergenic	152	IGH
igh_682799	682799	IGHV4-39	intergenic	intergenic	207	IGH
igh_682813	682813	IGHV4-39	intergenic	intergenic	221	IGH
igh_682850	682850	IGHV4-39	intergenic	intergenic	258	IGH
igh_682890	682890	IGHV4-39	intergenic	intergenic	298	IGH
igh_682973	682973	IGHV4-39	intergenic	intergenic	381	IGH
igh_683067	683067	IGHV4-39	intergenic	intergenic	475	IGH
igh_683194	683194	IGHV4-39	intergenic	intergenic	602	IGH
igh_683260	683260	IGHV4-39	intergenic	intergenic	668	IGH
igh_683272	683272	IGHV4-39	intergenic	intergenic	680	IGH
igh_683276	683276	IGHV4-39	intergenic	intergenic	684	IGH
igh_683277	683277	IGHV4-39	intergenic	intergenic	685	IGH
igh_683351	683351	IGHV4-39	intergenic	intergenic	759	IGH
igh_683394	683394	IGHV4-39	intergenic	intergenic	802	IGH
igh_683406	683406	IGHV4-39	intergenic	intergenic	814	IGH
igh_683540	683540	IGHV4-39	intergenic	intergenic	948	IGH
igh_683567	683567	IGHV4-39	intergenic	intergenic	975	IGH
igh_683617	683617	IGHV4-39	intergenic	intergenic	1025	IGH
igh_683677	683677	IGHV4-39	intergenic	intergenic	1085	IGH
igh_683678	683678	IGHV4-39	intergenic	intergenic	1086	IGH
igh_683736	683736	IGHV4-39	intergenic	intergenic	1144	IGH
igh_683813	683813	IGHV4-39	intergenic	intergenic	1221	IGH
igh_683843	683843	IGHV4-39	intergenic	intergenic	1251	IGH
igh_683847	683847	IGHV4-39	intergenic	intergenic	1255	IGH
igh_683885	683885	IGHV4-39	intergenic	intergenic	1293	IGH
igh_683888	683888	IGHV4-39	intergenic	intergenic	1296	IGH
igh_683893	683893	IGHV4-39	intergenic	intergenic	1301	IGH
igh_683968	683968	IGHV4-39	intergenic	intergenic	1376	IGH
igh_684009	684009	IGHV4-39	intergenic	intergenic	1417	IGH
igh_684027	684027	IGHV4-39	intergenic	intergenic	1435	IGH
igh_684028	684028	IGHV4-39	intergenic	intergenic	1436	IGH
igh_684102	684102	IGHV4-39	intergenic	intergenic	1510	IGH
igh_684202	684202	IGHV4-39	intergenic	intergenic	1610	IGH
igh_684324	684324	IGHV4-39	intergenic	intergenic	1732	IGH
igh_684365	684365	IGHV4-39	intergenic	intergenic	1773	IGH
igh_684426	684426	IGHV4-39	intergenic	intergenic	1834	IGH
igh_684457	684457	IGHV4-39	intergenic	intergenic	1865	IGH
igh_684508	684508	IGHV4-39	intergenic	intergenic	1916	IGH
igh_684517	684517	IGHV4-39	intergenic	intergenic	1925	IGH
igh_684520	684520	IGHV4-39	intergenic	intergenic	1928	IGH
igh_684548	684548	IGHV4-39	intergenic	intergenic	1956	IGH
igh_684581	684581	IGHV4-39	intergenic	intergenic	1989	IGH
igh_684711	684711	IGHV4-39	intergenic	intergenic	2119	IGH
igh_685094	685094	IGHV4-39	intergenic	intergenic	2502	IGH
igh_685206	685206	IGHV4-39	intergenic	intergenic	2614	IGH
igh_685218	685218	IGHV4-39	intergenic	intergenic	2626	IGH
igh_685343	685343	IGHV4-39	intergenic	intergenic	2751	IGH
igh_685557	685557	IGHV4-39	intergenic	intergenic	2965	IGH
igh_685601	685601	IGHV4-39	intergenic	intergenic	3009	IGH
igh_685736	685736	IGHV4-39	intergenic	intergenic	3144	IGH
igh_685779	685779	IGHV4-39	intergenic	intergenic	3187	IGH
igh_685931	685931	IGHV4-39	intergenic	intergenic	3339	IGH
igh_55601	55601	IGHD2-2	intergenic	intergenic	697	IGH
igh_55607	55607	IGHD2-2	intergenic	intergenic	691	IGH
igh_55608	55608	IGHD2-2	intergenic	intergenic	690	IGH
igh_55613	55613	IGHD2-2	intergenic	intergenic	685	IGH
igh_782700	782700	IGHV1-46	intergenic	intergenic	10679	IGH
igh_782707	782707	IGHV1-46	intergenic	intergenic	10686	IGH
igh_1124312	1124312	IGHV7-81	intergenic	intergenic	10640	IGH
igh_483461	483461	IGHV3-30	intergenic	intergenic	1922	IGH
igh_843266	843266	IGHV8-51-1	intergenic	intergenic	606	IGH
igh_1016430	1016430	IGHV1-69D	intergenic	intergenic	6033	IGH
igh_1016473	1016473	IGHV1-69D	intergenic	intergenic	5990	IGH
igh_404752	404752	IGHV3-23	intergenic	intergenic	3312	IGH
igh_55213	55213	IGHD2-2	intergenic	intergenic	1085	IGH
igh_564624	564624	IGHV3-33	intergenic	intergenic	5028	IGH
igh_826119	826119	IGHV3-49	intergenic	intergenic	8233	IGH
igh_798080	798080	IGHV3-48	intergenic	intergenic	101	IGH
igh_799078	799078	IGHV3-48	intergenic	intergenic	330	IGH
igh_977583	977583	IGHV1-69	intergenic	intergenic	1994	IGH
igh_977681	977681	IGHV1-69	intergenic	intergenic	2092	IGH
igh_978038	978038	IGHV1-69	intergenic	intergenic	2449	IGH
igh_978056	978056	IGHV1-69	intergenic	intergenic	2467	IGH
igh_978287	978287	IGHV1-69	intergenic	intergenic	2698	IGH
igh_980457	980457	IGHV2-70D	intergenic	intergenic	3488	IGH
igh_552963	552963	IGHV4-31	intergenic	intergenic	3933	IGH
igh_982428	982428	IGHV2-70D	intergenic	intergenic	1517	IGH
igh_15447	15447	IGHD1-26	intergenic	intergenic	5059	IGH
igh_966384	966384	IGHV1-69	intergenic	intergenic	8669	IGH
igh_966437	966437	IGHV1-69	intergenic	intergenic	8616	IGH
igh_682038	682038	IGHV4-39	intergenic	intergenic	42	IGH
igh_489671	489671	IGHV3-30	intergenic	intergenic	3716	IGH
igh_889717	889717	IGHV4-59	intergenic	intergenic	1591	IGH
igh_889720	889720	IGHV4-59	intergenic	intergenic	1594	IGH
igh_460689	460689	IGHV2-26	intergenic	intergenic	8492	IGH
igh_683539	683539	IGHV4-39	intergenic	intergenic	947	IGH
igh_108021	108021	IGHV1-2	intergenic	intergenic	18022	IGH
igh_573764	573764	IGHV4-34	intergenic	intergenic	360	IGH
igh_78056	78056	IGHV6-1	intergenic	intergenic	1159	IGH
igh_35884	35884	IGHD3-16	intergenic	intergenic	685	IGH
igh_36826	36826	IGHD2-15	intergenic	intergenic	603	IGH
igh_1000748	1000748	IGHV1-69-2	intergenic	intergenic	2734	IGH
igh_1002952	1002952	IGHV1-69-2	intergenic	intergenic	4938	IGH
igh_1003645	1003645	IGHV1-69-2	intergenic	intergenic	5631	IGH
igh_1005671	1005671	IGHV1-69-2	intergenic	intergenic	7657	IGH
igh_878732	878732	IGHV1-58	intergenic	intergenic	3996	IGH
igh_568700	568700	IGHV4-34	intergenic	intergenic	4194	IGH
igh_1016316	1016316	IGHV1-69D	intergenic	intergenic	6147	IGH
igh_1017207	1017207	IGHV1-69D	intergenic	intergenic	5256	IGH
igh_1017226	1017226	IGHV1-69D	intergenic	intergenic	5237	IGH
igh_1017330	1017330	IGHV1-69D	intergenic	intergenic	5133	IGH
igh_800121	800121	IGHV3-48	intergenic	intergenic	1373	IGH
igh_682054	682054	IGHV4-39	intergenic	intergenic	26	IGH
igh_685958	685958	IGHV4-39	intergenic	intergenic	3366	IGH
igh_686046	686046	IGHV4-39	intergenic	intergenic	3454	IGH
igh_686061	686061	IGHV4-39	intergenic	intergenic	3469	IGH
igh_686085	686085	IGHV4-39	intergenic	intergenic	3493	IGH
igh_686133	686133	IGHV4-39	intergenic	intergenic	3541	IGH
igh_686141	686141	IGHV4-39	intergenic	intergenic	3549	IGH
igh_686142	686142	IGHV4-39	intergenic	intergenic	3550	IGH
igh_686147	686147	IGHV4-39	intergenic	intergenic	3555	IGH
igh_686328	686328	IGHV4-39	intergenic	intergenic	3736	IGH
igh_686435	686435	IGHV4-39	intergenic	intergenic	3843	IGH
igh_686612	686612	IGHV4-39	intergenic	intergenic	4020	IGH
igh_686672	686672	IGHV4-39	intergenic	intergenic	4080	IGH
igh_686739	686739	IGHV4-39	intergenic	intergenic	4147	IGH
igh_686769	686769	IGHV4-39	intergenic	intergenic	4177	IGH
igh_686786	686786	IGHV4-39	intergenic	intergenic	4194	IGH
igh_686894	686894	IGHV4-39	intergenic	intergenic	4302	IGH
igh_687024	687024	IGHV4-39	intergenic	intergenic	4432	IGH
igh_687061	687061	IGHV4-39	intergenic	intergenic	4469	IGH
igh_687165	687165	IGHV4-39	intergenic	intergenic	4573	IGH
igh_687236	687236	IGHV4-39	intergenic	intergenic	4644	IGH
igh_687301	687301	IGHV4-39	intergenic	intergenic	4709	IGH
igh_687317	687317	IGHV4-39	intergenic	intergenic	4725	IGH
igh_687408	687408	IGHV4-39	intergenic	intergenic	4816	IGH
igh_687500	687500	IGHV4-39	intergenic	intergenic	4908	IGH
igh_687530	687530	IGHV4-39	intergenic	intergenic	4938	IGH
igh_687573	687573	IGHV4-39	intergenic	intergenic	4981	IGH
igh_687577	687577	IGHV4-39	intergenic	intergenic	4985	IGH
igh_687628	687628	IGHV4-39	intergenic	intergenic	5036	IGH
igh_687733	687733	IGHV4-39	intergenic	intergenic	5141	IGH
igh_687749	687749	IGHV4-39	intergenic	intergenic	5157	IGH
igh_687754	687754	IGHV4-39	intergenic	intergenic	5162	IGH
igh_687763	687763	IGHV4-39	intergenic	intergenic	5171	IGH
igh_687778	687778	IGHV4-39	intergenic	intergenic	5186	IGH
igh_687827	687827	IGHV4-39	intergenic	intergenic	5235	IGH
igh_687850	687850	IGHV4-39	intergenic	intergenic	5258	IGH
igh_687868	687868	IGHV4-39	intergenic	intergenic	5276	IGH
igh_687904	687904	IGHV4-39	intergenic	intergenic	5312	IGH
igh_687911	687911	IGHV4-39	intergenic	intergenic	5319	IGH
igh_687938	687938	IGHV4-39	intergenic	intergenic	5346	IGH
igh_687962	687962	IGHV4-39	intergenic	intergenic	5370	IGH
igh_687966	687966	IGHV4-39	intergenic	intergenic	5374	IGH
igh_688030	688030	IGHV4-39	intergenic	intergenic	5438	IGH
igh_688054	688054	IGHV4-39	intergenic	intergenic	5462	IGH
igh_688061	688061	IGHV4-39	intergenic	intergenic	5469	IGH
igh_688076	688076	IGHV4-39	intergenic	intergenic	5484	IGH
igh_688088	688088	IGHV4-39	intergenic	intergenic	5496	IGH
igh_688106	688106	IGHV4-39	intergenic	intergenic	5514	IGH
igh_688116	688116	IGHV4-39	intergenic	intergenic	5524	IGH
igh_688148	688148	IGHV4-39	intergenic	intergenic	5556	IGH
igh_688170	688170	IGHV4-39	intergenic	intergenic	5578	IGH
igh_688213	688213	IGHV4-39	intergenic	intergenic	5621	IGH
igh_688225	688225	IGHV4-39	intergenic	intergenic	5633	IGH
igh_688400	688400	IGHV4-39	intergenic	intergenic	5808	IGH
igh_688486	688486	IGHV4-39	intergenic	intergenic	5894	IGH
igh_688519	688519	IGHV4-39	intergenic	intergenic	5927	IGH
igh_688538	688538	IGHV4-39	intergenic	intergenic	5946	IGH
igh_688563	688563	IGHV4-39	intergenic	intergenic	5971	IGH
igh_688576	688576	IGHV4-39	intergenic	intergenic	5984	IGH
igh_688603	688603	IGHV4-39	intergenic	intergenic	6011	IGH
igh_688714	688714	IGHV4-39	intergenic	intergenic	6122	IGH
igh_688715	688715	IGHV4-39	intergenic	intergenic	6123	IGH
igh_688719	688719	IGHV4-39	intergenic	intergenic	6127	IGH
igh_688790	688790	IGHV4-39	intergenic	intergenic	6198	IGH
igh_688791	688791	IGHV4-39	intergenic	intergenic	6199	IGH
igh_688816	688816	IGHV4-39	intergenic	intergenic	6224	IGH
igh_688825	688825	IGHV4-39	intergenic	intergenic	6233	IGH
igh_688826	688826	IGHV4-39	intergenic	intergenic	6234	IGH
igh_688841	688841	IGHV4-39	intergenic	intergenic	6249	IGH
igh_688857	688857	IGHV4-39	intergenic	intergenic	6265	IGH
igh_688874	688874	IGHV4-39	intergenic	intergenic	6282	IGH
igh_688891	688891	IGHV4-39	intergenic	intergenic	6299	IGH
igh_688936	688936	IGHV4-39	intergenic	intergenic	6344	IGH
igh_688971	688971	IGHV4-39	intergenic	intergenic	6379	IGH
igh_688979	688979	IGHV4-39	intergenic	intergenic	6387	IGH
igh_688991	688991	IGHV4-39	intergenic	intergenic	6399	IGH
igh_689014	689014	IGHV4-39	intergenic	intergenic	6422	IGH
igh_689024	689024	IGHV4-39	intergenic	intergenic	6432	IGH
igh_689030	689030	IGHV4-39	intergenic	intergenic	6438	IGH
igh_689061	689061	IGHV4-39	intergenic	intergenic	6469	IGH
igh_689069	689069	IGHV4-39	intergenic	intergenic	6477	IGH
igh_689123	689123	IGHV4-39	intergenic	intergenic	6531	IGH
igh_689196	689196	IGHV4-39	intergenic	intergenic	6604	IGH
igh_689266	689266	IGHV4-39	intergenic	intergenic	6674	IGH
igh_689295	689295	IGHV4-39	intergenic	intergenic	6703	IGH
igh_689341	689341	IGHV4-39	intergenic	intergenic	6749	IGH
igh_689356	689356	IGHV4-39	intergenic	intergenic	6764	IGH
igh_689363	689363	IGHV4-39	intergenic	intergenic	6771	IGH
igh_689366	689366	IGHV4-39	intergenic	intergenic	6774	IGH
igh_689390	689390	IGHV4-39	intergenic	intergenic	6798	IGH
igh_689493	689493	IGHV4-39	intergenic	intergenic	6901	IGH
igh_689516	689516	IGHV4-39	intergenic	intergenic	6924	IGH
igh_689523	689523	IGHV4-39	intergenic	intergenic	6931	IGH
igh_689558	689558	IGHV4-39	intergenic	intergenic	6966	IGH
igh_689611	689611	IGHV4-39	intergenic	intergenic	7019	IGH
igh_689672	689672	IGHV4-39	intergenic	intergenic	7080	IGH
igh_689716	689716	IGHV4-39	intergenic	intergenic	7124	IGH
igh_689719	689719	IGHV4-39	intergenic	intergenic	7127	IGH
igh_689720	689720	IGHV4-39	intergenic	intergenic	7128	IGH
igh_689728	689728	IGHV4-39	intergenic	intergenic	7136	IGH
igh_689765_1	689765	IGHV4-39	intergenic	intergenic	7173	IGH
igh_689766	689766	IGHV4-39	intergenic	intergenic	7174	IGH
igh_689783	689783	IGHV4-39	intergenic	intergenic	7191	IGH
igh_689796	689796	IGHV4-39	intergenic	intergenic	7204	IGH
igh_299015	299015	IGHV3-15	intergenic	intergenic	5351	IGH
igh_810279	810279	IGHV3-49	intergenic	intergenic	7028	IGH
igh_966672	966672	IGHV1-69	intergenic	intergenic	8381	IGH
igh_389221	389221	IGHV3-21	intergenic	intergenic	14126	IGH
igh_679021	679021	IGHV1-38-4	intergenic	intergenic	2981	IGH
igh_1043290	1043290	IGHV3-72	intergenic	intergenic	7773	IGH
igh_618437	618437	IGHV4-38-2	intergenic	intergenic	2494	IGH
igh_318562	318562	IGHV1-18	intergenic	intergenic	5798	IGH
igh_425996	425996	IGHV1-24	intergenic	intergenic	853	IGH
igh_618417	618417	IGHV4-38-2	intergenic	intergenic	2514	IGH
igh_976380	976380	IGHV1-69	intergenic	intergenic	791	IGH
igh_32970	32970	IGHD5-18	intergenic	intergenic	44	IGH
igh_32971	32971	IGHD5-18	intergenic	intergenic	43	IGH
igh_36282	36282	IGHD3-16	intergenic	intergenic	1083	IGH
igh_513017	513017	IGHV3-30-3	intergenic	intergenic	3129	IGH
igh_87280	87280	IGHV6-1	intergenic	intergenic	7528	IGH
igh_816650	816650	IGHV3-49	intergenic	intergenic	657	IGH
igh_42542	42542	IGHD5-12	intergenic	intergenic	342	IGH
igh_935350	935350	IGHV3-66	intergenic	intergenic	36	IGH
igh_784381	784381	IGHV1-46	intergenic	intergenic	12360	IGH
igh_6894	6894	IGHD7-27	intergenic	intergenic	1804	IGH
igh_382868	382868	IGHV3-21	intergenic	intergenic	7773	IGH
igh_385809	385809	IGHV3-21	intergenic	intergenic	10714	IGH
igh_385976	385976	IGHV3-21	intergenic	intergenic	10881	IGH
igh_388620	388620	IGHV3-21	intergenic	intergenic	13525	IGH
igh_854918	854918	IGHV3-53	intergenic	intergenic	1311	IGH
igh_857491	857491	IGHV3-53	intergenic	intergenic	3884	IGH
igh_869491	869491	IGHV1-58	intergenic	intergenic	13237	IGH
igh_871422	871422	IGHV1-58	intergenic	intergenic	11306	IGH
igh_1018390	1018390	IGHV1-69D	intergenic	intergenic	4073	IGH
igh_816649	816649	IGHV3-49	intergenic	intergenic	658	IGH
igh_966514	966514	IGHV1-69	intergenic	intergenic	8539	IGH
igh_1022267	1022267	IGHV1-69D	intergenic	intergenic	196	IGH
igh_837338	837338	IGHV5-51	intergenic	intergenic	1775	IGH
igh_617460	617460	IGHV4-38-2	intergenic	intergenic	3471	IGH
igh_800991	800991	IGHV3-48	intergenic	intergenic	2243	IGH
igh_801383	801383	IGHV3-48	intergenic	intergenic	2635	IGH
igh_801556	801556	IGHV3-48	intergenic	intergenic	2808	IGH
igh_801780	801780	IGHV3-48	intergenic	intergenic	3032	IGH
igh_801791	801791	IGHV3-48	intergenic	intergenic	3043	IGH
igh_801801	801801	IGHV3-48	intergenic	intergenic	3053	IGH
igh_801941	801941	IGHV3-48	intergenic	intergenic	3193	IGH
igh_802096	802096	IGHV3-48	intergenic	intergenic	3348	IGH
igh_802110	802110	IGHV3-48	intergenic	intergenic	3362	IGH
igh_802446	802446	IGHV3-48	intergenic	intergenic	3698	IGH
igh_802448	802448	IGHV3-48	intergenic	intergenic	3700	IGH
igh_900241	900241	IGHV4-61	intergenic	intergenic	239	IGH
igh_326475	326475	IGHV1-18	intergenic	intergenic	1585	IGH
igh_327347	327347	IGHV1-18	intergenic	intergenic	2457	IGH
igh_328448	328448	IGHV1-18	intergenic	intergenic	3558	IGH
igh_329385	329385	IGHV1-18	intergenic	intergenic	4495	IGH
igh_330240	330240	IGHV1-18	intergenic	intergenic	5350	IGH
igh_330639	330639	IGHV1-18	intergenic	intergenic	5749	IGH
igh_330846	330846	IGHV1-18	intergenic	intergenic	5956	IGH
igh_1013706	1013706	IGHV1-69D	intergenic	intergenic	8757	IGH
igh_505915	505915	IGHV3-30-3	intergenic	intergenic	3401	IGH
igh_51605	51605	IGHD5-5	intergenic	intergenic	124	IGH
igh_915399	915399	IGHV3-64	intergenic	intergenic	2695	IGH
igh_1021582	1021582	IGHV1-69D	intergenic	intergenic	881	IGH
igh_171311	171311	IGHV2-5	intergenic	intergenic	6052	IGH
igh_971414	971414	IGHV1-69	intergenic	intergenic	3639	IGH
igh_506092	506092	IGHV3-30-3	intergenic	intergenic	3224	IGH
igh_508352	508352	IGHV3-30-3	intergenic	intergenic	964	IGH
igh_58556	58556	IGHD1-1	intergenic	intergenic	418	IGH
igh_1012686	1012686	IGHV1-69D	intergenic	intergenic	9777	IGH
igh_818238	818238	IGHV3-49	intergenic	intergenic	352	IGH
igh_820031	820031	IGHV3-49	intergenic	intergenic	2145	IGH
igh_820543	820543	IGHV3-49	intergenic	intergenic	2657	IGH
igh_820569	820569	IGHV3-49	intergenic	intergenic	2683	IGH
igh_820572	820572	IGHV3-49	intergenic	intergenic	2686	IGH
igh_820577	820577	IGHV3-49	intergenic	intergenic	2691	IGH
igh_820603	820603	IGHV3-49	intergenic	intergenic	2717	IGH
igh_820649	820649	IGHV3-49	intergenic	intergenic	2763	IGH
igh_820728	820728	IGHV3-49	intergenic	intergenic	2842	IGH
igh_821329	821329	IGHV3-49	intergenic	intergenic	3443	IGH
igh_821422	821422	IGHV3-49	intergenic	intergenic	3536	IGH
igh_821589	821589	IGHV3-49	intergenic	intergenic	3703	IGH
igh_821674	821674	IGHV3-49	intergenic	intergenic	3788	IGH
igh_821703	821703	IGHV3-49	intergenic	intergenic	3817	IGH
igh_821707	821707	IGHV3-49	intergenic	intergenic	3821	IGH
igh_822314	822314	IGHV3-49	intergenic	intergenic	4428	IGH
igh_822390	822390	IGHV3-49	intergenic	intergenic	4504	IGH
igh_822448	822448	IGHV3-49	intergenic	intergenic	4562	IGH
igh_822543	822543	IGHV3-49	intergenic	intergenic	4657	IGH
igh_822557	822557	IGHV3-49	intergenic	intergenic	4671	IGH
igh_822575	822575	IGHV3-49	intergenic	intergenic	4689	IGH
igh_822579	822579	IGHV3-49	intergenic	intergenic	4693	IGH
igh_822588	822588	IGHV3-49	intergenic	intergenic	4702	IGH
igh_822590	822590	IGHV3-49	intergenic	intergenic	4704	IGH
igh_822647	822647	IGHV3-49	intergenic	intergenic	4761	IGH
igh_822662	822662	IGHV3-49	intergenic	intergenic	4776	IGH
igh_822892	822892	IGHV3-49	intergenic	intergenic	5006	IGH
igh_823703	823703	IGHV3-49	intergenic	intergenic	5817	IGH
igh_823863	823863	IGHV3-49	intergenic	intergenic	5977	IGH
igh_1013046	1013046	IGHV1-69D	intergenic	intergenic	9417	IGH
igh_480213	480213	IGHV4-28	intergenic	intergenic	5146	IGH
igh_529546	529546	IGHV3-30-5	intergenic	intergenic	4769	IGH
igh_481853	481853	IGHV3-30	intergenic	intergenic	3530	IGH
igh_1105405	1105405	IGHV7-81	intergenic	intergenic	29547	IGH
igh_1133056	1133056	IGHV7-81	intergenic	intergenic	1896	IGH
igh_682974	682974	IGHV4-39	intergenic	intergenic	382	IGH
igh_684278	684278	IGHV4-39	intergenic	intergenic	1686	IGH
igh_685134	685134	IGHV4-39	intergenic	intergenic	2542	IGH
igh_685258	685258	IGHV4-39	intergenic	intergenic	2666	IGH
igh_685414	685414	IGHV4-39	intergenic	intergenic	2822	IGH
igh_386890	386890	IGHV3-21	intergenic	intergenic	11795	IGH
igh_390135	390135	IGHV3-21	intergenic	intergenic	15040	IGH
igh_774163	774163	IGHV1-46	intergenic	intergenic	2142	IGH
igh_1018456	1018456	IGHV1-69D	intergenic	intergenic	4007	IGH
igh_864475	864475	IGHV3-53	intergenic	intergenic	10868	IGH
igh_1023059	1023059	IGHV1-69D	intergenic	intergenic	60	IGH
igh_320934	320934	IGHV1-18	intergenic	intergenic	3426	IGH
igh_1105050	1105050	IGHV7-81	intergenic	intergenic	29902	IGH
igh_820496	820496	IGHV3-49	intergenic	intergenic	2610	IGH
igh_681942	681942	IGHV4-39	intergenic	intergenic	138	IGH
igh_42332	42332	IGHD5-12	intergenic	intergenic	132	IGH
igh_607160	607160	IGHV3-38	intergenic	intergenic	2565	IGH
igh_503701	503701	IGHV4-30-2	intergenic	intergenic	3604	IGH
igh_981681	981681	IGHV2-70D	intergenic	intergenic	2264	IGH
igh_15110	15110	IGHD1-26	intergenic	intergenic	5396	IGH
igh_985390	985390	IGHV2-70D	intergenic	intergenic	946	IGH
igh_683405	683405	IGHV4-39	intergenic	intergenic	813	IGH
igh_685115	685115	IGHV4-39	intergenic	intergenic	2523	IGH
igh_685505	685505	IGHV4-39	intergenic	intergenic	2913	IGH
igh_639874	639874	IGHV3-43D	intergenic	intergenic	3028	IGH
igh_640968	640968	IGHV3-43D	intergenic	intergenic	4122	IGH
igh_641915	641915	IGHV3-43D	intergenic	intergenic	5069	IGH
igh_641952	641952	IGHV3-43D	intergenic	intergenic	5106	IGH
igh_642368	642368	IGHV3-43D	intergenic	intergenic	5522	IGH
igh_642436	642436	IGHV3-43D	intergenic	intergenic	5590	IGH
igh_642443	642443	IGHV3-43D	intergenic	intergenic	5597	IGH
igh_489147	489147	IGHV3-30	intergenic	intergenic	3192	IGH
igh_1017046	1017046	IGHV1-69D	intergenic	intergenic	5417	IGH
igh_712166	712166	IGHV3-43	intergenic	intergenic	18468	IGH
igh_1012707	1012707	IGHV1-69D	intergenic	intergenic	9756	IGH
igh_743262	743262	IGHV3-43	intergenic	intergenic	12051	IGH
igh_743263	743263	IGHV3-43	intergenic	intergenic	12052	IGH
igh_1135655	1135655	IGHV7-81	intergenic	intergenic	173	IGH
igh_378714	378714	IGHV3-21	intergenic	intergenic	3619	IGH
igh_516097	516097	IGHV3-30-3	intergenic	intergenic	6209	IGH
igh_667961	667961	IGHV1-38-4	intergenic	intergenic	7547	IGH
igh_758915	758915	IGHV1-45	intergenic	intergenic	8452	IGH
igh_167050	167050	IGHV7-4-1	intergenic	intergenic	1914	IGH
igh_204460	204460	IGHV3-7	intergenic	intergenic	2279	IGH
igh_1166283	1166283	IGHV1-8	intergenic	intergenic	5489	IGH
igh_384237	384237	IGHV3-21	intergenic	intergenic	9142	IGH
igh_1172235	1172235	IGHV3-9	intergenic	intergenic	1234	IGH
igh_683724	683724	IGHV4-39	intergenic	intergenic	1132	IGH
igh_1027076	1027076	IGHV2-70	intergenic	intergenic	3872	IGH
igh_1033085	1033085	IGHV2-70	intergenic	intergenic	1638	IGH
igh_1102943	1102943	IGHV3-74	intergenic	intergenic	31571	IGH
igh_1012760	1012760	IGHV1-69D	intergenic	intergenic	9703	IGH
igh_464136	464136	IGHV4-28	intergenic	intergenic	10421	IGH
igh_387963	387963	IGHV3-21	intergenic	intergenic	12868	IGH
igh_1017302	1017302	IGHV1-69D	intergenic	intergenic	5161	IGH
igh_1017304	1017304	IGHV1-69D	intergenic	intergenic	5159	IGH
igh_1017370	1017370	IGHV1-69D	intergenic	intergenic	5093	IGH
igh_602493	602493	IGHV3-38	intergenic	intergenic	7232	IGH
igh_510199	510199	IGHV3-30-3	intergenic	intergenic	311	IGH
igh_511037	511037	IGHV3-30-3	intergenic	intergenic	1149	IGH
igh_511968	511968	IGHV3-30-3	intergenic	intergenic	2080	IGH
igh_431518	431518	IGHV1-24	intergenic	intergenic	4135	IGH
igh_432133	432133	IGHV1-24	intergenic	intergenic	4750	IGH
igh_1012664	1012664	IGHV1-69D	intergenic	intergenic	9799	IGH
igh_838285	838285	IGHV5-51	intergenic	intergenic	828	IGH
igh_1141074	1141074	IGHV7-81	intergenic	intergenic	5592	IGH
igh_514366	514366	IGHV3-30-3	intergenic	intergenic	4478	IGH
igh_514545	514545	IGHV3-30-3	intergenic	intergenic	4657	IGH
igh_515273	515273	IGHV3-30-3	intergenic	intergenic	5385	IGH
igh_515527	515527	IGHV3-30-3	intergenic	intergenic	5639	IGH
igh_486130	486130	IGHV3-30	intergenic	intergenic	175	IGH
igh_491115	491115	IGHV3-30	intergenic	intergenic	5160	IGH
igh_484728	484728	IGHV3-30	intergenic	intergenic	655	IGH
igh_171139	171139	IGHV7-4-1	intergenic	intergenic	6003	IGH
igh_1102698	1102698	IGHV3-74	intergenic	intergenic	31326	IGH
igh_480628	480628	IGHV3-30	intergenic	intergenic	4755	IGH
igh_480686	480686	IGHV3-30	intergenic	intergenic	4697	IGH
igh_826219	826219	IGHV3-49	intergenic	intergenic	8333	IGH
igh_1020681	1020681	IGHV1-69D	intergenic	intergenic	1782	IGH
igh_535959	535959	IGHV3-30-5	intergenic	intergenic	1072	IGH
igh_715697	715697	IGHV3-43	intergenic	intergenic	14937	IGH
igh_803040	803040	IGHV3-48	intergenic	intergenic	4292	IGH
igh_803209	803209	IGHV3-48	intergenic	intergenic	4461	IGH
igh_503702	503702	IGHV4-30-2	intergenic	intergenic	3605	IGH
igh_683485	683485	IGHV4-39	intergenic	intergenic	893	IGH
igh_627787	627787	IGHV4-38-2	intergenic	intergenic	6349	IGH
igh_860565	860565	IGHV3-53	intergenic	intergenic	6958	IGH
igh_851504	851504	IGHV3-53	intergenic	intergenic	1543	IGH
igh_529277	529277	IGHV3-30-5	intergenic	intergenic	5038	IGH
igh_626554	626554	IGHV4-38-2	intergenic	intergenic	5116	IGH
igh_403541	403541	IGHV3-23	intergenic	intergenic	4523	IGH
igh_1154488	1154488	IGHV1-8	intergenic	intergenic	5774	IGH
igh_322914	322914	IGHV1-18	intergenic	intergenic	1446	IGH
igh_821335	821335	IGHV3-49	intergenic	intergenic	3449	IGH
igh_828377	828377	IGHV3-49	intergenic	intergenic	10491	IGH
igh_828630	828630	IGHV5-51	intergenic	intergenic	10483	IGH
igh_601632	601632	IGHV3-38	intergenic	intergenic	8093	IGH
igh_1105410	1105410	IGHV7-81	intergenic	intergenic	29542	IGH
igh_462943	462943	IGHV2-26	intergenic	intergenic	10746	IGH
igh_463603	463603	IGHV4-28	intergenic	intergenic	10954	IGH
igh_469563	469563	IGHV4-28	intergenic	intergenic	4994	IGH
igh_471809	471809	IGHV4-28	intergenic	intergenic	2748	IGH
igh_473934	473934	IGHV4-28	intergenic	intergenic	623	IGH
igh_925976	925976	IGHV3-64	intergenic	intergenic	7308	IGH
igh_877164	877164	IGHV1-58	intergenic	intergenic	5564	IGH
igh_878442	878442	IGHV1-58	intergenic	intergenic	4286	IGH
igh_670108	670108	IGHV1-38-4	intergenic	intergenic	5400	IGH
igh_619544	619544	IGHV4-38-2	intergenic	intergenic	1387	IGH
igh_362684	362684	IGHV3-20	intergenic	intergenic	11712	IGH
igh_526644	526644	IGHV4-30-4	intergenic	intergenic	2616	IGH
igh_795499	795499	IGHV3-48	intergenic	intergenic	2682	IGH
igh_487160	487160	IGHV3-30	intergenic	intergenic	1205	IGH
igh_1023090	1023090	IGHV1-69D	intergenic	intergenic	91	IGH
igh_86580	86580	IGHV6-1	intergenic	intergenic	6828	IGH
igh_680626_1	680626	IGHV4-39	intergenic	intergenic	1454	IGH
igh_491903	491903	IGHV3-30	intergenic	intergenic	5948	IGH
igh_946958	946958	IGHV3-66	intergenic	intergenic	11003	IGH
igh_994533	994533	IGHV1-69-2	intergenic	intergenic	2948	IGH
igh_838461	838461	IGHV5-51	intergenic	intergenic	652	IGH
igh_734602	734602	IGHV3-43	intergenic	intergenic	3391	IGH
igh_735571	735571	IGHV3-43	intergenic	intergenic	4360	IGH
igh_1018337	1018337	IGHV1-69D	intergenic	intergenic	4126	IGH
igh_878198	878198	IGHV1-58	intergenic	intergenic	4530	IGH
igh_478389	478389	IGHV4-28	intergenic	intergenic	3322	IGH
igh_378968	378968	IGHV3-21	intergenic	intergenic	3873	IGH
igh_598472	598472	IGHV3-35	intergenic	intergenic	9282	IGH
igh_842936	842936	IGHV8-51-1	intergenic	intergenic	936	IGH
igh_804248	804248	IGHV3-48	intergenic	intergenic	5500	IGH
igh_804249	804249	IGHV3-48	intergenic	intergenic	5501	IGH
igh_804405	804405	IGHV3-48	intergenic	intergenic	5657	IGH
igh_601441	601441	IGHV3-38	intergenic	intergenic	8284	IGH
igh_517393	517393	IGHV4-30-4	intergenic	intergenic	6121	IGH
igh_188135	188135	IGHV2-5	intergenic	intergenic	10273	IGH
igh_483431	483431	IGHV3-30	intergenic	intergenic	1952	IGH
igh_1013180	1013180	IGHV1-69D	intergenic	intergenic	9283	IGH
igh_567900	567900	IGHV4-34	intergenic	intergenic	4994	IGH
igh_237586	237586	IGHV3-64D	intergenic	intergenic	9433	IGH
igh_386670	386670	IGHV3-21	intergenic	intergenic	11575	IGH
igh_1015716	1015716	IGHV1-69D	intergenic	intergenic	6747	IGH
igh_565897	565897	IGHV3-33	intergenic	intergenic	6301	IGH
igh_528747	528747	IGHV4-30-4	intergenic	intergenic	4719	IGH
igh_527908	527908	IGHV4-30-4	intergenic	intergenic	3880	IGH
igh_470790	470790	IGHV4-28	intergenic	intergenic	3767	IGH
igh_1016314	1016314	IGHV1-69D	intergenic	intergenic	6149	IGH
igh_1017094	1017094	IGHV1-69D	intergenic	intergenic	5369	IGH
igh_1017103	1017103	IGHV1-69D	intergenic	intergenic	5360	IGH
igh_1017225	1017225	IGHV1-69D	intergenic	intergenic	5238	IGH
igh_1017258	1017258	IGHV1-69D	intergenic	intergenic	5205	IGH
igh_1017262	1017262	IGHV1-69D	intergenic	intergenic	5201	IGH
igh_1017375	1017375	IGHV1-69D	intergenic	intergenic	5088	IGH
igh_491640	491640	IGHV3-30	intergenic	intergenic	5685	IGH
igh_767269	767269	IGHV1-45	intergenic	intergenic	98	IGH
igh_20728	20728	IGHD1-26	intergenic	intergenic	146	IGH
igh_513992	513992	IGHV3-30-3	intergenic	intergenic	4104	IGH
igh_598489	598489	IGHV3-35	intergenic	intergenic	9299	IGH
igh_770375	770375	IGHV1-46	intergenic	intergenic	1111	IGH
igh_473876	473876	IGHV4-28	intergenic	intergenic	681	IGH
igh_474160	474160	IGHV4-28	intergenic	intergenic	397	IGH
igh_480056	480056	IGHV4-28	intergenic	intergenic	4989	IGH
igh_480057	480057	IGHV4-28	intergenic	intergenic	4990	IGH
igh_480070	480070	IGHV4-28	intergenic	intergenic	5003	IGH
igh_480103	480103	IGHV4-28	intergenic	intergenic	5036	IGH
igh_480104	480104	IGHV4-28	intergenic	intergenic	5037	IGH
igh_521969	521969	IGHV4-30-4	intergenic	intergenic	1545	IGH
igh_679599	679599	IGHV4-39	intergenic	intergenic	2481	IGH
igh_1018311	1018311	IGHV1-69D	intergenic	intergenic	4152	IGH
igh_681748	681748	IGHV4-39	intergenic	intergenic	332	IGH
igh_598746	598746	IGHV3-35	intergenic	intergenic	9556	IGH
igh_867138	867138	IGHV3-53	intergenic	intergenic	13531	IGH
igh_66938	66938	IGHD1-1	intergenic	intergenic	7891	IGH
igh_1024009	1024009	IGHV1-69D	intergenic	intergenic	1010	IGH
igh_1024013	1024013	IGHV1-69D	intergenic	intergenic	1014	IGH
igh_1024014	1024014	IGHV1-69D	intergenic	intergenic	1015	IGH
igh_1024025	1024025	IGHV1-69D	intergenic	intergenic	1026	IGH
igh_1024028	1024028	IGHV1-69D	intergenic	intergenic	1029	IGH
igh_371093	371093	IGHV3-21	intergenic	intergenic	3430	IGH
igh_371095	371095	IGHV3-21	intergenic	intergenic	3428	IGH
igh_371096	371096	IGHV3-21	intergenic	intergenic	3427	IGH
igh_371099	371099	IGHV3-21	intergenic	intergenic	3424	IGH
igh_371106	371106	IGHV3-21	intergenic	intergenic	3417	IGH
igh_371108	371108	IGHV3-21	intergenic	intergenic	3415	IGH
igh_536569	536569	IGHV3-30-5	intergenic	intergenic	1682	IGH
igh_970893	970893	IGHV1-69	intergenic	intergenic	4160	IGH
igh_683045	683045	IGHV4-39	intergenic	intergenic	453	IGH
igh_681797	681797	IGHV4-39	intergenic	intergenic	283	IGH
igh_441982	441982	IGHV3-25	intergenic	intergenic	2081	IGH
igh_18824	18824	IGHD1-26	intergenic	intergenic	1682	IGH
igh_1023183	1023183	IGHV1-69D	intergenic	intergenic	184	IGH
igh_820473	820473	IGHV3-49	intergenic	intergenic	2587	IGH
igh_822561	822561	IGHV3-49	intergenic	intergenic	4675	IGH
igh_822576	822576	IGHV3-49	intergenic	intergenic	4690	IGH
igh_822593	822593	IGHV3-49	intergenic	intergenic	4707	IGH
igh_823227	823227	IGHV3-49	intergenic	intergenic	5341	IGH
igh_529531	529531	IGHV3-30-5	intergenic	intergenic	4784	IGH
igh_1020532	1020532	IGHV1-69D	intergenic	intergenic	1931	IGH
igh_812078	812078	IGHV3-49	intergenic	intergenic	5229	IGH
igh_1023310	1023310	IGHV1-69D	intergenic	intergenic	311	IGH
igh_535451	535451	IGHV3-30-5	intergenic	intergenic	564	IGH
igh_966443	966443	IGHV1-69	intergenic	intergenic	8610	IGH
igh_552571	552571	IGHV4-31	intergenic	intergenic	3541	IGH
igh_601793	601793	IGHV3-38	intergenic	intergenic	7932	IGH
igh_604605	604605	IGHV3-38	intergenic	intergenic	5120	IGH
igh_605422	605422	IGHV3-38	intergenic	intergenic	4303	IGH
igh_607960	607960	IGHV3-38	intergenic	intergenic	1765	IGH
igh_609358	609358	IGHV3-38	intergenic	intergenic	367	IGH
igh_616077	616077	IGHV4-38-2	intergenic	intergenic	4854	IGH
igh_617084	617084	IGHV4-38-2	intergenic	intergenic	3847	IGH
igh_618341	618341	IGHV4-38-2	intergenic	intergenic	2590	IGH
igh_670419	670419	IGHV1-38-4	intergenic	intergenic	5089	IGH
igh_679592	679592	IGHV4-39	intergenic	intergenic	2488	IGH
igh_901291	901291	IGHV4-61	intergenic	intergenic	1289	IGH
igh_479866	479866	IGHV4-28	intergenic	intergenic	4799	IGH
igh_188029	188029	IGHV2-5	intergenic	intergenic	10167	IGH
igh_804478	804478	IGHV3-48	intergenic	intergenic	5730	IGH
igh_171315	171315	IGHV2-5	intergenic	intergenic	6048	IGH
igh_171319	171319	IGHV2-5	intergenic	intergenic	6044	IGH
igh_879099	879099	IGHV1-58	intergenic	intergenic	3629	IGH
igh_1013176	1013176	IGHV1-69D	intergenic	intergenic	9287	IGH
igh_911614	911614	IGHV3-64	intergenic	intergenic	6480	IGH
igh_576705	576705	IGHV4-34	intergenic	intergenic	3301	IGH
igh_485365	485365	IGHV3-30	intergenic	intergenic	18	IGH
igh_1020830	1020830	IGHV1-69D	intergenic	intergenic	1633	IGH
igh_1020836	1020836	IGHV1-69D	intergenic	intergenic	1627	IGH
igh_1020860	1020860	IGHV1-69D	intergenic	intergenic	1603	IGH
igh_1020862	1020862	IGHV1-69D	intergenic	intergenic	1601	IGH
igh_1020880	1020880	IGHV1-69D	intergenic	intergenic	1583	IGH
igh_1020881	1020881	IGHV1-69D	intergenic	intergenic	1582	IGH
igh_1020886	1020886	IGHV1-69D	intergenic	intergenic	1577	IGH
igh_1020888	1020888	IGHV1-69D	intergenic	intergenic	1575	IGH
igh_1020924	1020924	IGHV1-69D	intergenic	intergenic	1539	IGH
igh_1020944	1020944	IGHV1-69D	intergenic	intergenic	1519	IGH
igh_1020972	1020972	IGHV1-69D	intergenic	intergenic	1491	IGH
igh_1020981	1020981	IGHV1-69D	intergenic	intergenic	1482	IGH
igh_1020987	1020987	IGHV1-69D	intergenic	intergenic	1476	IGH
igh_1021140	1021140	IGHV1-69D	intergenic	intergenic	1323	IGH
igh_1021151	1021151	IGHV1-69D	intergenic	intergenic	1312	IGH
igh_1021153	1021153	IGHV1-69D	intergenic	intergenic	1310	IGH
igh_1021159	1021159	IGHV1-69D	intergenic	intergenic	1304	IGH
igh_1021172	1021172	IGHV1-69D	intergenic	intergenic	1291	IGH
igh_1021179	1021179	IGHV1-69D	intergenic	intergenic	1284	IGH
igh_1021180	1021180	IGHV1-69D	intergenic	intergenic	1283	IGH
igh_1021192	1021192	IGHV1-69D	intergenic	intergenic	1271	IGH
igh_1021199	1021199	IGHV1-69D	intergenic	intergenic	1264	IGH
igh_1021212	1021212	IGHV1-69D	intergenic	intergenic	1251	IGH
igh_1021215	1021215	IGHV1-69D	intergenic	intergenic	1248	IGH
igh_1021248	1021248	IGHV1-69D	intergenic	intergenic	1215	IGH
igh_1021258	1021258	IGHV1-69D	intergenic	intergenic	1205	IGH
igh_1021381	1021381	IGHV1-69D	intergenic	intergenic	1082	IGH
igh_1021434	1021434	IGHV1-69D	intergenic	intergenic	1029	IGH
igh_1021435	1021435	IGHV1-69D	intergenic	intergenic	1028	IGH
igh_1021575	1021575	IGHV1-69D	intergenic	intergenic	888	IGH
igh_1021615	1021615	IGHV1-69D	intergenic	intergenic	848	IGH
igh_779040	779040	IGHV1-46	intergenic	intergenic	7019	IGH
igh_1073977	1073977	IGHV3-74	intergenic	intergenic	2605	IGH
igh_505545	505545	IGHV3-30-3	intergenic	intergenic	3771	IGH
igh_513598	513598	IGHV3-30-3	intergenic	intergenic	3710	IGH
igh_442966	442966	IGHV3-25	intergenic	intergenic	3065	IGH
igh_443681	443681	IGHV3-25	intergenic	intergenic	3780	IGH
igh_804849	804849	IGHV3-48	intergenic	intergenic	6101	IGH
igh_441954	441954	IGHV3-25	intergenic	intergenic	2053	IGH
igh_1137640	1137640	IGHV7-81	intergenic	intergenic	2158	IGH
igh_515115	515115	IGHV3-30-3	intergenic	intergenic	5227	IGH
igh_515122	515122	IGHV3-30-3	intergenic	intergenic	5234	IGH
igh_515123	515123	IGHV3-30-3	intergenic	intergenic	5235	IGH
igh_515664	515664	IGHV3-30-3	intergenic	intergenic	5776	IGH
igh_1127079	1127079	IGHV7-81	intergenic	intergenic	7873	IGH
igh_420293	420293	IGHV3-23D	intergenic	intergenic	814	IGH
igh_1021127	1021127	IGHV1-69D	intergenic	intergenic	1336	IGH
igh_527921	527921	IGHV4-30-4	intergenic	intergenic	3893	IGH
igh_479785	479785	IGHV4-28	intergenic	intergenic	4718	IGH
igh_487271	487271	IGHV3-30	intergenic	intergenic	1316	IGH
igh_488611	488611	IGHV3-30	intergenic	intergenic	2656	IGH
igh_924468	924468	IGHV3-64	intergenic	intergenic	5800	IGH
igh_924471	924471	IGHV3-64	intergenic	intergenic	5803	IGH
igh_453136	453136	IGHV2-26	intergenic	intergenic	939	IGH
igh_453894	453894	IGHV2-26	intergenic	intergenic	1697	IGH
igh_455410	455410	IGHV2-26	intergenic	intergenic	3213	IGH
igh_456489	456489	IGHV2-26	intergenic	intergenic	4292	IGH
igh_458045	458045	IGHV2-26	intergenic	intergenic	5848	IGH
igh_1155182	1155182	IGHV1-8	intergenic	intergenic	5080	IGH
igh_221559	221559	IGHV3-64D	intergenic	intergenic	6024	IGH
igh_682975	682975	IGHV4-39	intergenic	intergenic	383	IGH
igh_683091	683091	IGHV4-39	intergenic	intergenic	499	IGH
igh_685424	685424	IGHV4-39	intergenic	intergenic	2832	IGH
igh_471459	471459	IGHV4-28	intergenic	intergenic	3098	IGH
igh_1155633	1155633	IGHV1-8	intergenic	intergenic	4629	IGH
igh_601805	601805	IGHV3-38	intergenic	intergenic	7920	IGH
igh_457227	457227	IGHV2-26	intergenic	intergenic	5030	IGH
igh_707774	707774	IGHV3-43	intergenic	intergenic	22860	IGH
igh_783531	783531	IGHV1-46	intergenic	intergenic	11510	IGH
igh_838108	838108	IGHV5-51	intergenic	intergenic	1005	IGH
igh_478996	478996	IGHV4-28	intergenic	intergenic	3929	IGH
igh_1023235	1023235	IGHV1-69D	intergenic	intergenic	236	IGH
igh_83885	83885	IGHV6-1	intergenic	intergenic	4133	IGH
igh_679525	679525	IGHV4-39	intergenic	intergenic	2555	IGH
igh_507231	507231	IGHV3-30-3	intergenic	intergenic	2085	IGH
igh_480669	480669	IGHV3-30	intergenic	intergenic	4714	IGH
igh_480675	480675	IGHV3-30	intergenic	intergenic	4708	IGH
igh_481126	481126	IGHV3-30	intergenic	intergenic	4257	IGH
igh_483571	483571	IGHV3-30	intergenic	intergenic	1812	IGH
igh_484499	484499	IGHV3-30	intergenic	intergenic	884	IGH
igh_484646	484646	IGHV3-30	intergenic	intergenic	737	IGH
igh_484672	484672	IGHV3-30	intergenic	intergenic	711	IGH
igh_484761	484761	IGHV3-30	intergenic	intergenic	622	IGH
igh_484781	484781	IGHV3-30	intergenic	intergenic	602	IGH
igh_470523	470523	IGHV4-28	intergenic	intergenic	4034	IGH
igh_480014	480014	IGHV4-28	intergenic	intergenic	4947	IGH
igh_565069	565069	IGHV3-33	intergenic	intergenic	5473	IGH
igh_1102275	1102275	IGHV3-74	intergenic	intergenic	30903	IGH
igh_1103851	1103851	IGHV7-81	intergenic	intergenic	31101	IGH
igh_1014344	1014344	IGHV1-69D	intergenic	intergenic	8119	IGH
igh_1014603	1014603	IGHV1-69D	intergenic	intergenic	7860	IGH
igh_529707	529707	IGHV3-30-5	intergenic	intergenic	4608	IGH
igh_529118	529118	IGHV4-30-4	intergenic	intergenic	5090	IGH
igh_565358	565358	IGHV3-33	intergenic	intergenic	5762	IGH
igh_735469	735469	IGHV3-43	intergenic	intergenic	4258	IGH
igh_619129	619129	IGHV4-38-2	intergenic	intergenic	1802	IGH
igh_480260	480260	IGHV3-30	intergenic	intergenic	5123	IGH
igh_21815	21815	IGHD6-25	intergenic	intergenic	730	IGH
igh_1022295	1022295	IGHV1-69D	intergenic	intergenic	168	IGH
igh_666173	666173	IGHV3-38-3	intergenic	intergenic	8101	IGH
igh_213039	213039	IGHV3-7	intergenic	intergenic	10858	IGH
igh_253874	253874	IGHV3-11	intergenic	intergenic	2222	IGH
igh_563856	563856	IGHV3-33	intergenic	intergenic	4260	IGH
igh_274275	274275	IGHV3-13	intergenic	intergenic	4702	IGH
igh_533466	533466	IGHV3-30-5	intergenic	intergenic	849	IGH
igh_895835	895835	IGHV4-61	intergenic	intergenic	3655	IGH
igh_740278	740278	IGHV3-43	intergenic	intergenic	9067	IGH
igh_273208	273208	IGHV3-13	intergenic	intergenic	3635	IGH
igh_534009	534009	IGHV3-30-5	intergenic	intergenic	306	IGH
igh_480042	480042	IGHV4-28	intergenic	intergenic	4975	IGH
igh_529703	529703	IGHV3-30-5	intergenic	intergenic	4612	IGH
igh_598492	598492	IGHV3-35	intergenic	intergenic	9302	IGH
igh_484542	484542	IGHV3-30	intergenic	intergenic	841	IGH
igh_237574	237574	IGHV3-64D	intergenic	intergenic	9421	IGH
igh_480171	480171	IGHV4-28	intergenic	intergenic	5104	IGH
igh_618439	618439	IGHV4-38-2	intergenic	intergenic	2492	IGH
igh_552587	552587	IGHV4-31	intergenic	intergenic	3557	IGH
igh_782044	782044	IGHV1-46	intergenic	intergenic	10023	IGH
igh_475703	475703	IGHV4-28	intergenic	intergenic	636	IGH
igh_1005712	1005712	IGHV1-69-2	intergenic	intergenic	7698	IGH
igh_787166	787166	IGHV3-48	intergenic	intergenic	11015	IGH
igh_789446	789446	IGHV3-48	intergenic	intergenic	8735	IGH
igh_790153	790153	IGHV3-48	intergenic	intergenic	8028	IGH
igh_790272	790272	IGHV3-48	intergenic	intergenic	7909	IGH
igh_790498	790498	IGHV3-48	intergenic	intergenic	7683	IGH
igh_790731	790731	IGHV3-48	intergenic	intergenic	7450	IGH
igh_803639	803639	IGHV3-48	intergenic	intergenic	4891	IGH
igh_803643	803643	IGHV3-48	intergenic	intergenic	4895	IGH
igh_777672	777672	IGHV1-46	intergenic	intergenic	5651	IGH
igh_777789	777789	IGHV1-46	intergenic	intergenic	5768	IGH
igh_778187	778187	IGHV1-46	intergenic	intergenic	6166	IGH
igh_778776	778776	IGHV1-46	intergenic	intergenic	6755	IGH
igh_779149	779149	IGHV1-46	intergenic	intergenic	7128	IGH
igh_779185	779185	IGHV1-46	intergenic	intergenic	7164	IGH
igh_779312	779312	IGHV1-46	intergenic	intergenic	7291	IGH
igh_779315	779315	IGHV1-46	intergenic	intergenic	7294	IGH
igh_779596	779596	IGHV1-46	intergenic	intergenic	7575	IGH
igh_780565	780565	IGHV1-46	intergenic	intergenic	8544	IGH
igh_780687	780687	IGHV1-46	intergenic	intergenic	8666	IGH
igh_781146	781146	IGHV1-46	intergenic	intergenic	9125	IGH
igh_781358	781358	IGHV1-46	intergenic	intergenic	9337	IGH
igh_781783	781783	IGHV1-46	intergenic	intergenic	9762	IGH
igh_781874	781874	IGHV1-46	intergenic	intergenic	9853	IGH
igh_782517	782517	IGHV1-46	intergenic	intergenic	10496	IGH
igh_782948	782948	IGHV1-46	intergenic	intergenic	10927	IGH
igh_403992	403992	IGHV3-23	intergenic	intergenic	4072	IGH
igh_82724	82724	IGHV6-1	intergenic	intergenic	2972	IGH
igh_535411	535411	IGHV3-30-5	intergenic	intergenic	524	IGH
igh_480066	480066	IGHV4-28	intergenic	intergenic	4999	IGH
igh_1012647	1012647	IGHV1-69D	intergenic	intergenic	9816	IGH
igh_171288	171288	IGHV2-5	intergenic	intergenic	6075	IGH
igh_1018509	1018509	IGHV1-69D	intergenic	intergenic	3954	IGH
igh_371131	371131	IGHV3-21	intergenic	intergenic	3392	IGH
igh_371134	371134	IGHV3-21	intergenic	intergenic	3389	IGH
igh_489819	489819	IGHV3-30	intergenic	intergenic	3864	IGH
igh_841392	841392	IGHV5-51	intergenic	intergenic	1747	IGH
igh_513923	513923	IGHV3-30-3	intergenic	intergenic	4035	IGH
igh_685338	685338	IGHV4-39	intergenic	intergenic	2746	IGH
igh_760330	760330	IGHV1-45	intergenic	intergenic	7037	IGH
igh_542776	542776	IGHV4-31	intergenic	intergenic	5740	IGH
igh_877225	877225	IGHV1-58	intergenic	intergenic	5503	IGH
igh_877236	877236	IGHV1-58	intergenic	intergenic	5492	IGH
igh_877305	877305	IGHV1-58	intergenic	intergenic	5423	IGH
igh_878218	878218	IGHV1-58	intergenic	intergenic	4510	IGH
igh_878261	878261	IGHV1-58	intergenic	intergenic	4467	IGH
igh_878441	878441	IGHV1-58	intergenic	intergenic	4287	IGH
igh_878489	878489	IGHV1-58	intergenic	intergenic	4239	IGH
igh_619807	619807	IGHV4-38-2	intergenic	intergenic	1124	IGH
igh_811834	811834	IGHV3-49	intergenic	intergenic	5473	IGH
igh_811938	811938	IGHV3-49	intergenic	intergenic	5369	IGH
igh_879105	879105	IGHV1-58	intergenic	intergenic	3623	IGH
igh_478899	478899	IGHV4-28	intergenic	intergenic	3832	IGH
igh_478965	478965	IGHV4-28	intergenic	intergenic	3898	IGH
igh_445398	445398	IGHV3-25	intergenic	intergenic	5497	IGH
igh_448194	448194	IGHV2-26	intergenic	intergenic	3504	IGH
igh_448264	448264	IGHV2-26	intergenic	intergenic	3434	IGH
igh_448669	448669	IGHV2-26	intergenic	intergenic	3029	IGH
igh_448734	448734	IGHV2-26	intergenic	intergenic	2964	IGH
igh_452801	452801	IGHV2-26	intergenic	intergenic	604	IGH
igh_453038	453038	IGHV2-26	intergenic	intergenic	841	IGH
igh_453333	453333	IGHV2-26	intergenic	intergenic	1136	IGH
igh_454836	454836	IGHV2-26	intergenic	intergenic	2639	IGH
igh_457997	457997	IGHV2-26	intergenic	intergenic	5800	IGH
igh_531796	531796	IGHV3-30-5	intergenic	intergenic	2519	IGH
igh_406301	406301	IGHV3-23	intergenic	intergenic	1763	IGH
igh_756406	756406	IGHV1-45	intergenic	intergenic	10961	IGH
igh_756693	756693	IGHV1-45	intergenic	intergenic	10674	IGH
igh_487188	487188	IGHV3-30	intergenic	intergenic	1233	IGH
igh_237509	237509	IGHV3-64D	intergenic	intergenic	9356	IGH
igh_645785	645785	IGHV3-43D	intergenic	intergenic	8939	IGH
igh_638934	638934	IGHV3-43D	intergenic	intergenic	2088	IGH
igh_276485	276485	IGHV3-13	intergenic	intergenic	6912	IGH
igh_276703	276703	IGHV3-13	intergenic	intergenic	7130	IGH
igh_276751	276751	IGHV3-13	intergenic	intergenic	7178	IGH
igh_277170	277170	IGHV3-13	intergenic	intergenic	7597	IGH
igh_277178	277178	IGHV3-13	intergenic	intergenic	7605	IGH
igh_277393	277393	IGHV3-13	intergenic	intergenic	7820	IGH
igh_277767	277767	IGHV3-13	intergenic	intergenic	8194	IGH
igh_277919	277919	IGHV3-13	intergenic	intergenic	8346	IGH
igh_278344	278344	IGHV3-13	intergenic	intergenic	8771	IGH
igh_278490	278490	IGHV3-13	intergenic	intergenic	8917	IGH
igh_278493	278493	IGHV3-13	intergenic	intergenic	8920	IGH
igh_278704	278704	IGHV3-13	intergenic	intergenic	9131	IGH
igh_278810	278810	IGHV3-13	intergenic	intergenic	9237	IGH
igh_279125	279125	IGHV3-13	intergenic	intergenic	9552	IGH
igh_279257	279257	IGHV3-13	intergenic	intergenic	9684	IGH
igh_279331	279331	IGHV3-13	intergenic	intergenic	9758	IGH
igh_281959	281959	IGHV3-15	intergenic	intergenic	11124	IGH
igh_282366	282366	IGHV3-15	intergenic	intergenic	10717	IGH
igh_282382	282382	IGHV3-15	intergenic	intergenic	10701	IGH
igh_284678	284678	IGHV3-15	intergenic	intergenic	8405	IGH
igh_288348	288348	IGHV3-15	intergenic	intergenic	4735	IGH
igh_288476	288476	IGHV3-15	intergenic	intergenic	4607	IGH
igh_288518	288518	IGHV3-15	intergenic	intergenic	4565	IGH
igh_295803	295803	IGHV3-15	intergenic	intergenic	2139	IGH
igh_296160	296160	IGHV3-15	intergenic	intergenic	2496	IGH
igh_297438	297438	IGHV3-15	intergenic	intergenic	3774	IGH
igh_298480	298480	IGHV3-15	intergenic	intergenic	4816	IGH
igh_303537	303537	IGHV3-16	intergenic	intergenic	1127	IGH
igh_304411	304411	IGHV3-16	intergenic	intergenic	253	IGH
igh_304483	304483	IGHV3-16	intergenic	intergenic	181	IGH
igh_305500	305500	IGHV3-16	intergenic	intergenic	269	IGH
igh_306552	306552	IGHV3-16	intergenic	intergenic	1321	IGH
igh_306956	306956	IGHV3-16	intergenic	intergenic	1725	IGH
igh_308784	308784	IGHV3-16	intergenic	intergenic	3553	IGH
igh_312099	312099	IGHV3-16	intergenic	intergenic	6868	IGH
igh_312487	312487	IGHV3-16	intergenic	intergenic	7256	IGH
igh_315395	315395	IGHV1-18	intergenic	intergenic	8965	IGH
igh_629300	629300	IGHV3-43D	intergenic	intergenic	6971	IGH
igh_503491	503491	IGHV4-30-2	intergenic	intergenic	3394	IGH
igh_1012824	1012824	IGHV1-69D	intergenic	intergenic	9639	IGH
igh_515261	515261	IGHV3-30-3	intergenic	intergenic	5373	IGH
igh_515289	515289	IGHV3-30-3	intergenic	intergenic	5401	IGH
igh_722769	722769	IGHV3-43	intergenic	intergenic	7865	IGH
igh_564678	564678	IGHV3-33	intergenic	intergenic	5082	IGH
igh_564683	564683	IGHV3-33	intergenic	intergenic	5087	IGH
igh_491035	491035	IGHV3-30	intergenic	intergenic	5080	IGH
igh_491040	491040	IGHV3-30	intergenic	intergenic	5085	IGH
igh_478838	478838	IGHV4-28	intergenic	intergenic	3771	IGH
igh_453901	453901	IGHV2-26	intergenic	intergenic	1704	IGH
igh_1020822	1020822	IGHV1-69D	intergenic	intergenic	1641	IGH
igh_1020872	1020872	IGHV1-69D	intergenic	intergenic	1591	IGH
igh_1020901	1020901	IGHV1-69D	intergenic	intergenic	1562	IGH
igh_1020973	1020973	IGHV1-69D	intergenic	intergenic	1490	IGH
igh_1020990	1020990	IGHV1-69D	intergenic	intergenic	1473	IGH
igh_1021143	1021143	IGHV1-69D	intergenic	intergenic	1320	IGH
igh_1021158	1021158	IGHV1-69D	intergenic	intergenic	1305	IGH
igh_1021174	1021174	IGHV1-69D	intergenic	intergenic	1289	IGH
igh_1021210	1021210	IGHV1-69D	intergenic	intergenic	1253	IGH
igh_1021519	1021519	IGHV1-69D	intergenic	intergenic	944	IGH
igh_1021530	1021530	IGHV1-69D	intergenic	intergenic	933	IGH
igh_1021546	1021546	IGHV1-69D	intergenic	intergenic	917	IGH
igh_1021580	1021580	IGHV1-69D	intergenic	intergenic	883	IGH
igh_1021584	1021584	IGHV1-69D	intergenic	intergenic	879	IGH
igh_526209	526209	IGHV4-30-4	intergenic	intergenic	2181	IGH
igh_526283	526283	IGHV4-30-4	intergenic	intergenic	2255	IGH
igh_526538	526538	IGHV4-30-4	intergenic	intergenic	2510	IGH
igh_526728	526728	IGHV4-30-4	intergenic	intergenic	2700	IGH
igh_776876	776876	IGHV1-46	intergenic	intergenic	4855	IGH
igh_777040	777040	IGHV1-46	intergenic	intergenic	5019	IGH
igh_777702	777702	IGHV1-46	intergenic	intergenic	5681	IGH
igh_778926	778926	IGHV1-46	intergenic	intergenic	6905	IGH
igh_779228	779228	IGHV1-46	intergenic	intergenic	7207	IGH
igh_780421	780421	IGHV1-46	intergenic	intergenic	8400	IGH
igh_780866	780866	IGHV1-46	intergenic	intergenic	8845	IGH
igh_780907	780907	IGHV1-46	intergenic	intergenic	8886	IGH
igh_781406	781406	IGHV1-46	intergenic	intergenic	9385	IGH
igh_781419	781419	IGHV1-46	intergenic	intergenic	9398	IGH
igh_782393	782393	IGHV1-46	intergenic	intergenic	10372	IGH
igh_782795	782795	IGHV1-46	intergenic	intergenic	10774	IGH
igh_783056	783056	IGHV1-46	intergenic	intergenic	11035	IGH
igh_783091	783091	IGHV1-46	intergenic	intergenic	11070	IGH
igh_397210	397210	IGHV3-23	intergenic	intergenic	10854	IGH
igh_1135614	1135614	IGHV7-81	intergenic	intergenic	132	IGH
igh_837938	837938	IGHV5-51	intergenic	intergenic	1175	IGH
igh_481397	481397	IGHV3-30	intergenic	intergenic	3986	IGH
igh_481410	481410	IGHV3-30	intergenic	intergenic	3973	IGH
igh_481439	481439	IGHV3-30	intergenic	intergenic	3944	IGH
igh_490804	490804	IGHV3-30	intergenic	intergenic	4849	IGH
igh_490806	490806	IGHV3-30	intergenic	intergenic	4851	IGH
igh_843028	843028	IGHV8-51-1	intergenic	intergenic	844	IGH
igh_622684	622684	IGHV4-38-2	intergenic	intergenic	1246	IGH
igh_1020476	1020476	IGHV1-69D	intergenic	intergenic	1987	IGH
igh_1020479	1020479	IGHV1-69D	intergenic	intergenic	1984	IGH
igh_1020500	1020500	IGHV1-69D	intergenic	intergenic	1963	IGH
igh_486174	486174	IGHV3-30	intergenic	intergenic	219	IGH
igh_371115	371115	IGHV3-21	intergenic	intergenic	3408	IGH
igh_371117	371117	IGHV3-21	intergenic	intergenic	3406	IGH
igh_1106463	1106463	IGHV7-81	intergenic	intergenic	28489	IGH
igh_873722	873722	IGHV1-58	intergenic	intergenic	9006	IGH
igh_484859	484859	IGHV3-30	intergenic	intergenic	524	IGH
igh_1013532	1013532	IGHV1-69D	intergenic	intergenic	8931	IGH
igh_620028_1	620028	IGHV4-38-2	intergenic	intergenic	903	IGH
igh_535747	535747	IGHV3-30-5	intergenic	intergenic	860	IGH
igh_535762	535762	IGHV3-30-5	intergenic	intergenic	875	IGH
igh_679942	679942	IGHV4-39	intergenic	intergenic	2138	IGH
igh_195289	195289	IGHV3-7	intergenic	intergenic	6321	IGH
igh_740308	740308	IGHV3-43	intergenic	intergenic	9097	IGH
igh_1020574	1020574	IGHV1-69D	intergenic	intergenic	1889	IGH
igh_1020581	1020581	IGHV1-69D	intergenic	intergenic	1882	IGH
igh_810558	810558	IGHV3-49	intergenic	intergenic	6749	IGH
igh_841117	841117	IGHV5-51	intergenic	intergenic	1472	IGH
igh_592848	592848	IGHV3-35	intergenic	intergenic	3658	IGH
igh_526755	526755	IGHV4-30-4	intergenic	intergenic	2727	IGH
igh_526912	526912	IGHV4-30-4	intergenic	intergenic	2884	IGH
igh_5870	5870	IGHD7-27	intergenic	intergenic	780	IGH
igh_783560	783560	IGHV1-46	intergenic	intergenic	11539	IGH
igh_783961	783961	IGHV1-46	intergenic	intergenic	11940	IGH
igh_788421	788421	IGHV3-48	intergenic	intergenic	9760	IGH
igh_1013649	1013649	IGHV1-69D	intergenic	intergenic	8814	IGH
igh_619623	619623	IGHV4-38-2	intergenic	intergenic	1308	IGH
igh_1014121	1014121	IGHV1-69D	intergenic	intergenic	8342	IGH
igh_1014123	1014123	IGHV1-69D	intergenic	intergenic	8340	IGH
igh_805986	805986	IGHV3-48	intergenic	intergenic	7238	IGH
igh_171021	171021	IGHV7-4-1	intergenic	intergenic	5885	IGH
igh_491929	491929	IGHV3-30	intergenic	intergenic	5974	IGH
igh_491930	491930	IGHV3-30	intergenic	intergenic	5975	IGH
igh_619119	619119	IGHV4-38-2	intergenic	intergenic	1812	IGH
igh_681177	681177	IGHV4-39	intergenic	intergenic	903	IGH
igh_482137	482137	IGHV3-30	intergenic	intergenic	3246	IGH
igh_482441	482441	IGHV3-30	intergenic	intergenic	2942	IGH
igh_679950	679950	IGHV4-39	intergenic	intergenic	2130	IGH
igh_422349	422349	IGHV3-23D	intergenic	intergenic	2870	IGH
igh_429383	429383	IGHV1-24	intergenic	intergenic	2000	IGH
igh_430181	430181	IGHV1-24	intergenic	intergenic	2798	IGH
igh_430471	430471	IGHV1-24	intergenic	intergenic	3088	IGH
igh_431507	431507	IGHV1-24	intergenic	intergenic	4124	IGH
igh_431563	431563	IGHV1-24	intergenic	intergenic	4180	IGH
igh_1020377	1020377	IGHV1-69D	intergenic	intergenic	2086	IGH
igh_1020429	1020429	IGHV1-69D	intergenic	intergenic	2034	IGH
igh_1020465	1020465	IGHV1-69D	intergenic	intergenic	1998	IGH
igh_1020782	1020782	IGHV1-69D	intergenic	intergenic	1681	IGH
igh_1019051	1019051	IGHV1-69D	intergenic	intergenic	3412	IGH
igh_1019655	1019655	IGHV1-69D	intergenic	intergenic	2808	IGH
igh_1020062	1020062	IGHV1-69D	intergenic	intergenic	2401	IGH
igh_490441	490441	IGHV3-30	intergenic	intergenic	4486	IGH
igh_685329	685329	IGHV4-39	intergenic	intergenic	2737	IGH
igh_776485	776485	IGHV1-46	intergenic	intergenic	4464	IGH
igh_1015443	1015443	IGHV1-69D	intergenic	intergenic	7020	IGH
igh_824300	824300	IGHV3-49	intergenic	intergenic	6414	IGH
igh_1015430	1015430	IGHV1-69D	intergenic	intergenic	7033	IGH
igh_503524	503524	IGHV4-30-2	intergenic	intergenic	3427	IGH
igh_188068	188068	IGHV2-5	intergenic	intergenic	10206	IGH
igh_515708	515708	IGHV3-30-3	intergenic	intergenic	5820	IGH
igh_508518	508518	IGHV3-30-3	intergenic	intergenic	798	IGH
igh_402693	402693	IGHV3-23	intergenic	intergenic	5371	IGH
igh_679539	679539	IGHV4-39	intergenic	intergenic	2541	IGH
igh_679542	679542	IGHV4-39	intergenic	intergenic	2538	IGH
igh_739213	739213	IGHV3-43	intergenic	intergenic	8002	IGH
igh_688337	688337	IGHV4-39	intergenic	intergenic	5745	IGH
igh_690453	690453	IGHV4-39	intergenic	intergenic	7861	IGH
igh_351784	351784	IGHV3-20	intergenic	intergenic	812	IGH
igh_352073	352073	IGHV3-20	intergenic	intergenic	1101	IGH
igh_353831	353831	IGHV3-20	intergenic	intergenic	2859	IGH
igh_479375	479375	IGHV4-28	intergenic	intergenic	4308	IGH
igh_479408	479408	IGHV4-28	intergenic	intergenic	4341	IGH
igh_479848	479848	IGHV4-28	intergenic	intergenic	4781	IGH
igh_187641	187641	IGHV2-5	intergenic	intergenic	9779	IGH
igh_478362	478362	IGHV4-28	intergenic	intergenic	3295	IGH
igh_1018794	1018794	IGHV1-69D	intergenic	intergenic	3669	IGH
igh_1023189	1023189	IGHV1-69D	intergenic	intergenic	190	IGH
igh_1023191	1023191	IGHV1-69D	intergenic	intergenic	192	IGH
igh_1023222	1023222	IGHV1-69D	intergenic	intergenic	223	IGH
igh_1017953	1017953	IGHV1-69D	intergenic	intergenic	4510	IGH
igh_811799	811799	IGHV3-49	intergenic	intergenic	5508	IGH
igh_865345	865345	IGHV3-53	intergenic	intergenic	11738	IGH
igh_490098	490098	IGHV3-30	intergenic	intergenic	4143	IGH
igh_490418	490418	IGHV3-30	intergenic	intergenic	4463	IGH
igh_485077	485077	IGHV3-30	intergenic	intergenic	306	IGH
igh_1084148	1084148	IGHV3-74	intergenic	intergenic	12776	IGH
igh_532693	532693	IGHV3-30-5	intergenic	intergenic	1622	IGH
igh_783582	783582	IGHV1-46	intergenic	intergenic	11561	IGH
igh_783595	783595	IGHV1-46	intergenic	intergenic	11574	IGH
igh_788746	788746	IGHV3-48	intergenic	intergenic	9435	IGH
igh_790596	790596	IGHV3-48	intergenic	intergenic	7585	IGH
igh_790638	790638	IGHV3-48	intergenic	intergenic	7543	IGH
igh_554949	554949	IGHV3-33	intergenic	intergenic	4075	IGH
igh_805440	805440	IGHV3-48	intergenic	intergenic	6692	IGH
igh_805498	805498	IGHV3-48	intergenic	intergenic	6750	IGH
igh_478450	478450	IGHV4-28	intergenic	intergenic	3383	IGH
igh_527134	527134	IGHV4-30-4	intergenic	intergenic	3106	IGH
igh_566382	566382	IGHV4-34	intergenic	intergenic	6512	IGH
igh_479455	479455	IGHV4-28	intergenic	intergenic	4388	IGH
igh_1018325	1018325	IGHV1-69D	intergenic	intergenic	4138	IGH
igh_1012881	1012881	IGHV1-69D	intergenic	intergenic	9582	IGH
igh_540697	540697	IGHV3-30-5	intergenic	intergenic	5810	IGH
igh_526651	526651	IGHV4-30-4	intergenic	intergenic	2623	IGH
igh_1084276	1084276	IGHV3-74	intergenic	intergenic	12904	IGH
igh_1015448	1015448	IGHV1-69D	intergenic	intergenic	7015	IGH
igh_876734	876734	IGHV1-58	intergenic	intergenic	5994	IGH
igh_1014300	1014300	IGHV1-69D	intergenic	intergenic	8163	IGH
igh_1014301	1014301	IGHV1-69D	intergenic	intergenic	8162	IGH
igh_769044	769044	IGHV1-45	intergenic	intergenic	1200	IGH
igh_525674	525674	IGHV4-30-4	intergenic	intergenic	1646	IGH
igh_491776	491776	IGHV3-30	intergenic	intergenic	5821	IGH
igh_802635	802635	IGHV3-48	intergenic	intergenic	3887	IGH
igh_526588	526588	IGHV4-30-4	intergenic	intergenic	2560	IGH
igh_526727	526727	IGHV4-30-4	intergenic	intergenic	2699	IGH
igh_836401	836401	IGHV5-51	intergenic	intergenic	2712	IGH
igh_836409	836409	IGHV5-51	intergenic	intergenic	2704	IGH
igh_871897	871897	IGHV1-58	intergenic	intergenic	10831	IGH
igh_379792	379792	IGHV3-21	intergenic	intergenic	4697	IGH
igh_381163	381163	IGHV3-21	intergenic	intergenic	6068	IGH
igh_686668	686668	IGHV4-39	intergenic	intergenic	4076	IGH
igh_687630	687630	IGHV4-39	intergenic	intergenic	5038	IGH
igh_689926	689926	IGHV4-39	intergenic	intergenic	7334	IGH
igh_810664	810664	IGHV3-49	intergenic	intergenic	6643	IGH
igh_932495	932495	IGHV3-66	intergenic	intergenic	2891	IGH
igh_936588	936588	IGHV3-66	intergenic	intergenic	633	IGH
igh_937432	937432	IGHV3-66	intergenic	intergenic	1477	IGH
igh_938096	938096	IGHV3-66	intergenic	intergenic	2141	IGH
igh_942630	942630	IGHV3-66	intergenic	intergenic	6675	IGH
igh_943977	943977	IGHV3-66	intergenic	intergenic	8022	IGH
igh_945905	945905	IGHV3-66	intergenic	intergenic	9950	IGH
igh_946974	946974	IGHV3-66	intergenic	intergenic	11019	IGH
igh_951022	951022	IGHV3-66	intergenic	intergenic	15067	IGH
igh_490446	490446	IGHV3-30	intergenic	intergenic	4491	IGH
igh_598590	598590	IGHV3-35	intergenic	intergenic	9400	IGH
igh_806369	806369	IGHV3-48	intergenic	intergenic	7621	IGH
igh_806376	806376	IGHV3-48	intergenic	intergenic	7628	IGH
igh_806703	806703	IGHV3-48	intergenic	intergenic	7955	IGH
igh_806759	806759	IGHV3-48	intergenic	intergenic	8011	IGH
igh_806805	806805	IGHV3-48	intergenic	intergenic	8057	IGH
igh_807048	807048	IGHV3-48	intergenic	intergenic	8300	IGH
igh_807150	807150	IGHV3-48	intergenic	intergenic	8402	IGH
igh_807178	807178	IGHV3-48	intergenic	intergenic	8430	IGH
igh_807715	807715	IGHV3-48	intergenic	intergenic	8967	IGH
igh_808114	808114	IGHV3-49	intergenic	intergenic	9193	IGH
igh_809128	809128	IGHV3-49	intergenic	intergenic	8179	IGH
igh_809187	809187	IGHV3-49	intergenic	intergenic	8120	IGH
igh_809239	809239	IGHV3-49	intergenic	intergenic	8068	IGH
igh_809684	809684	IGHV3-49	intergenic	intergenic	7623	IGH
igh_809745	809745	IGHV3-49	intergenic	intergenic	7562	IGH
igh_810128	810128	IGHV3-49	intergenic	intergenic	7179	IGH
igh_810965	810965	IGHV3-49	intergenic	intergenic	6342	IGH
igh_811074	811074	IGHV3-49	intergenic	intergenic	6233	IGH
igh_811330	811330	IGHV3-49	intergenic	intergenic	5977	IGH
igh_189311	189311	IGHV2-5	intergenic	intergenic	11449	IGH
igh_966585	966585	IGHV1-69	intergenic	intergenic	8468	IGH
igh_966636	966636	IGHV1-69	intergenic	intergenic	8417	IGH
igh_478506	478506	IGHV4-28	intergenic	intergenic	3439	IGH
igh_1022420	1022420	IGHV1-69D	intergenic	intergenic	43	IGH
igh_598716	598716	IGHV3-35	intergenic	intergenic	9526	IGH
igh_42247	42247	IGHD5-12	intergenic	intergenic	47	IGH
igh_42257	42257	IGHD5-12	intergenic	intergenic	57	IGH
igh_1126248	1126248	IGHV7-81	intergenic	intergenic	8704	IGH
igh_530384	530384	IGHV3-30-5	intergenic	intergenic	3931	IGH
igh_530409	530409	IGHV3-30-5	intergenic	intergenic	3906	IGH
igh_530420	530420	IGHV3-30-5	intergenic	intergenic	3895	IGH
igh_530425	530425	IGHV3-30-5	intergenic	intergenic	3890	IGH
igh_530442	530442	IGHV3-30-5	intergenic	intergenic	3873	IGH
igh_1156482	1156482	IGHV1-8	intergenic	intergenic	3780	IGH
igh_1156781_1	1156781	IGHV1-8	intergenic	intergenic	3481	IGH
igh_1158628	1158628	IGHV1-8	intergenic	intergenic	1634	IGH
igh_824600	824600	IGHV3-49	intergenic	intergenic	6714	IGH
igh_521460	521460	IGHV4-30-4	intergenic	intergenic	2054	IGH
igh_734722	734722	IGHV3-43	intergenic	intergenic	3511	IGH
igh_1084107	1084107	IGHV3-74	intergenic	intergenic	12735	IGH
igh_877491	877491	IGHV1-58	intergenic	intergenic	5237	IGH
igh_1015557	1015557	IGHV1-69D	intergenic	intergenic	6906	IGH
igh_1018793	1018793	IGHV1-69D	intergenic	intergenic	3670	IGH
igh_771373	771373	IGHV1-46	intergenic	intergenic	113	IGH
igh_772537	772537	IGHV1-46	intergenic	intergenic	516	IGH
igh_966914	966914	IGHV1-69	intergenic	intergenic	8139	IGH
igh_756439	756439	IGHV1-45	intergenic	intergenic	10928	IGH
igh_265017	265017	IGHV3-13	intergenic	intergenic	3984	IGH
igh_1115346	1115346	IGHV7-81	intergenic	intergenic	19606	IGH
igh_971106	971106	IGHV1-69	intergenic	intergenic	3947	IGH
igh_971107	971107	IGHV1-69	intergenic	intergenic	3946	IGH
igh_371258	371258	IGHV3-21	intergenic	intergenic	3265	IGH
igh_564509	564509	IGHV3-33	intergenic	intergenic	4913	IGH
igh_1098414	1098414	IGHV3-74	intergenic	intergenic	27042	IGH
igh_1098859	1098859	IGHV3-74	intergenic	intergenic	27487	IGH
igh_1099560	1099560	IGHV3-74	intergenic	intergenic	28188	IGH
igh_1099566	1099566	IGHV3-74	intergenic	intergenic	28194	IGH
igh_1099613	1099613	IGHV3-74	intergenic	intergenic	28241	IGH
igh_1100548	1100548	IGHV3-74	intergenic	intergenic	29176	IGH
igh_1101488	1101488	IGHV3-74	intergenic	intergenic	30116	IGH
igh_1102093	1102093	IGHV3-74	intergenic	intergenic	30721	IGH
igh_1102521	1102521	IGHV3-74	intergenic	intergenic	31149	IGH
igh_1102651	1102651	IGHV3-74	intergenic	intergenic	31279	IGH
igh_1104658	1104658	IGHV7-81	intergenic	intergenic	30294	IGH
igh_481640	481640	IGHV3-30	intergenic	intergenic	3743	IGH
igh_480075	480075	IGHV4-28	intergenic	intergenic	5008	IGH
igh_480082	480082	IGHV4-28	intergenic	intergenic	5015	IGH
igh_480097	480097	IGHV4-28	intergenic	intergenic	5030	IGH
igh_480098	480098	IGHV4-28	intergenic	intergenic	5031	IGH
igh_1018347	1018347	IGHV1-69D	intergenic	intergenic	4116	IGH
igh_1085866	1085866	IGHV3-74	intergenic	intergenic	14494	IGH
igh_489294	489294	IGHV3-30	intergenic	intergenic	3339	IGH
igh_545233	545233	IGHV4-31	intergenic	intergenic	3283	IGH
igh_1018116	1018116	IGHV1-69D	intergenic	intergenic	4347	IGH
igh_479774	479774	IGHV4-28	intergenic	intergenic	4707	IGH
igh_479034	479034	IGHV4-28	intergenic	intergenic	3967	IGH
igh_52154	52154	IGHD5-5	intergenic	intergenic	349	IGH
igh_52155	52155	IGHD5-5	intergenic	intergenic	350	IGH
igh_1104107	1104107	IGHV7-81	intergenic	intergenic	30845	IGH
igh_1013649_1	1013649	IGHV1-69D	intergenic	intergenic	8814	IGH
igh_544286	544286	IGHV4-31	intergenic	intergenic	4230	IGH
igh_1018775	1018775	IGHV1-69D	intergenic	intergenic	3688	IGH
igh_814479	814479	IGHV3-49	intergenic	intergenic	2828	IGH
igh_806366	806366	IGHV3-48	intergenic	intergenic	7618	IGH
igh_806563	806563	IGHV3-48	intergenic	intergenic	7815	IGH
igh_806752	806752	IGHV3-48	intergenic	intergenic	8004	IGH
igh_806754	806754	IGHV3-48	intergenic	intergenic	8006	IGH
igh_808444	808444	IGHV3-49	intergenic	intergenic	8863	IGH
igh_808513	808513	IGHV3-49	intergenic	intergenic	8794	IGH
igh_808728	808728	IGHV3-49	intergenic	intergenic	8579	IGH
igh_808808	808808	IGHV3-49	intergenic	intergenic	8499	IGH
igh_809253	809253	IGHV3-49	intergenic	intergenic	8054	IGH
igh_809888	809888	IGHV3-49	intergenic	intergenic	7419	IGH
igh_810113	810113	IGHV3-49	intergenic	intergenic	7194	IGH
igh_742835	742835	IGHV3-43	intergenic	intergenic	11624	IGH
igh_481467	481467	IGHV3-30	intergenic	intergenic	3916	IGH
igh_702965	702965	IGHV4-39	intergenic	intergenic	20373	IGH
igh_542672	542672	IGHV4-31	intergenic	intergenic	5844	IGH
igh_681887	681887	IGHV4-39	intergenic	intergenic	193	IGH
igh_682022	682022	IGHV4-39	intergenic	intergenic	58	IGH
igh_682904	682904	IGHV4-39	intergenic	intergenic	312	IGH
igh_1098100	1098100	IGHV3-74	intergenic	intergenic	26728	IGH
igh_1107346	1107346	IGHV7-81	intergenic	intergenic	27606	IGH
igh_620883	620883	IGHV4-38-2	intergenic	intergenic	48	IGH
igh_684607	684607	IGHV4-39	intergenic	intergenic	2015	IGH
igh_1020008	1020008	IGHV1-69D	intergenic	intergenic	2455	IGH
igh_415974	415974	IGHV3-23D	intergenic	intergenic	2931	IGH
igh_52057	52057	IGHD5-5	intergenic	intergenic	252	IGH
igh_524509	524509	IGHV4-30-4	intergenic	intergenic	481	IGH
igh_525006	525006	IGHV4-30-4	intergenic	intergenic	978	IGH
igh_525014	525014	IGHV4-30-4	intergenic	intergenic	986	IGH
igh_525035	525035	IGHV4-30-4	intergenic	intergenic	1007	IGH
igh_566465	566465	IGHV4-34	intergenic	intergenic	6429	IGH
igh_1104804	1104804	IGHV7-81	intergenic	intergenic	30148	IGH
igh_1104805	1104805	IGHV7-81	intergenic	intergenic	30147	IGH
igh_743187	743187	IGHV3-43	intergenic	intergenic	11976	IGH
igh_783570	783570	IGHV1-46	intergenic	intergenic	11549	IGH
igh_271563	271563	IGHV3-13	intergenic	intergenic	1990	IGH
igh_274326	274326	IGHV3-13	intergenic	intergenic	4753	IGH
igh_1013651	1013651	IGHV1-69D	intergenic	intergenic	8812	IGH
igh_682559	682559	IGHV4-39	intergenic	intergenic	33	IGH
igh_682570	682570	IGHV4-39	intergenic	intergenic	22	IGH
igh_682574	682574	IGHV4-39	intergenic	intergenic	18	IGH
igh_827690	827690	IGHV3-49	intergenic	intergenic	9804	IGH
igh_812987	812987	IGHV3-49	intergenic	intergenic	4320	IGH
igh_1016425	1016425	IGHV1-69D	intergenic	intergenic	6038	IGH
igh_791294	791294	IGHV3-48	intergenic	intergenic	6887	IGH
igh_680038	680038	IGHV4-39	intergenic	intergenic	2042	IGH
igh_1015512	1015512	IGHV1-69D	intergenic	intergenic	6951	IGH
igh_480037	480037	IGHV4-28	intergenic	intergenic	4970	IGH
igh_480038	480038	IGHV4-28	intergenic	intergenic	4971	IGH
igh_480115	480115	IGHV4-28	intergenic	intergenic	5048	IGH
igh_420475	420475	IGHV3-23D	intergenic	intergenic	996	IGH
igh_789528	789528	IGHV3-48	intergenic	intergenic	8653	IGH
igh_680067	680067	IGHV4-39	intergenic	intergenic	2013	IGH
igh_409452	409452	IGHV3-23	intergenic	intergenic	814	IGH
igh_464010	464010	IGHV4-28	intergenic	intergenic	10547	IGH
igh_1083550	1083550	IGHV3-74	intergenic	intergenic	12178	IGH
igh_1015549	1015549	IGHV1-69D	intergenic	intergenic	6914	IGH
igh_531643	531643	IGHV3-30-5	intergenic	intergenic	2672	IGH
igh_475340	475340	IGHV4-28	intergenic	intergenic	273	IGH
igh_859848	859848	IGHV3-53	intergenic	intergenic	6241	IGH
igh_844988	844988	IGHV8-51-1	intergenic	intergenic	436	IGH
igh_1018693	1018693	IGHV1-69D	intergenic	intergenic	3770	IGH
igh_363851	363851	IGHV3-21	intergenic	intergenic	10672	IGH
igh_433125	433125	IGHV1-24	intergenic	intergenic	5742	IGH
igh_433329	433329	IGHV1-24	intergenic	intergenic	5946	IGH
igh_508380	508380	IGHV3-30-3	intergenic	intergenic	936	IGH
igh_479373	479373	IGHV4-28	intergenic	intergenic	4306	IGH
igh_693838	693838	IGHV4-39	intergenic	intergenic	11246	IGH
igh_528963	528963	IGHV4-30-4	intergenic	intergenic	4935	IGH
igh_1083267	1083267	IGHV3-74	intergenic	intergenic	11895	IGH
igh_431221	431221	IGHV1-24	intergenic	intergenic	3838	IGH
igh_847791	847791	IGHV8-51-1	intergenic	intergenic	3239	IGH
igh_766671	766671	IGHV1-45	intergenic	intergenic	696	IGH
igh_538597	538597	IGHV3-30-5	intergenic	intergenic	3710	IGH
igh_773994	773994	IGHV1-46	intergenic	intergenic	1973	IGH
igh_683453	683453	IGHV4-39	intergenic	intergenic	861	IGH
igh_843533	843533	IGHV8-51-1	intergenic	intergenic	339	IGH
igh_1103667	1103667	IGHV7-81	intergenic	intergenic	31285	IGH
igh_781498	781498	IGHV1-46	intergenic	intergenic	9477	IGH
igh_54698	54698	IGHD3-3	intergenic	intergenic	780	IGH
igh_1017406	1017406	IGHV1-69D	intergenic	intergenic	5057	IGH
igh_1020204	1020204	IGHV1-69D	intergenic	intergenic	2259	IGH
igh_1020246	1020246	IGHV1-69D	intergenic	intergenic	2217	IGH
igh_680226	680226	IGHV4-39	intergenic	intergenic	1854	IGH
igh_816884	816884	IGHV3-49	intergenic	intergenic	423	IGH
igh_679794	679794	IGHV4-39	intergenic	intergenic	2286	IGH
igh_489414	489414	IGHV3-30	intergenic	intergenic	3459	IGH
igh_810343	810343	IGHV3-49	intergenic	intergenic	6964	IGH
igh_828126	828126	IGHV3-49	intergenic	intergenic	10240	IGH
igh_830355	830355	IGHV5-51	intergenic	intergenic	8758	IGH
igh_974806	974806	IGHV1-69	intergenic	intergenic	247	IGH
igh_806655	806655	IGHV3-48	intergenic	intergenic	7907	IGH
igh_409073	409073	IGHV3-23	intergenic	intergenic	435	IGH
igh_529291	529291	IGHV3-30-5	intergenic	intergenic	5024	IGH
igh_789545	789545	IGHV3-48	intergenic	intergenic	8636	IGH
igh_511706	511706	IGHV3-30-3	intergenic	intergenic	1818	IGH
igh_627989	627989	IGHV4-38-2	intergenic	intergenic	6551	IGH
igh_1014164	1014164	IGHV1-69D	intergenic	intergenic	8299	IGH
igh_1018698	1018698	IGHV1-69D	intergenic	intergenic	3765	IGH
igh_810178	810178	IGHV3-49	intergenic	intergenic	7129	IGH
igh_620905	620905	IGHV4-38-2	intergenic	intergenic	26	IGH
igh_537583_1	537583	IGHV3-30-5	intergenic	intergenic	2696	IGH
igh_529224	529224	IGHV3-30-5	intergenic	intergenic	5091	IGH
igh_565408	565408	IGHV3-33	intergenic	intergenic	5812	IGH
igh_513381	513381	IGHV3-30-3	intergenic	intergenic	3493	IGH
igh_537562	537562	IGHV3-30-5	intergenic	intergenic	2675	IGH
igh_529732	529732	IGHV3-30-5	intergenic	intergenic	4583	IGH
igh_846949	846949	IGHV8-51-1	intergenic	intergenic	2397	IGH
igh_1013415	1013415	IGHV1-69D	intergenic	intergenic	9048	IGH
igh_418891	418891	IGHV3-23D	intergenic	intergenic	14	IGH
igh_770720	770720	IGHV1-46	intergenic	intergenic	766	IGH
igh_511922	511922	IGHV3-30-3	intergenic	intergenic	2034	IGH
igh_512199	512199	IGHV3-30-3	intergenic	intergenic	2311	IGH
igh_679658	679658	IGHV4-39	intergenic	intergenic	2422	IGH
igh_629568	629568	IGHV3-43D	intergenic	intergenic	6703	IGH
igh_858868	858868	IGHV3-53	intergenic	intergenic	5261	IGH
igh_683447	683447	IGHV4-39	intergenic	intergenic	855	IGH
igh_17487	17487	IGHD1-26	intergenic	intergenic	3019	IGH
igh_493349	493349	IGHV4-30-2	intergenic	intergenic	6237	IGH
igh_487539	487539	IGHV3-30	intergenic	intergenic	1584	IGH
igh_535599	535599	IGHV3-30-5	intergenic	intergenic	712	IGH
igh_888369	888369	IGHV4-59	intergenic	intergenic	243	IGH
igh_437408	437408	IGHV3-25	intergenic	intergenic	1921	IGH
igh_560082	560082	IGHV3-33	intergenic	intergenic	486	IGH
igh_1112929	1112929	IGHV7-81	intergenic	intergenic	22023	IGH
igh_1020407	1020407	IGHV1-69D	intergenic	intergenic	2056	IGH
igh_1020451	1020451	IGHV1-69D	intergenic	intergenic	2012	IGH
igh_1020458	1020458	IGHV1-69D	intergenic	intergenic	2005	IGH
igh_600791	600791	IGHV3-38	intergenic	intergenic	8934	IGH
igh_682672	682672	IGHV4-39	intergenic	intergenic	80	IGH
igh_682682	682682	IGHV4-39	intergenic	intergenic	90	IGH
igh_682729	682729	IGHV4-39	intergenic	intergenic	137	IGH
igh_682953	682953	IGHV4-39	intergenic	intergenic	361	IGH
igh_682963	682963	IGHV4-39	intergenic	intergenic	371	IGH
igh_683031	683031	IGHV4-39	intergenic	intergenic	439	IGH
igh_683071	683071	IGHV4-39	intergenic	intergenic	479	IGH
igh_683178	683178	IGHV4-39	intergenic	intergenic	586	IGH
igh_683615	683615	IGHV4-39	intergenic	intergenic	1023	IGH
igh_683806	683806	IGHV4-39	intergenic	intergenic	1214	IGH
igh_683878	683878	IGHV4-39	intergenic	intergenic	1286	IGH
igh_683883	683883	IGHV4-39	intergenic	intergenic	1291	IGH
igh_683911	683911	IGHV4-39	intergenic	intergenic	1319	IGH
igh_683959	683959	IGHV4-39	intergenic	intergenic	1367	IGH
igh_683996	683996	IGHV4-39	intergenic	intergenic	1404	IGH
igh_684017	684017	IGHV4-39	intergenic	intergenic	1425	IGH
igh_684105	684105	IGHV4-39	intergenic	intergenic	1513	IGH
igh_684145	684145	IGHV4-39	intergenic	intergenic	1553	IGH
igh_684433	684433	IGHV4-39	intergenic	intergenic	1841	IGH
igh_684435	684435	IGHV4-39	intergenic	intergenic	1843	IGH
igh_684510	684510	IGHV4-39	intergenic	intergenic	1918	IGH
igh_684566	684566	IGHV4-39	intergenic	intergenic	1974	IGH
igh_684580	684580	IGHV4-39	intergenic	intergenic	1988	IGH
igh_685523	685523	IGHV4-39	intergenic	intergenic	2931	IGH
igh_685611	685611	IGHV4-39	intergenic	intergenic	3019	IGH
igh_685729	685729	IGHV4-39	intergenic	intergenic	3137	IGH
igh_685743	685743	IGHV4-39	intergenic	intergenic	3151	IGH
igh_685859	685859	IGHV4-39	intergenic	intergenic	3267	IGH
igh_685861	685861	IGHV4-39	intergenic	intergenic	3269	IGH
igh_685882	685882	IGHV4-39	intergenic	intergenic	3290	IGH
igh_685889	685889	IGHV4-39	intergenic	intergenic	3297	IGH
igh_680257	680257	IGHV4-39	intergenic	intergenic	1823	IGH
igh_971312	971312	IGHV1-69	intergenic	intergenic	3741	IGH
igh_416005	416005	IGHV3-23D	intergenic	intergenic	2900	IGH
igh_966385	966385	IGHV1-69	intergenic	intergenic	8668	IGH
igh_67562	67562	IGHD1-1	intergenic	intergenic	8515	IGH
igh_773747	773747	IGHV1-46	intergenic	intergenic	1726	IGH
igh_777391	777391	IGHV1-46	intergenic	intergenic	5370	IGH
igh_1014550	1014550	IGHV1-69D	intergenic	intergenic	7913	IGH
igh_482476	482476	IGHV3-30	intergenic	intergenic	2907	IGH
igh_1020495	1020495	IGHV1-69D	intergenic	intergenic	1968	IGH
igh_478993	478993	IGHV4-28	intergenic	intergenic	3926	IGH
igh_479001	479001	IGHV4-28	intergenic	intergenic	3934	IGH
igh_479021	479021	IGHV4-28	intergenic	intergenic	3954	IGH
igh_479047	479047	IGHV4-28	intergenic	intergenic	3980	IGH
igh_479058	479058	IGHV4-28	intergenic	intergenic	3991	IGH
igh_479069	479069	IGHV4-28	intergenic	intergenic	4002	IGH
igh_638606	638606	IGHV3-43D	intergenic	intergenic	1760	IGH
igh_171253	171253	IGHV2-5	intergenic	intergenic	6110	IGH
igh_1018360	1018360	IGHV1-69D	intergenic	intergenic	4103	IGH
igh_776690	776690	IGHV1-46	intergenic	intergenic	4669	IGH
igh_778531	778531	IGHV1-46	intergenic	intergenic	6510	IGH
igh_780721	780721	IGHV1-46	intergenic	intergenic	8700	IGH
igh_394083	394083	IGHV3-23	intergenic	intergenic	13981	IGH
igh_418183	418183	IGHV3-23D	intergenic	intergenic	722	IGH
igh_683805	683805	IGHV4-39	intergenic	intergenic	1213	IGH
igh_490102	490102	IGHV3-30	intergenic	intergenic	4147	IGH
igh_189455	189455	IGHV2-5	intergenic	intergenic	11593	IGH
igh_193166	193166	IGHV3-7	intergenic	intergenic	8444	IGH
igh_1012999	1012999	IGHV1-69D	intergenic	intergenic	9464	IGH
igh_565546	565546	IGHV3-33	intergenic	intergenic	5950	IGH
igh_833838	833838	IGHV5-51	intergenic	intergenic	5275	IGH
igh_966383	966383	IGHV1-69	intergenic	intergenic	8670	IGH
igh_529050	529050	IGHV4-30-4	intergenic	intergenic	5022	IGH
igh_529051	529051	IGHV4-30-4	intergenic	intergenic	5023	IGH
igh_1005563	1005563	IGHV1-69-2	intergenic	intergenic	7549	IGH
igh_530069	530069	IGHV3-30-5	intergenic	intergenic	4246	IGH
igh_530102	530102	IGHV3-30-5	intergenic	intergenic	4213	IGH
igh_679872	679872	IGHV4-39	intergenic	intergenic	2208	IGH
igh_1166255	1166255	IGHV1-8	intergenic	intergenic	5461	IGH
igh_1013156	1013156	IGHV1-69D	intergenic	intergenic	9307	IGH
igh_1013257	1013257	IGHV1-69D	intergenic	intergenic	9206	IGH
igh_528123	528123	IGHV4-30-4	intergenic	intergenic	4095	IGH
igh_528741	528741	IGHV4-30-4	intergenic	intergenic	4713	IGH
igh_950951	950951	IGHV3-66	intergenic	intergenic	14996	IGH
igh_877228	877228	IGHV1-58	intergenic	intergenic	5500	IGH
igh_567935	567935	IGHV4-34	intergenic	intergenic	4959	IGH
igh_12148	12148	IGHD7-27	intergenic	intergenic	7058	IGH
igh_480798	480798	IGHV3-30	intergenic	intergenic	4585	IGH
igh_492783	492783	IGHV4-30-2	intergenic	intergenic	6803	IGH
igh_516746	516746	IGHV4-30-4	intergenic	intergenic	6768	IGH
igh_756715	756715	IGHV1-45	intergenic	intergenic	10652	IGH
igh_759267	759267	IGHV1-45	intergenic	intergenic	8100	IGH
igh_760325	760325	IGHV1-45	intergenic	intergenic	7042	IGH
igh_760441	760441	IGHV1-45	intergenic	intergenic	6926	IGH
igh_760793	760793	IGHV1-45	intergenic	intergenic	6574	IGH
igh_763424	763424	IGHV1-45	intergenic	intergenic	3943	IGH
igh_765905	765905	IGHV1-45	intergenic	intergenic	1462	IGH
igh_1001343	1001343	IGHV1-69-2	intergenic	intergenic	3329	IGH
igh_442592	442592	IGHV3-25	intergenic	intergenic	2691	IGH
igh_442733	442733	IGHV3-25	intergenic	intergenic	2832	IGH
igh_1018356	1018356	IGHV1-69D	intergenic	intergenic	4107	IGH
igh_840750	840750	IGHV5-51	intergenic	intergenic	1105	IGH
igh_24868	24868	IGHD4-23	intergenic	intergenic	451	IGH
igh_509058	509058	IGHV3-30-3	intergenic	intergenic	258	IGH
igh_513437	513437	IGHV3-30-3	intergenic	intergenic	3549	IGH
igh_1018643	1018643	IGHV1-69D	intergenic	intergenic	3820	IGH
igh_479954	479954	IGHV4-28	intergenic	intergenic	4887	IGH
igh_1018603	1018603	IGHV1-69D	intergenic	intergenic	3860	IGH
igh_415678	415678	IGHV3-23D	intergenic	intergenic	3227	IGH
igh_24	24	IGHJ6	intergenic	intergenic	2674	IGH
igh_1357	1357	IGHJ6	intergenic	intergenic	1341	IGH
igh_529209	529209	IGHV3-30-5	intergenic	intergenic	5106	IGH
igh_419543	419543	IGHV3-23D	intergenic	intergenic	64	IGH
igh_459577	459577	IGHV2-26	intergenic	intergenic	7380	IGH
igh_527455	527455	IGHV4-30-4	intergenic	intergenic	3427	IGH
igh_1156392	1156392	IGHV1-8	intergenic	intergenic	3870	IGH
igh_488630	488630	IGHV3-30	intergenic	intergenic	2675	IGH
igh_1141096	1141096	IGHV7-81	intergenic	intergenic	5614	IGH
igh_1013416	1013416	IGHV1-69D	intergenic	intergenic	9047	IGH
igh_1015128	1015128	IGHV1-69D	intergenic	intergenic	7335	IGH
igh_178235	178235	IGHV2-5	intergenic	intergenic	373	IGH
igh_178949	178949	IGHV2-5	intergenic	intergenic	1087	IGH
igh_509247	509247	IGHV3-30-3	intergenic	intergenic	69	IGH
igh_777233	777233	IGHV1-46	intergenic	intergenic	5212	IGH
igh_530073	530073	IGHV3-30-5	intergenic	intergenic	4242	IGH
igh_463633	463633	IGHV4-28	intergenic	intergenic	10924	IGH
igh_1090414	1090414	IGHV3-74	intergenic	intergenic	19042	IGH
igh_966244	966244	IGHV1-69	intergenic	intergenic	8809	IGH
igh_787958	787958	IGHV3-48	intergenic	intergenic	10223	IGH
igh_790167	790167	IGHV3-48	intergenic	intergenic	8014	IGH
igh_1013769	1013769	IGHV1-69D	intergenic	intergenic	8694	IGH
igh_529129	529129	IGHV4-30-4	intergenic	intergenic	5101	IGH
igh_281582	281582	IGHV3-15	intergenic	intergenic	11501	IGH
igh_770535	770535	IGHV1-46	intergenic	intergenic	951	IGH
igh_19671	19671	IGHD1-26	intergenic	intergenic	835	IGH
igh_528962	528962	IGHV4-30-4	intergenic	intergenic	4934	IGH
igh_528968	528968	IGHV4-30-4	intergenic	intergenic	4940	IGH
igh_528986	528986	IGHV4-30-4	intergenic	intergenic	4958	IGH
igh_528987	528987	IGHV4-30-4	intergenic	intergenic	4959	IGH
igh_529024	529024	IGHV4-30-4	intergenic	intergenic	4996	IGH
igh_529031	529031	IGHV4-30-4	intergenic	intergenic	5003	IGH
igh_529046	529046	IGHV4-30-4	intergenic	intergenic	5018	IGH
igh_529047	529047	IGHV4-30-4	intergenic	intergenic	5019	IGH
igh_552286	552286	IGHV4-31	intergenic	intergenic	3256	IGH
igh_1120419	1120419	IGHV7-81	intergenic	intergenic	14533	IGH
igh_683080	683080	IGHV4-39	intergenic	intergenic	488	IGH
igh_683117	683117	IGHV4-39	intergenic	intergenic	525	IGH
igh_683179	683179	IGHV4-39	intergenic	intergenic	587	IGH
igh_683857	683857	IGHV4-39	intergenic	intergenic	1265	IGH
igh_685235	685235	IGHV4-39	intergenic	intergenic	2643	IGH
igh_810209	810209	IGHV3-49	intergenic	intergenic	7098	IGH
igh_499562	499562	IGHV4-30-2	intergenic	intergenic	24	IGH
igh_499564	499564	IGHV4-30-2	intergenic	intergenic	22	IGH
igh_481084	481084	IGHV3-30	intergenic	intergenic	4299	IGH
igh_486433	486433	IGHV3-30	intergenic	intergenic	478	IGH
igh_772350	772350	IGHV1-46	intergenic	intergenic	329	IGH
igh_87992	87992	IGHV6-1	intergenic	intergenic	8240	IGH
igh_685420	685420	IGHV4-39	intergenic	intergenic	2828	IGH
igh_480934	480934	IGHV3-30	intergenic	intergenic	4449	IGH
igh_572579	572579	IGHV4-34	intergenic	intergenic	315	IGH
igh_478829	478829	IGHV4-28	intergenic	intergenic	3762	IGH
igh_814542	814542	IGHV3-49	intergenic	intergenic	2765	IGH
igh_814600	814600	IGHV3-49	intergenic	intergenic	2707	IGH
igh_420471	420471	IGHV3-23D	intergenic	intergenic	992	IGH
igh_769031	769031	IGHV1-45	intergenic	intergenic	1187	IGH
igh_769084	769084	IGHV1-45	intergenic	intergenic	1240	IGH
igh_954896	954896	IGHV3-66	intergenic	intergenic	18941	IGH
igh_958685	958685	IGHV1-69	intergenic	intergenic	16368	IGH
igh_961102	961102	IGHV1-69	intergenic	intergenic	13951	IGH
igh_962621	962621	IGHV1-69	intergenic	intergenic	12432	IGH
igh_783612	783612	IGHV1-46	intergenic	intergenic	11591	IGH
igh_518465	518465	IGHV4-30-4	intergenic	intergenic	5049	IGH
igh_530195	530195	IGHV3-30-5	intergenic	intergenic	4120	IGH
igh_530204	530204	IGHV3-30-5	intergenic	intergenic	4111	IGH
igh_1012944	1012944	IGHV1-69D	intergenic	intergenic	9519	IGH
igh_999974	999974	IGHV1-69-2	intergenic	intergenic	1960	IGH
igh_764428	764428	IGHV1-45	intergenic	intergenic	2939	IGH
igh_764493	764493	IGHV1-45	intergenic	intergenic	2874	IGH
igh_765340	765340	IGHV1-45	intergenic	intergenic	2027	IGH
igh_765970	765970	IGHV1-45	intergenic	intergenic	1397	IGH
igh_371063	371063	IGHV3-21	intergenic	intergenic	3460	IGH
igh_1099404	1099404	IGHV3-74	intergenic	intergenic	28032	IGH
igh_1100290	1100290	IGHV3-74	intergenic	intergenic	28918	IGH
igh_1101200	1101200	IGHV3-74	intergenic	intergenic	29828	IGH
igh_1101247	1101247	IGHV3-74	intergenic	intergenic	29875	IGH
igh_1101344	1101344	IGHV3-74	intergenic	intergenic	29972	IGH
igh_1101384	1101384	IGHV3-74	intergenic	intergenic	30012	IGH
igh_1101665	1101665	IGHV3-74	intergenic	intergenic	30293	IGH
igh_1102363	1102363	IGHV3-74	intergenic	intergenic	30991	IGH
igh_1102555	1102555	IGHV3-74	intergenic	intergenic	31183	IGH
igh_1102576	1102576	IGHV3-74	intergenic	intergenic	31204	IGH
igh_1104145	1104145	IGHV7-81	intergenic	intergenic	30807	IGH
igh_1104178	1104178	IGHV7-81	intergenic	intergenic	30774	IGH
igh_1104859	1104859	IGHV7-81	intergenic	intergenic	30093	IGH
igh_774600	774600	IGHV1-46	intergenic	intergenic	2579	IGH
igh_524275	524275	IGHV4-30-4	intergenic	intergenic	247	IGH
igh_524644	524644	IGHV4-30-4	intergenic	intergenic	616	IGH
igh_509298	509298	IGHV3-30-3	intergenic	intergenic	18	IGH
igh_1096768	1096768	IGHV3-74	intergenic	intergenic	25396	IGH
igh_1100301	1100301	IGHV3-74	intergenic	intergenic	28929	IGH
igh_1013412	1013412	IGHV1-69D	intergenic	intergenic	9051	IGH
igh_480766	480766	IGHV3-30	intergenic	intergenic	4617	IGH
igh_481412	481412	IGHV3-30	intergenic	intergenic	3971	IGH
igh_481973	481973	IGHV3-30	intergenic	intergenic	3410	IGH
igh_482008	482008	IGHV3-30	intergenic	intergenic	3375	IGH
igh_482063	482063	IGHV3-30	intergenic	intergenic	3320	IGH
igh_482314	482314	IGHV3-30	intergenic	intergenic	3069	IGH
igh_482514	482514	IGHV3-30	intergenic	intergenic	2869	IGH
igh_6864	6864	IGHD7-27	intergenic	intergenic	1774	IGH
igh_480136	480136	IGHV4-28	intergenic	intergenic	5069	IGH
igh_571786	571786	IGHV4-34	intergenic	intergenic	1108	IGH
igh_566785	566785	IGHV4-34	intergenic	intergenic	6109	IGH
igh_690921	690921	IGHV4-39	intergenic	intergenic	8329	IGH
igh_1018190	1018190	IGHV1-69D	intergenic	intergenic	4273	IGH
igh_1139867	1139867	IGHV7-81	intergenic	intergenic	4385	IGH
igh_495260	495260	IGHV4-30-2	intergenic	intergenic	4326	IGH
igh_618863	618863	IGHV4-38-2	intergenic	intergenic	2068	IGH
igh_523438	523438	IGHV4-30-4	intergenic	intergenic	76	IGH
igh_528815	528815	IGHV4-30-4	intergenic	intergenic	4787	IGH
igh_540708	540708	IGHV3-30-5	intergenic	intergenic	5821	IGH
igh_529599	529599	IGHV3-30-5	intergenic	intergenic	4716	IGH
igh_969262	969262	IGHV1-69	intergenic	intergenic	5791	IGH
igh_396170	396170	IGHV3-23	intergenic	intergenic	11894	IGH
igh_415060	415060	IGHV3-23D	intergenic	intergenic	3845	IGH
igh_682865	682865	IGHV4-39	intergenic	intergenic	273	IGH
igh_1020212	1020212	IGHV1-69D	intergenic	intergenic	2251	IGH
igh_1020410	1020410	IGHV1-69D	intergenic	intergenic	2053	IGH
igh_1020450	1020450	IGHV1-69D	intergenic	intergenic	2013	IGH
igh_1020453	1020453	IGHV1-69D	intergenic	intergenic	2010	IGH
igh_174045	174045	IGHV2-5	intergenic	intergenic	3318	IGH
igh_174241	174241	IGHV2-5	intergenic	intergenic	3122	IGH
igh_174544	174544	IGHV2-5	intergenic	intergenic	2819	IGH
igh_174545	174545	IGHV2-5	intergenic	intergenic	2818	IGH
igh_176100	176100	IGHV2-5	intergenic	intergenic	1263	IGH
igh_176667	176667	IGHV2-5	intergenic	intergenic	696	IGH
igh_176804	176804	IGHV2-5	intergenic	intergenic	559	IGH
igh_177003	177003	IGHV2-5	intergenic	intergenic	360	IGH
igh_177147	177147	IGHV2-5	intergenic	intergenic	216	IGH
igh_180285	180285	IGHV2-5	intergenic	intergenic	2423	IGH
igh_183845	183845	IGHV2-5	intergenic	intergenic	5983	IGH
igh_187357	187357	IGHV2-5	intergenic	intergenic	9495	IGH
igh_187684	187684	IGHV2-5	intergenic	intergenic	9822	IGH
igh_1014395	1014395	IGHV1-69D	intergenic	intergenic	8068	IGH
igh_1014749	1014749	IGHV1-69D	intergenic	intergenic	7714	IGH
igh_1015288	1015288	IGHV1-69D	intergenic	intergenic	7175	IGH
igh_966381	966381	IGHV1-69	intergenic	intergenic	8672	IGH
igh_620028	620028	IGHV4-38-2	intergenic	intergenic	903	IGH
igh_591516	591516	IGHV3-35	intergenic	intergenic	2326	IGH
igh_508416	508416	IGHV3-30-3	intergenic	intergenic	900	IGH
igh_508432	508432	IGHV3-30-3	intergenic	intergenic	884	IGH
igh_508579	508579	IGHV3-30-3	intergenic	intergenic	737	IGH
igh_508605	508605	IGHV3-30-3	intergenic	intergenic	711	IGH
igh_508607	508607	IGHV3-30-3	intergenic	intergenic	709	IGH
igh_508694	508694	IGHV3-30-3	intergenic	intergenic	622	IGH
igh_508714	508714	IGHV3-30-3	intergenic	intergenic	602	IGH
igh_508736	508736	IGHV3-30-3	intergenic	intergenic	580	IGH
igh_508784	508784	IGHV3-30-3	intergenic	intergenic	532	IGH
igh_508867	508867	IGHV3-30-3	intergenic	intergenic	449	IGH
igh_1018243	1018243	IGHV1-69D	intergenic	intergenic	4220	IGH
igh_1018273	1018273	IGHV1-69D	intergenic	intergenic	4190	IGH
igh_1018277	1018277	IGHV1-69D	intergenic	intergenic	4186	IGH
igh_1018994	1018994	IGHV1-69D	intergenic	intergenic	3469	IGH
igh_1019002	1019002	IGHV1-69D	intergenic	intergenic	3461	IGH
igh_1019078	1019078	IGHV1-69D	intergenic	intergenic	3385	IGH
igh_1019083	1019083	IGHV1-69D	intergenic	intergenic	3380	IGH
igh_1019087	1019087	IGHV1-69D	intergenic	intergenic	3376	IGH
igh_1019090	1019090	IGHV1-69D	intergenic	intergenic	3373	IGH
igh_1019100	1019100	IGHV1-69D	intergenic	intergenic	3363	IGH
igh_1019117	1019117	IGHV1-69D	intergenic	intergenic	3346	IGH
igh_1019123	1019123	IGHV1-69D	intergenic	intergenic	3340	IGH
igh_1019124	1019124	IGHV1-69D	intergenic	intergenic	3339	IGH
igh_1019150	1019150	IGHV1-69D	intergenic	intergenic	3313	IGH
igh_1019203	1019203	IGHV1-69D	intergenic	intergenic	3260	IGH
igh_1019209	1019209	IGHV1-69D	intergenic	intergenic	3254	IGH
igh_1019213	1019213	IGHV1-69D	intergenic	intergenic	3250	IGH
igh_1019236	1019236	IGHV1-69D	intergenic	intergenic	3227	IGH
igh_1019263	1019263	IGHV1-69D	intergenic	intergenic	3200	IGH
igh_1019264	1019264	IGHV1-69D	intergenic	intergenic	3199	IGH
igh_1019438	1019438	IGHV1-69D	intergenic	intergenic	3025	IGH
igh_1019480	1019480	IGHV1-69D	intergenic	intergenic	2983	IGH
igh_1019484	1019484	IGHV1-69D	intergenic	intergenic	2979	IGH
igh_1019485	1019485	IGHV1-69D	intergenic	intergenic	2978	IGH
igh_1019612	1019612	IGHV1-69D	intergenic	intergenic	2851	IGH
igh_1019755	1019755	IGHV1-69D	intergenic	intergenic	2708	IGH
igh_1019758	1019758	IGHV1-69D	intergenic	intergenic	2705	IGH
igh_1019792	1019792	IGHV1-69D	intergenic	intergenic	2671	IGH
igh_1019805	1019805	IGHV1-69D	intergenic	intergenic	2658	IGH
igh_1019830	1019830	IGHV1-69D	intergenic	intergenic	2633	IGH
igh_1019832	1019832	IGHV1-69D	intergenic	intergenic	2631	IGH
igh_1019881	1019881	IGHV1-69D	intergenic	intergenic	2582	IGH
igh_1019984	1019984	IGHV1-69D	intergenic	intergenic	2479	IGH
igh_1020031	1020031	IGHV1-69D	intergenic	intergenic	2432	IGH
igh_1020099	1020099	IGHV1-69D	intergenic	intergenic	2364	IGH
igh_1020661	1020661	IGHV1-69D	intergenic	intergenic	1802	IGH
igh_1020812	1020812	IGHV1-69D	intergenic	intergenic	1651	IGH
igh_1020814	1020814	IGHV1-69D	intergenic	intergenic	1649	IGH
igh_1018168	1018168	IGHV1-69D	intergenic	intergenic	4295	IGH
igh_478582	478582	IGHV4-28	intergenic	intergenic	3515	IGH
igh_176727	176727	IGHV2-5	intergenic	intergenic	636	IGH
igh_177165	177165	IGHV2-5	intergenic	intergenic	198	IGH
igh_177202	177202	IGHV2-5	intergenic	intergenic	161	IGH
igh_177988	177988	IGHV2-5	intergenic	intergenic	126	IGH
igh_178496	178496	IGHV2-5	intergenic	intergenic	634	IGH
igh_179407	179407	IGHV2-5	intergenic	intergenic	1545	IGH
igh_528137	528137	IGHV4-30-4	intergenic	intergenic	4109	IGH
igh_561023	561023	IGHV3-33	intergenic	intergenic	1427	IGH
igh_504879	504879	IGHV3-30-3	intergenic	intergenic	4437	IGH
igh_977648	977648	IGHV1-69	intergenic	intergenic	2059	IGH
igh_977662	977662	IGHV1-69	intergenic	intergenic	2073	IGH
igh_679727	679727	IGHV4-39	intergenic	intergenic	2353	IGH
igh_403522	403522	IGHV3-23	intergenic	intergenic	4542	IGH
igh_480288	480288	IGHV3-30	intergenic	intergenic	5095	IGH
igh_438626	438626	IGHV3-25	intergenic	intergenic	703	IGH
igh_619077	619077	IGHV4-38-2	intergenic	intergenic	1854	IGH
igh_554253	554253	IGHV3-33	intergenic	intergenic	4771	IGH
igh_519184	519184	IGHV4-30-4	intergenic	intergenic	4330	IGH
igh_414050	414050	IGHV3-23D	intergenic	intergenic	4855	IGH
igh_260798	260798	IGHV3-11	intergenic	intergenic	4133	IGH
igh_772642	772642	IGHV1-46	intergenic	intergenic	621	IGH
igh_552275	552275	IGHV4-31	intergenic	intergenic	3245	IGH
igh_1018242	1018242	IGHV1-69D	intergenic	intergenic	4221	IGH
igh_1018244	1018244	IGHV1-69D	intergenic	intergenic	4219	IGH
igh_1013473	1013473	IGHV1-69D	intergenic	intergenic	8990	IGH
igh_360010	360010	IGHV3-20	intergenic	intergenic	9038	IGH
igh_7529	7529	IGHD7-27	intergenic	intergenic	2439	IGH
igh_14673	14673	IGHD1-26	intergenic	intergenic	5833	IGH
igh_516032	516032	IGHV3-30-3	intergenic	intergenic	6144	IGH
igh_516035	516035	IGHV3-30-3	intergenic	intergenic	6147	IGH
igh_516080	516080	IGHV3-30-3	intergenic	intergenic	6192	IGH
igh_516196	516196	IGHV3-30-3	intergenic	intergenic	6308	IGH
igh_529064	529064	IGHV4-30-4	intergenic	intergenic	5036	IGH
igh_1015143	1015143	IGHV1-69D	intergenic	intergenic	7320	IGH
igh_683391	683391	IGHV4-39	intergenic	intergenic	799	IGH
igh_503528	503528	IGHV4-30-2	intergenic	intergenic	3431	IGH
igh_539145	539145	IGHV3-30-5	intergenic	intergenic	4258	IGH
igh_634996	634996	IGHV3-43D	intergenic	intergenic	1275	IGH
igh_710839	710839	IGHV3-43	intergenic	intergenic	19795	IGH
igh_361230	361230	IGHV3-20	intergenic	intergenic	10258	IGH
igh_303910	303910	IGHV3-16	intergenic	intergenic	754	IGH
igh_437305	437305	IGHV3-25	intergenic	intergenic	2024	IGH
igh_475109	475109	IGHV4-28	intergenic	intergenic	42	IGH
igh_512586	512586	IGHV3-30-3	intergenic	intergenic	2698	IGH
igh_512603	512603	IGHV3-30-3	intergenic	intergenic	2715	IGH
igh_512863	512863	IGHV3-30-3	intergenic	intergenic	2975	IGH
igh_512913	512913	IGHV3-30-3	intergenic	intergenic	3025	IGH
igh_512949	512949	IGHV3-30-3	intergenic	intergenic	3061	IGH
igh_513047	513047	IGHV3-30-3	intergenic	intergenic	3159	IGH
igh_513269	513269	IGHV3-30-3	intergenic	intergenic	3381	IGH
igh_513347	513347	IGHV3-30-3	intergenic	intergenic	3459	IGH
igh_1008301	1008301	IGHV1-69-2	intergenic	intergenic	10287	IGH
igh_668219	668219	IGHV1-38-4	intergenic	intergenic	7289	IGH
igh_1013826	1013826	IGHV1-69D	intergenic	intergenic	8637	IGH
igh_480550	480550	IGHV3-30	intergenic	intergenic	4833	IGH
igh_1059991	1059991	IGHV3-73	intergenic	intergenic	3072	IGH
igh_1015236	1015236	IGHV1-69D	intergenic	intergenic	7227	IGH
igh_1015286	1015286	IGHV1-69D	intergenic	intergenic	7177	IGH
igh_486427	486427	IGHV3-30	intergenic	intergenic	472	IGH
igh_526708	526708	IGHV4-30-4	intergenic	intergenic	2680	IGH
igh_433884	433884	IGHV3-25	intergenic	intergenic	5445	IGH
igh_1006005	1006005	IGHV1-69-2	intergenic	intergenic	7991	IGH
igh_1016326	1016326	IGHV1-69D	intergenic	intergenic	6137	IGH
igh_1016418	1016418	IGHV1-69D	intergenic	intergenic	6045	IGH
igh_1018612	1018612	IGHV1-69D	intergenic	intergenic	3851	IGH
igh_1018628	1018628	IGHV1-69D	intergenic	intergenic	3835	IGH
igh_1018630	1018630	IGHV1-69D	intergenic	intergenic	3833	IGH
igh_1018633	1018633	IGHV1-69D	intergenic	intergenic	3830	IGH
igh_1018635	1018635	IGHV1-69D	intergenic	intergenic	3828	IGH
igh_1018637	1018637	IGHV1-69D	intergenic	intergenic	3826	IGH
igh_1135801	1135801	IGHV7-81	intergenic	intergenic	319	IGH
igh_527531	527531	IGHV4-30-4	intergenic	intergenic	3503	IGH
igh_476466	476466	IGHV4-28	intergenic	intergenic	1399	IGH
igh_741427	741427	IGHV3-43	intergenic	intergenic	10216	IGH
igh_625006	625006	IGHV4-38-2	intergenic	intergenic	3568	IGH
igh_546005	546005	IGHV4-31	intergenic	intergenic	2511	IGH
igh_530722	530722	IGHV3-30-5	intergenic	intergenic	3593	IGH
igh_219398	219398	IGHV3-64D	intergenic	intergenic	8185	IGH
igh_645471	645471	IGHV3-43D	intergenic	intergenic	8625	IGH
igh_526511	526511	IGHV4-30-4	intergenic	intergenic	2483	IGH
igh_526609	526609	IGHV4-30-4	intergenic	intergenic	2581	IGH
igh_526751	526751	IGHV4-30-4	intergenic	intergenic	2723	IGH
igh_775919	775919	IGHV1-46	intergenic	intergenic	3898	IGH
igh_619108	619108	IGHV4-38-2	intergenic	intergenic	1823	IGH
igh_931333	931333	IGHV3-66	intergenic	intergenic	4053	IGH
igh_683431	683431	IGHV4-39	intergenic	intergenic	839	IGH
igh_810266	810266	IGHV3-49	intergenic	intergenic	7041	IGH
igh_154332	154332	IGHV4-4	intergenic	intergenic	2439	IGH
igh_154388	154388	IGHV4-4	intergenic	intergenic	2495	IGH
igh_154438	154438	IGHV4-4	intergenic	intergenic	2545	IGH
igh_1092963	1092963	IGHV3-74	intergenic	intergenic	21591	IGH
igh_481769	481769	IGHV3-30	intergenic	intergenic	3614	IGH
igh_480049	480049	IGHV4-28	intergenic	intergenic	4982	IGH
igh_1014197	1014197	IGHV1-69D	intergenic	intergenic	8266	IGH
igh_480685	480685	IGHV3-30	intergenic	intergenic	4698	IGH
igh_480936	480936	IGHV3-30	intergenic	intergenic	4447	IGH
igh_481239	481239	IGHV3-30	intergenic	intergenic	4144	IGH
igh_481378	481378	IGHV3-30	intergenic	intergenic	4005	IGH
igh_481728	481728	IGHV3-30	intergenic	intergenic	3655	IGH
igh_481858	481858	IGHV3-30	intergenic	intergenic	3525	IGH
igh_482030	482030	IGHV3-30	intergenic	intergenic	3353	IGH
igh_482325	482325	IGHV3-30	intergenic	intergenic	3058	IGH
igh_482338	482338	IGHV3-30	intergenic	intergenic	3045	IGH
igh_6860	6860	IGHD7-27	intergenic	intergenic	1770	IGH
igh_489786	489786	IGHV3-30	intergenic	intergenic	3831	IGH
igh_619542	619542	IGHV4-38-2	intergenic	intergenic	1389	IGH
igh_1096275	1096275	IGHV3-74	intergenic	intergenic	24903	IGH
igh_451173	451173	IGHV2-26	intergenic	intergenic	525	IGH
igh_453777	453777	IGHV2-26	intergenic	intergenic	1580	IGH
igh_455685	455685	IGHV2-26	intergenic	intergenic	3488	IGH
igh_518491	518491	IGHV4-30-4	intergenic	intergenic	5023	IGH
igh_518760	518760	IGHV4-30-4	intergenic	intergenic	4754	IGH
igh_670798	670798	IGHV1-38-4	intergenic	intergenic	4710	IGH
igh_181154	181154	IGHV2-5	intergenic	intergenic	3292	IGH
igh_186959	186959	IGHV2-5	intergenic	intergenic	9097	IGH
igh_682778	682778	IGHV4-39	intergenic	intergenic	186	IGH
igh_187543	187543	IGHV2-5	intergenic	intergenic	9681	IGH
igh_531036	531036	IGHV3-30-5	intergenic	intergenic	3279	IGH
igh_565310	565310	IGHV3-33	intergenic	intergenic	5714	IGH
igh_618936	618936	IGHV4-38-2	intergenic	intergenic	1995	IGH
igh_600066	600066	IGHV3-38	intergenic	intergenic	9659	IGH
igh_806055	806055	IGHV3-48	intergenic	intergenic	7307	IGH
igh_806224	806224	IGHV3-48	intergenic	intergenic	7476	IGH
igh_5573	5573	IGHD7-27	intergenic	intergenic	483	IGH
igh_481196	481196	IGHV3-30	intergenic	intergenic	4187	IGH
igh_481293	481293	IGHV3-30	intergenic	intergenic	4090	IGH
igh_481449	481449	IGHV3-30	intergenic	intergenic	3934	IGH
igh_481485	481485	IGHV3-30	intergenic	intergenic	3898	IGH
igh_927078	927078	IGHV3-66	intergenic	intergenic	8308	IGH
igh_683477	683477	IGHV4-39	intergenic	intergenic	885	IGH
igh_279128	279128	IGHV3-13	intergenic	intergenic	9555	IGH
igh_279148	279148	IGHV3-13	intergenic	intergenic	9575	IGH
igh_279656	279656	IGHV3-13	intergenic	intergenic	10083	IGH
igh_443996	443996	IGHV3-25	intergenic	intergenic	4095	IGH
igh_541719	541719	IGHV4-31	intergenic	intergenic	6797	IGH
igh_821676	821676	IGHV3-49	intergenic	intergenic	3790	IGH
igh_929793	929793	IGHV3-66	intergenic	intergenic	5593	IGH
igh_1017960	1017960	IGHV1-69D	intergenic	intergenic	4503	IGH
igh_515716	515716	IGHV3-30-3	intergenic	intergenic	5828	IGH
igh_539373	539373	IGHV3-30-5	intergenic	intergenic	4486	IGH
igh_524354	524354	IGHV4-30-4	intergenic	intergenic	326	IGH
igh_445986	445986	IGHV2-26	intergenic	intergenic	5712	IGH
igh_448082	448082	IGHV2-26	intergenic	intergenic	3616	IGH
igh_452290	452290	IGHV2-26	intergenic	intergenic	93	IGH
igh_452774	452774	IGHV2-26	intergenic	intergenic	577	IGH
igh_453492	453492	IGHV2-26	intergenic	intergenic	1295	IGH
igh_453557	453557	IGHV2-26	intergenic	intergenic	1360	IGH
igh_457874	457874	IGHV2-26	intergenic	intergenic	5677	IGH
igh_458250	458250	IGHV2-26	intergenic	intergenic	6053	IGH
igh_458296	458296	IGHV2-26	intergenic	intergenic	6099	IGH
igh_431824	431824	IGHV1-24	intergenic	intergenic	4441	IGH
igh_431893	431893	IGHV1-24	intergenic	intergenic	4510	IGH
igh_478149	478149	IGHV4-28	intergenic	intergenic	3082	IGH
igh_500200	500200	IGHV4-30-2	intergenic	intergenic	103	IGH
igh_542074	542074	IGHV4-31	intergenic	intergenic	6442	IGH
igh_1020065	1020065	IGHV1-69D	intergenic	intergenic	2398	IGH
igh_1020068	1020068	IGHV1-69D	intergenic	intergenic	2395	IGH
igh_1020074	1020074	IGHV1-69D	intergenic	intergenic	2389	IGH
igh_1020082	1020082	IGHV1-69D	intergenic	intergenic	2381	IGH
igh_1020107	1020107	IGHV1-69D	intergenic	intergenic	2356	IGH
igh_1020720	1020720	IGHV1-69D	intergenic	intergenic	1743	IGH
igh_816669	816669	IGHV3-49	intergenic	intergenic	638	IGH
igh_529862	529862	IGHV3-30-5	intergenic	intergenic	4453	IGH
igh_510371	510371	IGHV3-30-3	intergenic	intergenic	483	IGH
igh_494103	494103	IGHV4-30-2	intergenic	intergenic	5483	IGH
igh_1012765	1012765	IGHV1-69D	intergenic	intergenic	9698	IGH
igh_1017449	1017449	IGHV1-69D	intergenic	intergenic	5014	IGH
igh_1013767_1	1013767	IGHV1-69D	intergenic	intergenic	8696	IGH
igh_1018394	1018394	IGHV1-69D	intergenic	intergenic	4069	IGH
igh_499334	499334	IGHV4-30-2	intergenic	intergenic	252	IGH
igh_513690	513690	IGHV3-30-3	intergenic	intergenic	3802	IGH
igh_503871	503871	IGHV4-30-2	intergenic	intergenic	3774	IGH
igh_480268	480268	IGHV3-30	intergenic	intergenic	5115	IGH
igh_871526	871526	IGHV1-58	intergenic	intergenic	11202	IGH
igh_58887	58887	IGHD1-1	intergenic	intergenic	87	IGH
igh_541186	541186	IGHV3-30-5	intergenic	intergenic	6299	IGH
igh_1018911	1018911	IGHV1-69D	intergenic	intergenic	3552	IGH
igh_394910	394910	IGHV3-23	intergenic	intergenic	13154	IGH
igh_1006200	1006200	IGHV1-69-2	intergenic	intergenic	8186	IGH
igh_680300	680300	IGHV4-39	intergenic	intergenic	1780	IGH
igh_744187	744187	IGHV3-43	intergenic	intergenic	12976	IGH
igh_87208	87208	IGHV6-1	intergenic	intergenic	7456	IGH
igh_1021733	1021733	IGHV1-69D	intergenic	intergenic	730	IGH
igh_941457	941457	IGHV3-66	intergenic	intergenic	5502	IGH
igh_1085779	1085779	IGHV3-74	intergenic	intergenic	14407	IGH
igh_1089454	1089454	IGHV3-74	intergenic	intergenic	18082	IGH
igh_1090145	1090145	IGHV3-74	intergenic	intergenic	18773	IGH
igh_1095914	1095914	IGHV3-74	intergenic	intergenic	24542	IGH
igh_1097337	1097337	IGHV3-74	intergenic	intergenic	25965	IGH
igh_1111026	1111026	IGHV7-81	intergenic	intergenic	23926	IGH
igh_57209	57209	IGHD2-2	intergenic	intergenic	824	IGH
igh_524339	524339	IGHV4-30-4	intergenic	intergenic	311	IGH
igh_1105927	1105927	IGHV7-81	intergenic	intergenic	29025	IGH
igh_618924	618924	IGHV4-38-2	intergenic	intergenic	2007	IGH
igh_566989	566989	IGHV4-34	intergenic	intergenic	5905	IGH
igh_1013784	1013784	IGHV1-69D	intergenic	intergenic	8679	IGH
igh_504770	504770	IGHV3-30-3	intergenic	intergenic	4546	IGH
igh_529558	529558	IGHV3-30-5	intergenic	intergenic	4757	IGH
igh_481170	481170	IGHV3-30	intergenic	intergenic	4213	IGH
igh_481217	481217	IGHV3-30	intergenic	intergenic	4166	IGH
igh_481626	481626	IGHV3-30	intergenic	intergenic	3757	IGH
igh_481724	481724	IGHV3-30	intergenic	intergenic	3659	IGH
igh_481773	481773	IGHV3-30	intergenic	intergenic	3610	IGH
igh_482087	482087	IGHV3-30	intergenic	intergenic	3296	IGH
igh_286287	286287	IGHV3-15	intergenic	intergenic	6796	IGH
igh_1021642	1021642	IGHV1-69D	intergenic	intergenic	821	IGH
igh_1021643	1021643	IGHV1-69D	intergenic	intergenic	820	IGH
igh_171291	171291	IGHV2-5	intergenic	intergenic	6072	IGH
igh_530033	530033	IGHV3-30-5	intergenic	intergenic	4282	IGH
igh_692528	692528	IGHV4-39	intergenic	intergenic	9936	IGH
igh_555052	555052	IGHV3-33	intergenic	intergenic	3972	IGH
igh_554240	554240	IGHV3-33	intergenic	intergenic	4784	IGH
igh_526660	526660	IGHV4-30-4	intergenic	intergenic	2632	IGH
igh_526661	526661	IGHV4-30-4	intergenic	intergenic	2633	IGH
igh_53715	53715	IGHD3-3	intergenic	intergenic	116	IGH
igh_973843	973843	IGHV1-69	intergenic	intergenic	1210	IGH
igh_598729	598729	IGHV3-35	intergenic	intergenic	9539	IGH
igh_478972	478972	IGHV4-28	intergenic	intergenic	3905	IGH
igh_187420	187420	IGHV2-5	intergenic	intergenic	9558	IGH
igh_199164	199164	IGHV3-7	intergenic	intergenic	2446	IGH
igh_523262	523262	IGHV4-30-4	intergenic	intergenic	252	IGH
igh_814366	814366	IGHV3-49	intergenic	intergenic	2941	IGH
igh_818759	818759	IGHV3-49	intergenic	intergenic	873	IGH
igh_572190	572190	IGHV4-34	intergenic	intergenic	704	IGH
igh_818635	818635	IGHV3-49	intergenic	intergenic	749	IGH
igh_854488	854488	IGHV3-53	intergenic	intergenic	881	IGH
igh_854594	854594	IGHV3-53	intergenic	intergenic	987	IGH
igh_1018398	1018398	IGHV1-69D	intergenic	intergenic	4065	IGH
igh_1043322	1043322	IGHV3-72	intergenic	intergenic	7741	IGH
igh_519899	519899	IGHV4-30-4	intergenic	intergenic	3615	IGH
igh_520131	520131	IGHV4-30-4	intergenic	intergenic	3383	IGH
igh_520505	520505	IGHV4-30-4	intergenic	intergenic	3009	IGH
igh_1014105	1014105	IGHV1-69D	intergenic	intergenic	8358	IGH
igh_1017958	1017958	IGHV1-69D	intergenic	intergenic	4505	IGH
igh_480869	480869	IGHV3-30	intergenic	intergenic	4514	IGH
igh_543766	543766	IGHV4-31	intergenic	intergenic	4750	IGH
igh_489668	489668	IGHV3-30	intergenic	intergenic	3713	IGH
igh_623051	623051	IGHV4-38-2	intergenic	intergenic	1613	IGH
igh_581327	581327	IGHV3-35	intergenic	intergenic	7296	IGH
igh_585191	585191	IGHV3-35	intergenic	intergenic	3432	IGH
igh_62230	62230	IGHD1-1	intergenic	intergenic	3183	IGH
igh_393908	393908	IGHV3-23	intergenic	intergenic	14156	IGH
igh_460581	460581	IGHV2-26	intergenic	intergenic	8384	IGH
igh_543033	543033	IGHV4-31	intergenic	intergenic	5483	IGH
igh_525480	525480	IGHV4-30-4	intergenic	intergenic	1452	IGH
igh_525927	525927	IGHV4-30-4	intergenic	intergenic	1899	IGH
igh_665014	665014	IGHV3-38-3	intergenic	intergenic	6942	IGH
igh_528734	528734	IGHV4-30-4	intergenic	intergenic	4706	IGH
igh_1013708	1013708	IGHV1-69D	intergenic	intergenic	8755	IGH
igh_690919	690919	IGHV4-39	intergenic	intergenic	8327	IGH
igh_571476	571476	IGHV4-34	intergenic	intergenic	1418	IGH
igh_828633	828633	IGHV5-51	intergenic	intergenic	10480	IGH
igh_1043318	1043318	IGHV3-72	intergenic	intergenic	7745	IGH
igh_543526	543526	IGHV4-31	intergenic	intergenic	4990	IGH
igh_491555	491555	IGHV3-30	intergenic	intergenic	5600	IGH
igh_397440	397440	IGHV3-23	intergenic	intergenic	10624	IGH
igh_721831	721831	IGHV3-43	intergenic	intergenic	8803	IGH
igh_976880	976880	IGHV1-69	intergenic	intergenic	1291	IGH
igh_555740	555740	IGHV3-33	intergenic	intergenic	3284	IGH
igh_533259	533259	IGHV3-30-5	intergenic	intergenic	1056	IGH
igh_530673	530673	IGHV3-30-5	intergenic	intergenic	3642	IGH
igh_530718	530718	IGHV3-30-5	intergenic	intergenic	3597	IGH
igh_682059	682059	IGHV4-39	intergenic	intergenic	21	IGH
igh_288713	288713	IGHV3-15	intergenic	intergenic	4370	IGH
igh_512513	512513	IGHV3-30-3	intergenic	intergenic	2625	IGH
igh_1170613	1170613	IGHV3-9	intergenic	intergenic	2856	IGH
igh_1013296	1013296	IGHV1-69D	intergenic	intergenic	9167	IGH
igh_517392	517392	IGHV4-30-4	intergenic	intergenic	6122	IGH
igh_478766	478766	IGHV4-28	intergenic	intergenic	3699	IGH
igh_444312	444312	IGHV3-25	intergenic	intergenic	4411	IGH
igh_80903	80903	IGHV6-1	intergenic	intergenic	1151	IGH
igh_512164	512164	IGHV3-30-3	intergenic	intergenic	2276	IGH
igh_513365	513365	IGHV3-30-3	intergenic	intergenic	3477	IGH
igh_1009235	1009235	IGHV1-69-2	intergenic	intergenic	11221	IGH
igh_516191	516191	IGHV3-30-3	intergenic	intergenic	6303	IGH
igh_598812	598812	IGHV3-35	intergenic	intergenic	9622	IGH
igh_30830	30830	IGHD1-20	intergenic	intergenic	94	IGH
igh_1013710	1013710	IGHV1-69D	intergenic	intergenic	8753	IGH
igh_515868	515868	IGHV3-30-3	intergenic	intergenic	5980	IGH
igh_759189	759189	IGHV1-45	intergenic	intergenic	8178	IGH
igh_669460	669460	IGHV1-38-4	intergenic	intergenic	6048	IGH
igh_685205	685205	IGHV4-39	intergenic	intergenic	2613	IGH
igh_175646	175646	IGHV2-5	intergenic	intergenic	1717	IGH
igh_176279	176279	IGHV2-5	intergenic	intergenic	1084	IGH
igh_176325	176325	IGHV2-5	intergenic	intergenic	1038	IGH
igh_478494	478494	IGHV4-28	intergenic	intergenic	3427	IGH
igh_478519	478519	IGHV4-28	intergenic	intergenic	3452	IGH
igh_480244	480244	IGHV3-30	intergenic	intergenic	5139	IGH
igh_182348	182348	IGHV2-5	intergenic	intergenic	4486	IGH
igh_183248	183248	IGHV2-5	intergenic	intergenic	5386	IGH
igh_622570	622570	IGHV4-38-2	intergenic	intergenic	1132	IGH
igh_419914	419914	IGHV3-23D	intergenic	intergenic	435	IGH
igh_512897	512897	IGHV3-30-3	intergenic	intergenic	3009	IGH
igh_443225	443225	IGHV3-25	intergenic	intergenic	3324	IGH
igh_552422	552422	IGHV4-31	intergenic	intergenic	3392	IGH
igh_543499	543499	IGHV4-31	intergenic	intergenic	5017	IGH
igh_543531	543531	IGHV4-31	intergenic	intergenic	4985	IGH
igh_443245	443245	IGHV3-25	intergenic	intergenic	3344	IGH
igh_545728	545728	IGHV4-31	intergenic	intergenic	2788	IGH
igh_545750	545750	IGHV4-31	intergenic	intergenic	2766	IGH
igh_546119	546119	IGHV4-31	intergenic	intergenic	2397	IGH
igh_546371	546371	IGHV4-31	intergenic	intergenic	2145	IGH
igh_546737	546737	IGHV4-31	intergenic	intergenic	1779	IGH
igh_546782	546782	IGHV4-31	intergenic	intergenic	1734	IGH
igh_546783	546783	IGHV4-31	intergenic	intergenic	1733	IGH
igh_441256	441256	IGHV3-25	intergenic	intergenic	1355	IGH
igh_529493	529493	IGHV3-30-5	intergenic	intergenic	4822	IGH
igh_396384	396384	IGHV3-23	intergenic	intergenic	11680	IGH
igh_1016607	1016607	IGHV1-69D	intergenic	intergenic	5856	IGH
igh_287305	287305	IGHV3-15	intergenic	intergenic	5778	IGH
igh_287812	287812	IGHV3-15	intergenic	intergenic	5271	IGH
igh_287950	287950	IGHV3-15	intergenic	intergenic	5133	IGH
igh_288318	288318	IGHV3-15	intergenic	intergenic	4765	IGH
igh_288321	288321	IGHV3-15	intergenic	intergenic	4762	IGH
igh_288990	288990	IGHV3-15	intergenic	intergenic	4093	IGH
igh_289445	289445	IGHV3-15	intergenic	intergenic	3638	IGH
igh_290122	290122	IGHV3-15	intergenic	intergenic	2961	IGH
igh_290524	290524	IGHV3-15	intergenic	intergenic	2559	IGH
igh_290674	290674	IGHV3-15	intergenic	intergenic	2409	IGH
igh_291395	291395	IGHV3-15	intergenic	intergenic	1688	IGH
igh_291684	291684	IGHV3-15	intergenic	intergenic	1399	IGH
igh_292073	292073	IGHV3-15	intergenic	intergenic	1010	IGH
igh_292265	292265	IGHV3-15	intergenic	intergenic	818	IGH
igh_292430	292430	IGHV3-15	intergenic	intergenic	653	IGH
igh_292649	292649	IGHV3-15	intergenic	intergenic	434	IGH
igh_292759	292759	IGHV3-15	intergenic	intergenic	324	IGH
igh_292765	292765	IGHV3-15	intergenic	intergenic	318	IGH
igh_292767	292767	IGHV3-15	intergenic	intergenic	316	IGH
igh_292769	292769	IGHV3-15	intergenic	intergenic	314	IGH
igh_292770	292770	IGHV3-15	intergenic	intergenic	313	IGH
igh_292772	292772	IGHV3-15	intergenic	intergenic	311	IGH
igh_292779	292779	IGHV3-15	intergenic	intergenic	304	IGH
igh_292780	292780	IGHV3-15	intergenic	intergenic	303	IGH
igh_292782	292782	IGHV3-15	intergenic	intergenic	301	IGH
igh_292785	292785	IGHV3-15	intergenic	intergenic	298	IGH
igh_292787	292787	IGHV3-15	intergenic	intergenic	296	IGH
igh_292790	292790	IGHV3-15	intergenic	intergenic	293	IGH
igh_292791	292791	IGHV3-15	intergenic	intergenic	292	IGH
igh_292793	292793	IGHV3-15	intergenic	intergenic	290	IGH
igh_292797	292797	IGHV3-15	intergenic	intergenic	286	IGH
igh_292799	292799	IGHV3-15	intergenic	intergenic	284	IGH
igh_292802	292802	IGHV3-15	intergenic	intergenic	281	IGH
igh_292803	292803	IGHV3-15	intergenic	intergenic	280	IGH
igh_292805	292805	IGHV3-15	intergenic	intergenic	278	IGH
igh_292806	292806	IGHV3-15	intergenic	intergenic	277	IGH
igh_294077	294077	IGHV3-15	intergenic	intergenic	413	IGH
igh_294627	294627	IGHV3-15	intergenic	intergenic	963	IGH
igh_296099	296099	IGHV3-15	intergenic	intergenic	2435	IGH
igh_296655	296655	IGHV3-15	intergenic	intergenic	2991	IGH
igh_296726	296726	IGHV3-15	intergenic	intergenic	3062	IGH
igh_297257	297257	IGHV3-15	intergenic	intergenic	3593	IGH
igh_297476	297476	IGHV3-15	intergenic	intergenic	3812	IGH
igh_297596	297596	IGHV3-15	intergenic	intergenic	3932	IGH
igh_297866	297866	IGHV3-15	intergenic	intergenic	4202	IGH
igh_1090436	1090436	IGHV3-74	intergenic	intergenic	19064	IGH
igh_1013474	1013474	IGHV1-69D	intergenic	intergenic	8989	IGH
igh_1020674	1020674	IGHV1-69D	intergenic	intergenic	1789	IGH
igh_529237	529237	IGHV3-30-5	intergenic	intergenic	5078	IGH
igh_538751	538751	IGHV3-30-5	intergenic	intergenic	3864	IGH
igh_680012	680012	IGHV4-39	intergenic	intergenic	2068	IGH
igh_1013537	1013537	IGHV1-69D	intergenic	intergenic	8926	IGH
igh_1013611	1013611	IGHV1-69D	intergenic	intergenic	8852	IGH
igh_1012885	1012885	IGHV1-69D	intergenic	intergenic	9578	IGH
igh_429736	429736	IGHV1-24	intergenic	intergenic	2353	IGH
igh_419697	419697	IGHV3-23D	intergenic	intergenic	218	IGH
igh_420418	420418	IGHV3-23D	intergenic	intergenic	939	IGH
igh_532990	532990	IGHV3-30-5	intergenic	intergenic	1325	IGH
igh_539318	539318	IGHV3-30-5	intergenic	intergenic	4431	IGH
igh_483181	483181	IGHV3-30	intergenic	intergenic	2202	IGH
igh_478490	478490	IGHV4-28	intergenic	intergenic	3423	IGH
igh_480622	480622	IGHV3-30	intergenic	intergenic	4761	IGH
igh_634160	634160	IGHV3-43D	intergenic	intergenic	2111	IGH
igh_638924	638924	IGHV3-43D	intergenic	intergenic	2078	IGH
igh_642435	642435	IGHV3-43D	intergenic	intergenic	5589	IGH
igh_642626	642626	IGHV3-43D	intergenic	intergenic	5780	IGH
igh_1018016	1018016	IGHV1-69D	intergenic	intergenic	4447	IGH
igh_491715	491715	IGHV3-30	intergenic	intergenic	5760	IGH
igh_1019508	1019508	IGHV1-69D	intergenic	intergenic	2955	IGH
igh_1019650	1019650	IGHV1-69D	intergenic	intergenic	2813	IGH
igh_407342	407342	IGHV3-23	intergenic	intergenic	722	IGH
igh_680626	680626	IGHV4-39	intergenic	intergenic	1454	IGH
igh_976995	976995	IGHV1-69	intergenic	intergenic	1406	IGH
igh_1013765	1013765	IGHV1-69D	intergenic	intergenic	8698	IGH
igh_1015875	1015875	IGHV1-69D	intergenic	intergenic	6588	IGH
igh_1015937	1015937	IGHV1-69D	intergenic	intergenic	6526	IGH
igh_1017183	1017183	IGHV1-69D	intergenic	intergenic	5280	IGH
igh_1017217	1017217	IGHV1-69D	intergenic	intergenic	5246	IGH
igh_563858	563858	IGHV3-33	intergenic	intergenic	4262	IGH
igh_509295	509295	IGHV3-30-3	intergenic	intergenic	21	IGH
igh_503983	503983	IGHV4-30-2	intergenic	intergenic	3886	IGH
igh_386106	386106	IGHV3-21	intergenic	intergenic	11011	IGH
igh_541732	541732	IGHV4-31	intergenic	intergenic	6784	IGH
igh_529747	529747	IGHV3-30-5	intergenic	intergenic	4568	IGH
igh_529818	529818	IGHV3-30-5	intergenic	intergenic	4497	IGH
igh_530166	530166	IGHV3-30-5	intergenic	intergenic	4149	IGH
igh_530575	530575	IGHV3-30-5	intergenic	intergenic	3740	IGH
igh_409943	409943	IGHV3-23	intergenic	intergenic	1305	IGH
igh_397979	397979	IGHV3-23	intergenic	intergenic	10085	IGH
igh_547490	547490	IGHV4-31	intergenic	intergenic	1026	IGH
igh_1024107	1024107	IGHV1-69D	intergenic	intergenic	1108	IGH
igh_539378	539378	IGHV3-30-5	intergenic	intergenic	4491	IGH
igh_409163	409163	IGHV3-23	intergenic	intergenic	525	IGH
igh_519321	519321	IGHV4-30-4	intergenic	intergenic	4193	IGH
igh_633796	633796	IGHV3-43D	intergenic	intergenic	2475	IGH
igh_480549	480549	IGHV3-30	intergenic	intergenic	4834	IGH
igh_1013178_1	1013178	IGHV1-69D	intergenic	intergenic	9285	IGH
igh_526019	526019	IGHV4-30-4	intergenic	intergenic	1991	IGH
igh_478836	478836	IGHV4-28	intergenic	intergenic	3769	IGH
igh_554418	554418	IGHV3-33	intergenic	intergenic	4606	IGH
igh_1013860	1013860	IGHV1-69D	intergenic	intergenic	8603	IGH
igh_325075	325075	IGHV1-18	intergenic	intergenic	185	IGH
igh_811448	811448	IGHV3-49	intergenic	intergenic	5859	IGH
igh_378954	378954	IGHV3-21	intergenic	intergenic	3859	IGH
igh_1073592	1073592	IGHV3-74	intergenic	intergenic	2220	IGH
igh_182604	182604	IGHV2-5	intergenic	intergenic	4742	IGH
igh_281606	281606	IGHV3-15	intergenic	intergenic	11477	IGH
igh_480019	480019	IGHV4-28	intergenic	intergenic	4952	IGH
igh_796573	796573	IGHV3-48	intergenic	intergenic	1608	IGH
igh_566224	566224	IGHV3-33	intergenic	intergenic	6628	IGH
igh_517066	517066	IGHV4-30-4	intergenic	intergenic	6448	IGH
igh_554588	554588	IGHV3-33	intergenic	intergenic	4436	IGH
igh_532619	532619	IGHV3-30-5	intergenic	intergenic	1696	IGH
igh_1081946	1081946	IGHV3-74	intergenic	intergenic	10574	IGH
igh_526319	526319	IGHV4-30-4	intergenic	intergenic	2291	IGH
igh_526645	526645	IGHV4-30-4	intergenic	intergenic	2617	IGH
igh_542401	542401	IGHV4-31	intergenic	intergenic	6115	IGH
igh_644900	644900	IGHV3-43D	intergenic	intergenic	8054	IGH
igh_533111	533111	IGHV3-30-5	intergenic	intergenic	1204	IGH
igh_418836	418836	IGHV3-23D	intergenic	intergenic	69	IGH
igh_1024127	1024127	IGHV1-69D	intergenic	intergenic	1128	IGH
igh_1024133	1024133	IGHV1-69D	intergenic	intergenic	1134	IGH
igh_1024209	1024209	IGHV1-69D	intergenic	intergenic	1210	IGH
igh_966440	966440	IGHV1-69	intergenic	intergenic	8613	IGH
igh_1017315	1017315	IGHV1-69D	intergenic	intergenic	5148	IGH
igh_1017505	1017505	IGHV1-69D	intergenic	intergenic	4958	IGH
igh_1012826	1012826	IGHV1-69D	intergenic	intergenic	9637	IGH
igh_1018723	1018723	IGHV1-69D	intergenic	intergenic	3740	IGH
igh_1087630	1087630	IGHV3-74	intergenic	intergenic	16258	IGH
igh_552478	552478	IGHV4-31	intergenic	intergenic	3448	IGH
igh_479738	479738	IGHV4-28	intergenic	intergenic	4671	IGH
igh_420365	420365	IGHV3-23D	intergenic	intergenic	886	IGH
igh_420378	420378	IGHV3-23D	intergenic	intergenic	899	IGH
igh_784320	784320	IGHV1-46	intergenic	intergenic	12299	IGH
igh_486441	486441	IGHV3-30	intergenic	intergenic	486	IGH
igh_1081828	1081828	IGHV3-74	intergenic	intergenic	10456	IGH
igh_442694	442694	IGHV3-25	intergenic	intergenic	2793	IGH
igh_530119	530119	IGHV3-30-5	intergenic	intergenic	4196	IGH
igh_1018126	1018126	IGHV1-69D	intergenic	intergenic	4337	IGH
igh_535387	535387	IGHV3-30-5	intergenic	intergenic	500	IGH
igh_510013	510013	IGHV3-30-3	intergenic	intergenic	125	IGH
igh_510025	510025	IGHV3-30-3	intergenic	intergenic	137	IGH
igh_510031	510031	IGHV3-30-3	intergenic	intergenic	143	IGH
igh_510058	510058	IGHV3-30-3	intergenic	intergenic	170	IGH
igh_510066	510066	IGHV3-30-3	intergenic	intergenic	178	IGH
igh_510136	510136	IGHV3-30-3	intergenic	intergenic	248	IGH
igh_510199_1	510199	IGHV3-30-3	intergenic	intergenic	311	IGH
igh_510227	510227	IGHV3-30-3	intergenic	intergenic	339	IGH
igh_510229	510229	IGHV3-30-3	intergenic	intergenic	341	IGH
igh_510240	510240	IGHV3-30-3	intergenic	intergenic	352	IGH
igh_510260	510260	IGHV3-30-3	intergenic	intergenic	372	IGH
igh_510347	510347	IGHV3-30-3	intergenic	intergenic	459	IGH
igh_553981	553981	IGHV4-31	intergenic	intergenic	4951	IGH
igh_540572	540572	IGHV3-30-5	intergenic	intergenic	5685	IGH
igh_492841	492841	IGHV4-30-2	intergenic	intergenic	6745	IGH
igh_633925	633925	IGHV3-43D	intergenic	intergenic	2346	IGH
igh_634777	634777	IGHV3-43D	intergenic	intergenic	1494	IGH
igh_636024	636024	IGHV3-43D	intergenic	intergenic	247	IGH
igh_638630	638630	IGHV3-43D	intergenic	intergenic	1784	IGH
igh_639664	639664	IGHV3-43D	intergenic	intergenic	2818	IGH
igh_521541	521541	IGHV4-30-4	intergenic	intergenic	1973	IGH
igh_521600	521600	IGHV4-30-4	intergenic	intergenic	1914	IGH
igh_1021868	1021868	IGHV1-69D	intergenic	intergenic	595	IGH
igh_564095	564095	IGHV3-33	intergenic	intergenic	4499	IGH
igh_507538	507538	IGHV3-30-3	intergenic	intergenic	1778	IGH
igh_507563	507563	IGHV3-30-3	intergenic	intergenic	1753	IGH
igh_507673	507673	IGHV3-30-3	intergenic	intergenic	1643	IGH
igh_507962	507962	IGHV3-30-3	intergenic	intergenic	1354	IGH
igh_507964	507964	IGHV3-30-3	intergenic	intergenic	1352	IGH
igh_508315	508315	IGHV3-30-3	intergenic	intergenic	1001	IGH
igh_508338	508338	IGHV3-30-3	intergenic	intergenic	978	IGH
igh_508339	508339	IGHV3-30-3	intergenic	intergenic	977	IGH
igh_816689	816689	IGHV3-49	intergenic	intergenic	618	IGH
igh_816690	816690	IGHV3-49	intergenic	intergenic	617	IGH
igh_526928	526928	IGHV4-30-4	intergenic	intergenic	2900	IGH
igh_527001	527001	IGHV4-30-4	intergenic	intergenic	2973	IGH
igh_527059	527059	IGHV4-30-4	intergenic	intergenic	3031	IGH
igh_123116	123116	IGHV1-2	intergenic	intergenic	2927	IGH
igh_560919	560919	IGHV3-33	intergenic	intergenic	1323	IGH
igh_601189	601189	IGHV3-38	intergenic	intergenic	8536	IGH
igh_601190	601190	IGHV3-38	intergenic	intergenic	8535	IGH
igh_965236	965236	IGHV1-69	intergenic	intergenic	9817	IGH
igh_520083	520083	IGHV4-30-4	intergenic	intergenic	3431	IGH
igh_520796	520796	IGHV4-30-4	intergenic	intergenic	2718	IGH
igh_1170661	1170661	IGHV3-9	intergenic	intergenic	2808	IGH
igh_480275	480275	IGHV3-30	intergenic	intergenic	5108	IGH
igh_1018660	1018660	IGHV1-69D	intergenic	intergenic	3803	IGH
igh_561902	561902	IGHV3-33	intergenic	intergenic	2306	IGH
igh_966499	966499	IGHV1-69	intergenic	intergenic	8554	IGH
igh_507428	507428	IGHV3-30-3	intergenic	intergenic	1888	IGH
igh_507524	507524	IGHV3-30-3	intergenic	intergenic	1792	IGH
igh_1016287	1016287	IGHV1-69D	intergenic	intergenic	6176	IGH
igh_447520	447520	IGHV2-26	intergenic	intergenic	4178	IGH
igh_625514	625514	IGHV4-38-2	intergenic	intergenic	4076	IGH
igh_565343	565343	IGHV3-33	intergenic	intergenic	5747	IGH
igh_21515	21515	IGHD6-25	intergenic	intergenic	430	IGH
igh_1000160	1000160	IGHV1-69-2	intergenic	intergenic	2146	IGH
igh_1000188	1000188	IGHV1-69-2	intergenic	intergenic	2174	IGH
igh_1000197	1000197	IGHV1-69-2	intergenic	intergenic	2183	IGH
igh_1000200	1000200	IGHV1-69-2	intergenic	intergenic	2186	IGH
igh_540599	540599	IGHV3-30-5	intergenic	intergenic	5712	IGH
igh_572469	572469	IGHV4-34	intergenic	intergenic	425	IGH
igh_565572	565572	IGHV3-33	intergenic	intergenic	5976	IGH
igh_565573	565573	IGHV3-33	intergenic	intergenic	5977	IGH
igh_531288	531288	IGHV3-30-5	intergenic	intergenic	3027	IGH
igh_414382	414382	IGHV3-23D	intergenic	intergenic	4523	IGH
igh_1013178	1013178	IGHV1-69D	intergenic	intergenic	9285	IGH
igh_1013961	1013961	IGHV1-69D	intergenic	intergenic	8502	IGH
igh_503396	503396	IGHV4-30-2	intergenic	intergenic	3299	IGH
igh_1022262	1022262	IGHV1-69D	intergenic	intergenic	201	IGH
igh_558659	558659	IGHV3-33	intergenic	intergenic	365	IGH
igh_971081	971081	IGHV1-69	intergenic	intergenic	3972	IGH
igh_816666	816666	IGHV3-49	intergenic	intergenic	641	IGH
igh_529217	529217	IGHV3-30-5	intergenic	intergenic	5098	IGH
igh_507234	507234	IGHV3-30-3	intergenic	intergenic	2082	IGH
igh_527942	527942	IGHV4-30-4	intergenic	intergenic	3914	IGH
igh_527950	527950	IGHV4-30-4	intergenic	intergenic	3922	IGH
igh_527970	527970	IGHV4-30-4	intergenic	intergenic	3942	IGH
igh_527983	527983	IGHV4-30-4	intergenic	intergenic	3955	IGH
igh_527996	527996	IGHV4-30-4	intergenic	intergenic	3968	IGH
igh_528007	528007	IGHV4-30-4	intergenic	intergenic	3979	IGH
igh_528018	528018	IGHV4-30-4	intergenic	intergenic	3990	IGH
igh_505585	505585	IGHV3-30-3	intergenic	intergenic	3731	IGH
igh_680333	680333	IGHV4-39	intergenic	intergenic	1747	IGH
igh_532889	532889	IGHV3-30-5	intergenic	intergenic	1426	IGH
igh_1013999	1013999	IGHV1-69D	intergenic	intergenic	8464	IGH
igh_1014014	1014014	IGHV1-69D	intergenic	intergenic	8449	IGH
igh_1013117	1013117	IGHV1-69D	intergenic	intergenic	9346	IGH
igh_53266	53266	IGHD4-4	intergenic	intergenic	500	IGH
igh_53385	53385	IGHD3-3	intergenic	intergenic	446	IGH
igh_49038	49038	IGHD1-7	intergenic	intergenic	341	IGH
igh_1012620	1012620	IGHV1-69D	intergenic	intergenic	9843	IGH
igh_1011636	1011636	IGHV1-69D	intergenic	intergenic	10827	IGH
igh_409592	409592	IGHV3-23	intergenic	intergenic	954	IGH
igh_554277	554277	IGHV3-33	intergenic	intergenic	4747	IGH
igh_522417	522417	IGHV4-30-4	intergenic	intergenic	1097	IGH
igh_1083184	1083184	IGHV3-74	intergenic	intergenic	11812	IGH
igh_843182	843182	IGHV8-51-1	intergenic	intergenic	690	IGH
igh_527778	527778	IGHV4-30-4	intergenic	intergenic	3750	IGH
igh_509286	509286	IGHV3-30-3	intergenic	intergenic	30	IGH
igh_418884	418884	IGHV3-23D	intergenic	intergenic	21	IGH
igh_1095729	1095729	IGHV3-74	intergenic	intergenic	24357	IGH
igh_1097480	1097480	IGHV3-74	intergenic	intergenic	26108	IGH
igh_1098341	1098341	IGHV3-74	intergenic	intergenic	26969	IGH
igh_1099041	1099041	IGHV3-74	intergenic	intergenic	27669	IGH
igh_1101275	1101275	IGHV3-74	intergenic	intergenic	29903	IGH
igh_1104221	1104221	IGHV7-81	intergenic	intergenic	30731	IGH
igh_1011160	1011160	IGHV1-69D	intergenic	intergenic	11303	IGH
igh_50284	50284	IGHD6-6	intergenic	intergenic	328	IGH
igh_500177	500177	IGHV4-30-2	intergenic	intergenic	80	IGH
igh_538380	538380	IGHV3-30-5	intergenic	intergenic	3493	IGH
igh_1018931	1018931	IGHV1-69D	intergenic	intergenic	3532	IGH
igh_680405	680405	IGHV4-39	intergenic	intergenic	1675	IGH
igh_523458	523458	IGHV4-30-4	intergenic	intergenic	56	IGH
igh_523482	523482	IGHV4-30-4	intergenic	intergenic	32	IGH
igh_502714	502714	IGHV4-30-2	intergenic	intergenic	2617	IGH
igh_1018465	1018465	IGHV1-69D	intergenic	intergenic	3998	IGH
igh_513879	513879	IGHV3-30-3	intergenic	intergenic	3991	IGH
igh_547628	547628	IGHV4-31	intergenic	intergenic	888	IGH
igh_1016246	1016246	IGHV1-69D	intergenic	intergenic	6217	IGH
igh_554225	554225	IGHV3-33	intergenic	intergenic	4799	IGH
igh_531414	531414	IGHV3-30-5	intergenic	intergenic	2901	IGH
igh_531421	531421	IGHV3-30-5	intergenic	intergenic	2894	IGH
igh_531464	531464	IGHV3-30-5	intergenic	intergenic	2851	IGH
igh_1024218	1024218	IGHV1-69D	intergenic	intergenic	1219	IGH
igh_480570	480570	IGHV3-30	intergenic	intergenic	4813	IGH
igh_1013828	1013828	IGHV1-69D	intergenic	intergenic	8635	IGH
igh_530589	530589	IGHV3-30-5	intergenic	intergenic	3726	IGH
igh_527630	527630	IGHV4-30-4	intergenic	intergenic	3602	IGH
igh_527640	527640	IGHV4-30-4	intergenic	intergenic	3612	IGH
igh_527645	527645	IGHV4-30-4	intergenic	intergenic	3617	IGH
igh_526456	526456	IGHV4-30-4	intergenic	intergenic	2428	IGH
igh_526486	526486	IGHV4-30-4	intergenic	intergenic	2458	IGH
igh_526492	526492	IGHV4-30-4	intergenic	intergenic	2464	IGH
igh_526800	526800	IGHV4-30-4	intergenic	intergenic	2772	IGH
igh_526980	526980	IGHV4-30-4	intergenic	intergenic	2952	IGH
igh_527014	527014	IGHV4-30-4	intergenic	intergenic	2986	IGH
igh_524176	524176	IGHV4-30-4	intergenic	intergenic	148	IGH
igh_524905	524905	IGHV4-30-4	intergenic	intergenic	877	IGH
igh_1006024	1006024	IGHV1-69-2	intergenic	intergenic	8010	IGH
igh_506162	506162	IGHV3-30-3	intergenic	intergenic	3154	IGH
igh_552308	552308	IGHV4-31	intergenic	intergenic	3278	IGH
igh_529499	529499	IGHV3-30-5	intergenic	intergenic	4816	IGH
igh_478717	478717	IGHV4-28	intergenic	intergenic	3650	IGH
igh_49996	49996	IGHD6-6	intergenic	intergenic	40	IGH
igh_50267	50267	IGHD6-6	intergenic	intergenic	311	IGH
igh_50510	50510	IGHD6-6	intergenic	intergenic	554	IGH
igh_51178	51178	IGHD5-5	intergenic	intergenic	551	IGH
igh_1013239	1013239	IGHV1-69D	intergenic	intergenic	9224	IGH
igh_505205	505205	IGHV3-30-3	intergenic	intergenic	4111	IGH
igh_568321	568321	IGHV4-34	intergenic	intergenic	4573	IGH
igh_627622	627622	IGHV4-38-2	intergenic	intergenic	6184	IGH
igh_1004924	1004924	IGHV1-69-2	intergenic	intergenic	6910	IGH
igh_567261	567261	IGHV4-34	intergenic	intergenic	5633	IGH
igh_815241	815241	IGHV3-49	intergenic	intergenic	2066	IGH
igh_817020	817020	IGHV3-49	intergenic	intergenic	287	IGH
igh_1014504	1014504	IGHV1-69D	intergenic	intergenic	7959	IGH
igh_554758	554758	IGHV3-33	intergenic	intergenic	4266	IGH
igh_554815	554815	IGHV3-33	intergenic	intergenic	4209	IGH
igh_595395	595395	IGHV3-35	intergenic	intergenic	6205	IGH
igh_1012926	1012926	IGHV1-69D	intergenic	intergenic	9537	IGH
igh_414693	414693	IGHV3-23D	intergenic	intergenic	4212	IGH
igh_503553	503553	IGHV4-30-2	intergenic	intergenic	3456	IGH
igh_82487	82487	IGHV6-1	intergenic	intergenic	2735	IGH
igh_44246	44246	IGHD3-9	intergenic	intergenic	6	IGH
igh_523346	523346	IGHV4-30-4	intergenic	intergenic	168	IGH
igh_806140	806140	IGHV3-48	intergenic	intergenic	7392	IGH
igh_807634	807634	IGHV3-48	intergenic	intergenic	8886	IGH
igh_1109737	1109737	IGHV7-81	intergenic	intergenic	25215	IGH
igh_680228	680228	IGHV4-39	intergenic	intergenic	1852	IGH
igh_680268	680268	IGHV4-39	intergenic	intergenic	1812	IGH
igh_478667	478667	IGHV4-28	intergenic	intergenic	3600	IGH
igh_985985	985985	IGHV2-70D	intergenic	intergenic	1541	IGH
igh_218521	218521	IGHV3-64D	intergenic	intergenic	9062	IGH
igh_218556	218556	IGHV3-64D	intergenic	intergenic	9027	IGH
igh_218588	218588	IGHV3-64D	intergenic	intergenic	8995	IGH
igh_218624	218624	IGHV3-64D	intergenic	intergenic	8959	IGH
igh_218638	218638	IGHV3-64D	intergenic	intergenic	8945	IGH
igh_218644	218644	IGHV3-64D	intergenic	intergenic	8939	IGH
igh_218729	218729	IGHV3-64D	intergenic	intergenic	8854	IGH
igh_218816	218816	IGHV3-64D	intergenic	intergenic	8767	IGH
igh_218938	218938	IGHV3-64D	intergenic	intergenic	8645	IGH
igh_218944	218944	IGHV3-64D	intergenic	intergenic	8639	IGH
igh_218979	218979	IGHV3-64D	intergenic	intergenic	8604	IGH
igh_218980	218980	IGHV3-64D	intergenic	intergenic	8603	IGH
igh_218998	218998	IGHV3-64D	intergenic	intergenic	8585	IGH
igh_219003	219003	IGHV3-64D	intergenic	intergenic	8580	IGH
igh_219007	219007	IGHV3-64D	intergenic	intergenic	8576	IGH
igh_219009	219009	IGHV3-64D	intergenic	intergenic	8574	IGH
igh_219044	219044	IGHV3-64D	intergenic	intergenic	8539	IGH
igh_219054	219054	IGHV3-64D	intergenic	intergenic	8529	IGH
igh_219056	219056	IGHV3-64D	intergenic	intergenic	8527	IGH
igh_219088	219088	IGHV3-64D	intergenic	intergenic	8495	IGH
igh_219101	219101	IGHV3-64D	intergenic	intergenic	8482	IGH
igh_219134	219134	IGHV3-64D	intergenic	intergenic	8449	IGH
igh_219149	219149	IGHV3-64D	intergenic	intergenic	8434	IGH
igh_219154	219154	IGHV3-64D	intergenic	intergenic	8429	IGH
igh_219158	219158	IGHV3-64D	intergenic	intergenic	8425	IGH
igh_219195	219195	IGHV3-64D	intergenic	intergenic	8388	IGH
igh_219274	219274	IGHV3-64D	intergenic	intergenic	8309	IGH
igh_478715	478715	IGHV4-28	intergenic	intergenic	3648	IGH
igh_978060	978060	IGHV1-69	intergenic	intergenic	2471	IGH
igh_398341	398341	IGHV3-23	intergenic	intergenic	9723	IGH
igh_399059	399059	IGHV3-23	intergenic	intergenic	9005	IGH
igh_518684	518684	IGHV4-30-4	intergenic	intergenic	4830	IGH
igh_478668	478668	IGHV4-28	intergenic	intergenic	3601	IGH
igh_450477	450477	IGHV2-26	intergenic	intergenic	1221	IGH
igh_1163269	1163269	IGHV1-8	intergenic	intergenic	2475	IGH
igh_622189	622189	IGHV4-38-2	intergenic	intergenic	751	IGH
igh_1012940	1012940	IGHV1-69D	intergenic	intergenic	9523	IGH
igh_505606	505606	IGHV3-30-3	intergenic	intergenic	3710	IGH
igh_564758	564758	IGHV3-33	intergenic	intergenic	5162	IGH
igh_530802	530802	IGHV3-30-5	intergenic	intergenic	3513	IGH
igh_525751	525751	IGHV4-30-4	intergenic	intergenic	1723	IGH
igh_525943	525943	IGHV4-30-4	intergenic	intergenic	1915	IGH
igh_525991	525991	IGHV4-30-4	intergenic	intergenic	1963	IGH
igh_525992	525992	IGHV4-30-4	intergenic	intergenic	1964	IGH
igh_526004	526004	IGHV4-30-4	intergenic	intergenic	1976	IGH
igh_526077	526077	IGHV4-30-4	intergenic	intergenic	2049	IGH
igh_526240	526240	IGHV4-30-4	intergenic	intergenic	2212	IGH
igh_527158	527158	IGHV4-30-4	intergenic	intergenic	3130	IGH
igh_527174	527174	IGHV4-30-4	intergenic	intergenic	3146	IGH
igh_598733	598733	IGHV3-35	intergenic	intergenic	9543	IGH
igh_680956	680956	IGHV4-39	intergenic	intergenic	1124	IGH
igh_21507	21507	IGHD6-25	intergenic	intergenic	422	IGH
igh_679367	679367	IGHV4-39	intergenic	intergenic	2713	IGH
igh_50276	50276	IGHD6-6	intergenic	intergenic	320	IGH
igh_50296	50296	IGHD6-6	intergenic	intergenic	340	IGH
igh_50520	50520	IGHD6-6	intergenic	intergenic	564	IGH
igh_50522	50522	IGHD6-6	intergenic	intergenic	566	IGH
igh_45521	45521	IGHD2-8	intergenic	intergenic	1162	IGH
igh_441981	441981	IGHV3-25	intergenic	intergenic	2080	IGH
igh_174376	174376	IGHV2-5	intergenic	intergenic	2987	IGH
igh_174388	174388	IGHV2-5	intergenic	intergenic	2975	IGH
igh_438499	438499	IGHV3-25	intergenic	intergenic	830	IGH
igh_615560	615560	IGHV3-38	intergenic	intergenic	5262	IGH
igh_531785	531785	IGHV3-30-5	intergenic	intergenic	2530	IGH
igh_531838_1	531838	IGHV3-30-5	intergenic	intergenic	2477	IGH
igh_529193	529193	IGHV3-30-5	intergenic	intergenic	5122	IGH
igh_679864	679864	IGHV4-39	intergenic	intergenic	2216	IGH
igh_1013296_1	1013296	IGHV1-69D	intergenic	intergenic	9167	IGH
igh_742580	742580	IGHV3-43	intergenic	intergenic	11369	IGH
igh_64980	64980	IGHD1-1	intergenic	intergenic	5933	IGH
igh_65316	65316	IGHD1-1	intergenic	intergenic	6269	IGH
igh_50801	50801	IGHD6-6	intergenic	intergenic	845	IGH
igh_52373	52373	IGHD4-4	intergenic	intergenic	321	IGH
igh_816686	816686	IGHV3-49	intergenic	intergenic	621	IGH
igh_65527	65527	IGHD1-1	intergenic	intergenic	6480	IGH
igh_528404	528404	IGHV4-30-4	intergenic	intergenic	4376	IGH
igh_1073485	1073485	IGHV3-74	intergenic	intergenic	2113	IGH
igh_1014167	1014167	IGHV1-69D	intergenic	intergenic	8296	IGH
igh_534285	534285	IGHV3-30-5	intergenic	intergenic	30	IGH
igh_536395	536395	IGHV3-30-5	intergenic	intergenic	1508	IGH
igh_510682	510682	IGHV3-30-3	intergenic	intergenic	794	IGH
igh_510747	510747	IGHV3-30-3	intergenic	intergenic	859	IGH
igh_510791	510791	IGHV3-30-3	intergenic	intergenic	903	IGH
igh_510865	510865	IGHV3-30-3	intergenic	intergenic	977	IGH
igh_510869	510869	IGHV3-30-3	intergenic	intergenic	981	IGH
igh_510892	510892	IGHV3-30-3	intergenic	intergenic	1004	IGH
igh_510961	510961	IGHV3-30-3	intergenic	intergenic	1073	IGH
igh_511008	511008	IGHV3-30-3	intergenic	intergenic	1120	IGH
igh_511026	511026	IGHV3-30-3	intergenic	intergenic	1138	IGH
igh_511064	511064	IGHV3-30-3	intergenic	intergenic	1176	IGH
igh_511068	511068	IGHV3-30-3	intergenic	intergenic	1180	IGH
igh_511071	511071	IGHV3-30-3	intergenic	intergenic	1183	IGH
igh_511170	511170	IGHV3-30-3	intergenic	intergenic	1282	IGH
igh_511192	511192	IGHV3-30-3	intergenic	intergenic	1304	IGH
igh_511197	511197	IGHV3-30-3	intergenic	intergenic	1309	IGH
igh_511248	511248	IGHV3-30-3	intergenic	intergenic	1360	IGH
igh_511251	511251	IGHV3-30-3	intergenic	intergenic	1363	IGH
igh_511264	511264	IGHV3-30-3	intergenic	intergenic	1376	IGH
igh_511276	511276	IGHV3-30-3	intergenic	intergenic	1388	IGH
igh_511472	511472	IGHV3-30-3	intergenic	intergenic	1584	IGH
igh_511371	511371	IGHV3-30-3	intergenic	intergenic	1483	IGH
igh_511428	511428	IGHV3-30-3	intergenic	intergenic	1540	IGH
igh_511587	511587	IGHV3-30-3	intergenic	intergenic	1699	IGH
igh_511681	511681	IGHV3-30-3	intergenic	intergenic	1793	IGH
igh_511994	511994	IGHV3-30-3	intergenic	intergenic	2106	IGH
igh_512011	512011	IGHV3-30-3	intergenic	intergenic	2123	IGH
igh_512062	512062	IGHV3-30-3	intergenic	intergenic	2174	IGH
igh_512134	512134	IGHV3-30-3	intergenic	intergenic	2246	IGH
igh_512352	512352	IGHV3-30-3	intergenic	intergenic	2464	IGH
igh_512364	512364	IGHV3-30-3	intergenic	intergenic	2476	IGH
igh_51436	51436	IGHD5-5	intergenic	intergenic	293	IGH
igh_1013768	1013768	IGHV1-69D	intergenic	intergenic	8695	IGH
igh_1143151	1143151	IGHV7-81	intergenic	intergenic	7669	IGH
igh_1018199	1018199	IGHV1-69D	intergenic	intergenic	4264	IGH
igh_679924	679924	IGHV4-39	intergenic	intergenic	2156	IGH
igh_543245	543245	IGHV4-31	intergenic	intergenic	5271	IGH
igh_543621	543621	IGHV4-31	intergenic	intergenic	4895	IGH
igh_437973	437973	IGHV3-25	intergenic	intergenic	1356	IGH
igh_681126	681126	IGHV4-39	intergenic	intergenic	954	IGH
igh_529634	529634	IGHV3-30-5	intergenic	intergenic	4681	IGH
igh_533518	533518	IGHV3-30-5	intergenic	intergenic	797	IGH
igh_533640	533640	IGHV3-30-5	intergenic	intergenic	675	IGH
igh_1118055	1118055	IGHV7-81	intergenic	intergenic	16897	IGH
igh_480013	480013	IGHV4-28	intergenic	intergenic	4946	IGH
igh_1007658	1007658	IGHV1-69-2	intergenic	intergenic	9644	IGH
igh_1007668	1007668	IGHV1-69-2	intergenic	intergenic	9654	IGH
igh_1007745	1007745	IGHV1-69-2	intergenic	intergenic	9731	IGH
igh_206981	206981	IGHV3-7	intergenic	intergenic	4800	IGH
igh_680756	680756	IGHV4-39	intergenic	intergenic	1324	IGH
igh_1019204	1019204	IGHV1-69D	intergenic	intergenic	3259	IGH
igh_555366	555366	IGHV3-33	intergenic	intergenic	3658	IGH
igh_555379	555379	IGHV3-33	intergenic	intergenic	3645	IGH
igh_555408	555408	IGHV3-33	intergenic	intergenic	3616	IGH
igh_555441	555441	IGHV3-33	intergenic	intergenic	3583	IGH
igh_523286	523286	IGHV4-30-4	intergenic	intergenic	228	IGH
igh_971085	971085	IGHV1-69	intergenic	intergenic	3968	IGH
igh_516763	516763	IGHV4-30-4	intergenic	intergenic	6751	IGH
igh_542279	542279	IGHV4-31	intergenic	intergenic	6237	IGH
igh_492824	492824	IGHV4-30-2	intergenic	intergenic	6762	IGH
igh_367088	367088	IGHV3-21	intergenic	intergenic	7435	IGH
igh_367235	367235	IGHV3-21	intergenic	intergenic	7288	IGH
igh_367970	367970	IGHV3-21	intergenic	intergenic	6553	IGH
igh_368270	368270	IGHV3-21	intergenic	intergenic	6253	IGH
igh_368480	368480	IGHV3-21	intergenic	intergenic	6043	IGH
igh_370876	370876	IGHV3-21	intergenic	intergenic	3647	IGH
igh_370978	370978	IGHV3-21	intergenic	intergenic	3545	IGH
igh_371237	371237	IGHV3-21	intergenic	intergenic	3286	IGH
igh_371358	371358	IGHV3-21	intergenic	intergenic	3165	IGH
igh_372097	372097	IGHV3-21	intergenic	intergenic	2426	IGH
igh_372750	372750	IGHV3-21	intergenic	intergenic	1773	IGH
igh_373765	373765	IGHV3-21	intergenic	intergenic	758	IGH
igh_374112	374112	IGHV3-21	intergenic	intergenic	411	IGH
igh_375772	375772	IGHV3-21	intergenic	intergenic	677	IGH
igh_376127	376127	IGHV3-21	intergenic	intergenic	1032	IGH
igh_531838	531838	IGHV3-30-5	intergenic	intergenic	2477	IGH
igh_528064	528064	IGHV4-30-4	intergenic	intergenic	4036	IGH
igh_528219	528219	IGHV4-30-4	intergenic	intergenic	4191	IGH
igh_528259	528259	IGHV4-30-4	intergenic	intergenic	4231	IGH
igh_528288	528288	IGHV4-30-4	intergenic	intergenic	4260	IGH
igh_528433	528433	IGHV4-30-4	intergenic	intergenic	4405	IGH
igh_528588	528588	IGHV4-30-4	intergenic	intergenic	4560	IGH
igh_528589	528589	IGHV4-30-4	intergenic	intergenic	4561	IGH
igh_528617	528617	IGHV4-30-4	intergenic	intergenic	4589	IGH
igh_524487	524487	IGHV4-30-4	intergenic	intergenic	459	IGH
igh_524538	524538	IGHV4-30-4	intergenic	intergenic	510	IGH
igh_524645	524645	IGHV4-30-4	intergenic	intergenic	617	IGH
igh_816532	816532	IGHV3-49	intergenic	intergenic	775	IGH
igh_418337	418337	IGHV3-23D	intergenic	intergenic	568	IGH
igh_816676	816676	IGHV3-49	intergenic	intergenic	631	IGH
igh_519811	519811	IGHV4-30-4	intergenic	intergenic	3703	IGH
igh_520480	520480	IGHV4-30-4	intergenic	intergenic	3034	IGH
igh_533890	533890	IGHV3-30-5	intergenic	intergenic	425	IGH
igh_804144	804144	IGHV3-48	intergenic	intergenic	5396	IGH
igh_524331	524331	IGHV4-30-4	intergenic	intergenic	303	IGH
igh_524932	524932	IGHV4-30-4	intergenic	intergenic	904	IGH
igh_597399	597399	IGHV3-35	intergenic	intergenic	8209	IGH
igh_552607	552607	IGHV4-31	intergenic	intergenic	3577	IGH
igh_532385	532385	IGHV3-30-5	intergenic	intergenic	1930	IGH
igh_532434	532434	IGHV3-30-5	intergenic	intergenic	1881	IGH
igh_552917	552917	IGHV4-31	intergenic	intergenic	3887	IGH
igh_531061	531061	IGHV3-30-5	intergenic	intergenic	3254	IGH
igh_1013353	1013353	IGHV1-69D	intergenic	intergenic	9110	IGH
igh_680771	680771	IGHV4-39	intergenic	intergenic	1309	IGH
igh_737918	737918	IGHV3-43	intergenic	intergenic	6707	IGH
igh_1138958	1138958	IGHV7-81	intergenic	intergenic	3476	IGH
igh_525971	525971	IGHV4-30-4	intergenic	intergenic	1943	IGH
igh_63159	63159	IGHD1-1	intergenic	intergenic	4112	IGH
igh_68947	68947	IGHD1-1	intergenic	intergenic	9900	IGH
igh_518981	518981	IGHV4-30-4	intergenic	intergenic	4533	IGH
igh_1018977	1018977	IGHV1-69D	intergenic	intergenic	3486	IGH
igh_532844	532844	IGHV3-30-5	intergenic	intergenic	1471	IGH
igh_621892	621892	IGHV4-38-2	intergenic	intergenic	454	IGH
igh_514434	514434	IGHV3-30-3	intergenic	intergenic	4546	IGH
igh_514570	514570	IGHV3-30-3	intergenic	intergenic	4682	IGH
igh_515146	515146	IGHV3-30-3	intergenic	intergenic	5258	IGH
igh_515148	515148	IGHV3-30-3	intergenic	intergenic	5260	IGH
igh_515187	515187	IGHV3-30-3	intergenic	intergenic	5299	IGH
igh_515546	515546	IGHV3-30-3	intergenic	intergenic	5658	IGH
igh_515635	515635	IGHV3-30-3	intergenic	intergenic	5747	IGH
igh_533282	533282	IGHV3-30-5	intergenic	intergenic	1033	IGH
igh_558175	558175	IGHV3-33	intergenic	intergenic	849	IGH
igh_16908	16908	IGHD1-26	intergenic	intergenic	3598	IGH
igh_50618	50618	IGHD6-6	intergenic	intergenic	662	IGH
igh_50631	50631	IGHD6-6	intergenic	intergenic	675	IGH
igh_567787	567787	IGHV4-34	intergenic	intergenic	5107	IGH
igh_554208	554208	IGHV3-33	intergenic	intergenic	4816	IGH
igh_1015893	1015893	IGHV1-69D	intergenic	intergenic	6570	IGH
igh_403546	403546	IGHV3-23	intergenic	intergenic	4518	IGH
igh_816783	816783	IGHV3-49	intergenic	intergenic	524	IGH
igh_820573	820573	IGHV3-49	intergenic	intergenic	2687	IGH
igh_827488	827488	IGHV3-49	intergenic	intergenic	9602	IGH
igh_828176	828176	IGHV3-49	intergenic	intergenic	10290	IGH
igh_511211	511211	IGHV3-30-3	intergenic	intergenic	1323	IGH
igh_508467	508467	IGHV3-30-3	intergenic	intergenic	849	IGH
igh_510409	510409	IGHV3-30-3	intergenic	intergenic	521	IGH
igh_544004	544004	IGHV4-31	intergenic	intergenic	4512	IGH
igh_1013357	1013357	IGHV1-69D	intergenic	intergenic	9106	IGH
igh_532790	532790	IGHV3-30-5	intergenic	intergenic	1525	IGH
igh_532852	532852	IGHV3-30-5	intergenic	intergenic	1463	IGH
igh_532876	532876	IGHV3-30-5	intergenic	intergenic	1439	IGH
igh_532922	532922	IGHV3-30-5	intergenic	intergenic	1393	IGH
igh_533091	533091	IGHV3-30-5	intergenic	intergenic	1224	IGH
igh_533136	533136	IGHV3-30-5	intergenic	intergenic	1179	IGH
igh_533224	533224	IGHV3-30-5	intergenic	intergenic	1091	IGH
igh_170782	170782	IGHV7-4-1	intergenic	intergenic	5646	IGH
igh_479959	479959	IGHV4-28	intergenic	intergenic	4892	IGH
igh_442413	442413	IGHV3-25	intergenic	intergenic	2512	IGH
igh_547473	547473	IGHV4-31	intergenic	intergenic	1043	IGH
igh_553747	553747	IGHV4-31	intergenic	intergenic	4717	IGH
igh_553975	553975	IGHV4-31	intergenic	intergenic	4945	IGH
igh_554078	554078	IGHV3-33	intergenic	intergenic	4946	IGH
igh_1016907	1016907	IGHV1-69D	intergenic	intergenic	5556	IGH
igh_532361	532361	IGHV3-30-5	intergenic	intergenic	1954	IGH
igh_50498	50498	IGHD6-6	intergenic	intergenic	542	IGH
igh_50500	50500	IGHD6-6	intergenic	intergenic	544	IGH
igh_816658	816658	IGHV3-49	intergenic	intergenic	649	IGH
igh_522320	522320	IGHV4-30-4	intergenic	intergenic	1194	IGH
igh_392767	392767	IGHV3-23	intergenic	intergenic	15297	IGH
igh_528371	528371	IGHV4-30-4	intergenic	intergenic	4343	IGH
igh_791902	791902	IGHV3-48	intergenic	intergenic	6279	IGH
igh_791976	791976	IGHV3-48	intergenic	intergenic	6205	IGH
igh_792270	792270	IGHV3-48	intergenic	intergenic	5911	IGH
igh_792433	792433	IGHV3-48	intergenic	intergenic	5748	IGH
igh_792873	792873	IGHV3-48	intergenic	intergenic	5308	IGH
igh_793012	793012	IGHV3-48	intergenic	intergenic	5169	IGH
igh_793239	793239	IGHV3-48	intergenic	intergenic	4942	IGH
igh_793350	793350	IGHV3-48	intergenic	intergenic	4831	IGH
igh_793517	793517	IGHV3-48	intergenic	intergenic	4664	IGH
igh_793819	793819	IGHV3-48	intergenic	intergenic	4362	IGH
igh_794409	794409	IGHV3-48	intergenic	intergenic	3772	IGH
igh_794985	794985	IGHV3-48	intergenic	intergenic	3196	IGH
igh_794988	794988	IGHV3-48	intergenic	intergenic	3193	IGH
igh_795218	795218	IGHV3-48	intergenic	intergenic	2963	IGH
igh_795331	795331	IGHV3-48	intergenic	intergenic	2850	IGH
igh_795442	795442	IGHV3-48	intergenic	intergenic	2739	IGH
igh_795529	795529	IGHV3-48	intergenic	intergenic	2652	IGH
igh_795613	795613	IGHV3-48	intergenic	intergenic	2568	IGH
igh_795638	795638	IGHV3-48	intergenic	intergenic	2543	IGH
igh_796018	796018	IGHV3-48	intergenic	intergenic	2163	IGH
igh_521903	521903	IGHV4-30-4	intergenic	intergenic	1611	IGH
igh_412115	412115	IGHV3-23	intergenic	intergenic	3477	IGH
igh_813842	813842	IGHV3-49	intergenic	intergenic	3465	IGH
igh_824052	824052	IGHV3-49	intergenic	intergenic	6166	IGH
igh_1015330	1015330	IGHV1-69D	intergenic	intergenic	7133	IGH
igh_568254	568254	IGHV4-34	intergenic	intergenic	4640	IGH
igh_568280	568280	IGHV4-34	intergenic	intergenic	4614	IGH
igh_568674	568674	IGHV4-34	intergenic	intergenic	4220	IGH
igh_568690	568690	IGHV4-34	intergenic	intergenic	4204	IGH
igh_568244	568244	IGHV4-34	intergenic	intergenic	4650	IGH
igh_60059	60059	IGHD1-1	intergenic	intergenic	1012	IGH
igh_533660	533660	IGHV3-30-5	intergenic	intergenic	655	IGH
igh_568224	568224	IGHV4-34	intergenic	intergenic	4670	IGH
igh_842466	842466	IGHV8-51-1	intergenic	intergenic	1406	IGH
igh_681306	681306	IGHV4-39	intergenic	intergenic	774	IGH
igh_532579	532579	IGHV3-30-5	intergenic	intergenic	1736	IGH
igh_532582	532582	IGHV3-30-5	intergenic	intergenic	1733	IGH
igh_532677	532677	IGHV3-30-5	intergenic	intergenic	1638	IGH
igh_486616	486616	IGHV3-30	intergenic	intergenic	661	IGH
igh_623746	623746	IGHV4-38-2	intergenic	intergenic	2308	IGH
igh_625758	625758	IGHV4-38-2	intergenic	intergenic	4320	IGH
igh_971087	971087	IGHV1-69	intergenic	intergenic	3966	IGH
igh_1013826_1	1013826	IGHV1-69D	intergenic	intergenic	8637	IGH
igh_65009	65009	IGHD1-1	intergenic	intergenic	5962	IGH
igh_65638	65638	IGHD1-1	intergenic	intergenic	6591	IGH
igh_1019022	1019022	IGHV1-69D	intergenic	intergenic	3441	IGH
igh_504388	504388	IGHV4-30-2	intergenic	intergenic	4291	IGH
igh_504680	504680	IGHV4-30-2	intergenic	intergenic	4583	IGH
igh_620793	620793	IGHV4-38-2	intergenic	intergenic	138	IGH
igh_421046	421046	IGHV3-23D	intergenic	intergenic	1567	IGH
igh_1090792	1090792	IGHV3-74	intergenic	intergenic	19420	IGH
igh_552334	552334	IGHV4-31	intergenic	intergenic	3304	IGH
igh_503482	503482	IGHV4-30-2	intergenic	intergenic	3385	IGH
igh_1014157	1014157	IGHV1-69D	intergenic	intergenic	8306	IGH
igh_620648	620648	IGHV4-38-2	intergenic	intergenic	283	IGH
igh_633554	633554	IGHV3-43D	intergenic	intergenic	2717	IGH
igh_637827	637827	IGHV3-43D	intergenic	intergenic	981	IGH
igh_639844	639844	IGHV3-43D	intergenic	intergenic	2998	IGH
igh_640521	640521	IGHV3-43D	intergenic	intergenic	3675	IGH
igh_1023257	1023257	IGHV1-69D	intergenic	intergenic	258	IGH
igh_1023312	1023312	IGHV1-69D	intergenic	intergenic	313	IGH
igh_1013179	1013179	IGHV1-69D	intergenic	intergenic	9284	IGH
igh_619256	619256	IGHV4-38-2	intergenic	intergenic	1675	IGH
igh_528998	528998	IGHV4-30-4	intergenic	intergenic	4970	IGH
igh_524581	524581	IGHV4-30-4	intergenic	intergenic	553	IGH
igh_527635	527635	IGHV4-30-4	intergenic	intergenic	3607	IGH
igh_527684	527684	IGHV4-30-4	intergenic	intergenic	3656	IGH
igh_525984	525984	IGHV4-30-4	intergenic	intergenic	1956	IGH
igh_535011	535011	IGHV3-30-5	intergenic	intergenic	124	IGH
igh_535023	535023	IGHV3-30-5	intergenic	intergenic	136	IGH
igh_535029	535029	IGHV3-30-5	intergenic	intergenic	142	IGH
igh_535070	535070	IGHV3-30-5	intergenic	intergenic	183	IGH
igh_535140	535140	IGHV3-30-5	intergenic	intergenic	253	IGH
igh_535229	535229	IGHV3-30-5	intergenic	intergenic	342	IGH
igh_535231	535231	IGHV3-30-5	intergenic	intergenic	344	IGH
igh_535242	535242	IGHV3-30-5	intergenic	intergenic	355	IGH
igh_535262	535262	IGHV3-30-5	intergenic	intergenic	375	IGH
igh_535681	535681	IGHV3-30-5	intergenic	intergenic	794	IGH
igh_535746	535746	IGHV3-30-5	intergenic	intergenic	859	IGH
igh_535790	535790	IGHV3-30-5	intergenic	intergenic	903	IGH
igh_632795	632795	IGHV3-43D	intergenic	intergenic	3476	IGH
igh_779905	779905	IGHV1-46	intergenic	intergenic	7884	IGH
igh_808015	808015	IGHV3-48	intergenic	intergenic	9267	IGH
igh_525001	525001	IGHV4-30-4	intergenic	intergenic	973	IGH
igh_620889	620889	IGHV4-38-2	intergenic	intergenic	42	IGH
igh_621481	621481	IGHV4-38-2	intergenic	intergenic	43	IGH
igh_621697	621697	IGHV4-38-2	intergenic	intergenic	259	IGH
igh_621737	621737	IGHV4-38-2	intergenic	intergenic	299	IGH
igh_621914	621914	IGHV4-38-2	intergenic	intergenic	476	IGH
igh_622040	622040	IGHV4-38-2	intergenic	intergenic	602	IGH
igh_622118	622118	IGHV4-38-2	intergenic	intergenic	680	IGH
igh_622122	622122	IGHV4-38-2	intergenic	intergenic	684	IGH
igh_622240	622240	IGHV4-38-2	intergenic	intergenic	802	IGH
igh_560068	560068	IGHV3-33	intergenic	intergenic	472	IGH
igh_560912	560912	IGHV3-33	intergenic	intergenic	1316	IGH
igh_552462	552462	IGHV4-31	intergenic	intergenic	3432	IGH
igh_19984	19984	IGHD1-26	intergenic	intergenic	522	IGH
igh_462271	462271	IGHV2-26	intergenic	intergenic	10074	IGH
igh_463625	463625	IGHV4-28	intergenic	intergenic	10932	IGH
igh_475476	475476	IGHV4-28	intergenic	intergenic	409	IGH
igh_476857	476857	IGHV4-28	intergenic	intergenic	1790	IGH
igh_438198	438198	IGHV3-25	intergenic	intergenic	1131	IGH
igh_1012822	1012822	IGHV1-69D	intergenic	intergenic	9641	IGH
igh_980560	980560	IGHV2-70D	intergenic	intergenic	3385	IGH
igh_552420	552420	IGHV4-31	intergenic	intergenic	3390	IGH
igh_730344	730344	IGHV3-43	intergenic	intergenic	290	IGH
igh_459926	459926	IGHV2-26	intergenic	intergenic	7729	IGH
igh_418593	418593	IGHV3-23D	intergenic	intergenic	312	IGH
igh_552984	552984	IGHV4-31	intergenic	intergenic	3954	IGH
igh_552985	552985	IGHV4-31	intergenic	intergenic	3955	IGH
igh_553007	553007	IGHV4-31	intergenic	intergenic	3977	IGH
igh_521001	521001	IGHV4-30-4	intergenic	intergenic	2513	IGH
igh_478449	478449	IGHV4-28	intergenic	intergenic	3382	IGH
igh_540861	540861	IGHV3-30-5	intergenic	intergenic	5974	IGH
igh_540862	540862	IGHV3-30-5	intergenic	intergenic	5975	IGH
igh_546006	546006	IGHV4-31	intergenic	intergenic	2510	IGH
igh_1018560	1018560	IGHV1-69D	intergenic	intergenic	3903	IGH
igh_1016625	1016625	IGHV1-69D	intergenic	intergenic	5838	IGH
igh_1017922	1017922	IGHV1-69D	intergenic	intergenic	4541	IGH
igh_1012708	1012708	IGHV1-69D	intergenic	intergenic	9755	IGH
igh_644841	644841	IGHV3-43D	intergenic	intergenic	7995	IGH
igh_538191	538191	IGHV3-30-5	intergenic	intergenic	3304	IGH
igh_538603	538603	IGHV3-30-5	intergenic	intergenic	3716	IGH
igh_476827	476827	IGHV4-28	intergenic	intergenic	1760	IGH
igh_360138	360138	IGHV3-20	intergenic	intergenic	9166	IGH
igh_363678	363678	IGHV3-21	intergenic	intergenic	10845	IGH
igh_543222	543222	IGHV4-31	intergenic	intergenic	5294	IGH
igh_584389	584389	IGHV3-35	intergenic	intergenic	4234	IGH
igh_587520	587520	IGHV3-35	intergenic	intergenic	1103	IGH
igh_587620	587620	IGHV3-35	intergenic	intergenic	1003	IGH
igh_590098	590098	IGHV3-35	intergenic	intergenic	908	IGH
igh_590227	590227	IGHV3-35	intergenic	intergenic	1037	IGH
igh_1013001	1013001	IGHV1-69D	intergenic	intergenic	9462	IGH
igh_537355	537355	IGHV3-30-5	intergenic	intergenic	2468	IGH
igh_537470	537470	IGHV3-30-5	intergenic	intergenic	2583	IGH
igh_537837	537837	IGHV3-30-5	intergenic	intergenic	2950	IGH
igh_537839	537839	IGHV3-30-5	intergenic	intergenic	2952	IGH
igh_668908	668908	IGHV1-38-4	intergenic	intergenic	6600	IGH
igh_1013372	1013372	IGHV1-69D	intergenic	intergenic	9091	IGH
igh_540360	540360	IGHV3-30-5	intergenic	intergenic	5473	IGH
igh_540368	540368	IGHV3-30-5	intergenic	intergenic	5481	IGH
igh_540369	540369	IGHV3-30-5	intergenic	intergenic	5482	IGH
igh_540370	540370	IGHV3-30-5	intergenic	intergenic	5483	IGH
igh_540372	540372	IGHV3-30-5	intergenic	intergenic	5485	IGH
igh_540391	540391	IGHV3-30-5	intergenic	intergenic	5504	IGH
igh_540424	540424	IGHV3-30-5	intergenic	intergenic	5537	IGH
igh_791921	791921	IGHV3-48	intergenic	intergenic	6260	IGH
igh_221481	221481	IGHV3-64D	intergenic	intergenic	6102	IGH
igh_1013525	1013525	IGHV1-69D	intergenic	intergenic	8938	IGH
igh_782955	782955	IGHV1-46	intergenic	intergenic	10934	IGH
igh_425933	425933	IGHV1-24	intergenic	intergenic	916	IGH
igh_980414	980414	IGHV2-70D	intergenic	intergenic	3531	IGH
igh_400602	400602	IGHV3-23	intergenic	intergenic	7462	IGH
igh_400603	400603	IGHV3-23	intergenic	intergenic	7461	IGH
igh_552554	552554	IGHV4-31	intergenic	intergenic	3524	IGH
igh_1015728	1015728	IGHV1-69D	intergenic	intergenic	6735	IGH
igh_532393	532393	IGHV3-30-5	intergenic	intergenic	1922	IGH
igh_801930	801930	IGHV3-48	intergenic	intergenic	3182	IGH
igh_803044	803044	IGHV3-48	intergenic	intergenic	4296	IGH
igh_804393	804393	IGHV3-48	intergenic	intergenic	5645	IGH
igh_515346	515346	IGHV3-30-3	intergenic	intergenic	5458	IGH
igh_236599	236599	IGHV3-64D	intergenic	intergenic	8446	IGH
igh_492254	492254	IGHV3-30	intergenic	intergenic	6299	IGH
igh_80994	80994	IGHV6-1	intergenic	intergenic	1242	IGH
igh_349210	349210	IGHV3-20	intergenic	intergenic	1187	IGH
igh_848577	848577	IGHV8-51-1	intergenic	intergenic	4025	IGH
igh_534297	534297	IGHV3-30-5	intergenic	intergenic	18	IGH
igh_516724	516724	IGHV4-30-4	intergenic	intergenic	6790	IGH
igh_526812	526812	IGHV4-30-4	intergenic	intergenic	2784	IGH
igh_1011449	1011449	IGHV1-69D	intergenic	intergenic	11014	IGH
igh_18240	18240	IGHD1-26	intergenic	intergenic	2266	IGH
igh_639821	639821	IGHV3-43D	intergenic	intergenic	2975	IGH
igh_640023	640023	IGHV3-43D	intergenic	intergenic	3177	IGH
igh_640477	640477	IGHV3-43D	intergenic	intergenic	3631	IGH
igh_640867	640867	IGHV3-43D	intergenic	intergenic	4021	IGH
igh_640988	640988	IGHV3-43D	intergenic	intergenic	4142	IGH
igh_641000	641000	IGHV3-43D	intergenic	intergenic	4154	IGH
igh_641098	641098	IGHV3-43D	intergenic	intergenic	4252	IGH
igh_641118	641118	IGHV3-43D	intergenic	intergenic	4272	IGH
igh_641183	641183	IGHV3-43D	intergenic	intergenic	4337	IGH
igh_641203	641203	IGHV3-43D	intergenic	intergenic	4357	IGH
igh_641233	641233	IGHV3-43D	intergenic	intergenic	4387	IGH
igh_641322	641322	IGHV3-43D	intergenic	intergenic	4476	IGH
igh_641323	641323	IGHV3-43D	intergenic	intergenic	4477	IGH
igh_641522	641522	IGHV3-43D	intergenic	intergenic	4676	IGH
igh_503423	503423	IGHV4-30-2	intergenic	intergenic	3326	IGH
igh_467511	467511	IGHV4-28	intergenic	intergenic	7046	IGH
igh_506938	506938	IGHV3-30-3	intergenic	intergenic	2378	IGH
igh_517768	517768	IGHV4-30-4	intergenic	intergenic	5746	IGH
igh_529066	529066	IGHV4-30-4	intergenic	intergenic	5038	IGH
igh_529069	529069	IGHV4-30-4	intergenic	intergenic	5041	IGH
igh_529120_1	529120	IGHV4-30-4	intergenic	intergenic	5092	IGH
igh_816718	816718	IGHV3-49	intergenic	intergenic	589	IGH
igh_816796	816796	IGHV3-49	intergenic	intergenic	511	IGH
igh_816994	816994	IGHV3-49	intergenic	intergenic	313	IGH
igh_821126	821126	IGHV3-49	intergenic	intergenic	3240	IGH
igh_822977	822977	IGHV3-49	intergenic	intergenic	5091	IGH
igh_823214	823214	IGHV3-49	intergenic	intergenic	5328	IGH
igh_1024115	1024115	IGHV1-69D	intergenic	intergenic	1116	IGH
igh_1018691	1018691	IGHV1-69D	intergenic	intergenic	3772	IGH
igh_608953	608953	IGHV3-38	intergenic	intergenic	772	IGH
igh_567989	567989	IGHV4-34	intergenic	intergenic	4905	IGH
igh_558227	558227	IGHV3-33	intergenic	intergenic	797	IGH
igh_507209	507209	IGHV3-30-3	intergenic	intergenic	2107	IGH
igh_629733	629733	IGHV3-43D	intergenic	intergenic	6538	IGH
igh_680278	680278	IGHV4-39	intergenic	intergenic	1802	IGH
igh_1018552	1018552	IGHV1-69D	intergenic	intergenic	3911	IGH
igh_1018556	1018556	IGHV1-69D	intergenic	intergenic	3907	IGH
igh_523391	523391	IGHV4-30-4	intergenic	intergenic	123	IGH
igh_1008268	1008268	IGHV1-69-2	intergenic	intergenic	10254	IGH
igh_414216	414216	IGHV3-23D	intergenic	intergenic	4689	IGH
igh_816682	816682	IGHV3-49	intergenic	intergenic	625	IGH
igh_619079	619079	IGHV4-38-2	intergenic	intergenic	1852	IGH
igh_537434	537434	IGHV3-30-5	intergenic	intergenic	2547	IGH
igh_537678	537678	IGHV3-30-5	intergenic	intergenic	2791	IGH
igh_607237	607237	IGHV3-38	intergenic	intergenic	2488	IGH
igh_611127	611127	IGHV3-38	intergenic	intergenic	829	IGH
igh_617011	617011	IGHV4-38-2	intergenic	intergenic	3920	IGH
igh_617530	617530	IGHV4-38-2	intergenic	intergenic	3401	IGH
igh_527397	527397	IGHV4-30-4	intergenic	intergenic	3369	IGH
igh_221280	221280	IGHV3-64D	intergenic	intergenic	6303	IGH
igh_618490	618490	IGHV4-38-2	intergenic	intergenic	2441	IGH
igh_493470	493470	IGHV4-30-2	intergenic	intergenic	6116	IGH
igh_516705	516705	IGHV4-30-4	intergenic	intergenic	6809	IGH
igh_604265	604265	IGHV3-38	intergenic	intergenic	5460	IGH
igh_604269	604269	IGHV3-38	intergenic	intergenic	5456	IGH
igh_592790	592790	IGHV3-35	intergenic	intergenic	3600	IGH
igh_597387	597387	IGHV3-35	intergenic	intergenic	8197	IGH
igh_521768	521768	IGHV4-30-4	intergenic	intergenic	1746	IGH
igh_622237	622237	IGHV4-38-2	intergenic	intergenic	799	IGH
igh_556824	556824	IGHV3-33	intergenic	intergenic	2200	IGH
igh_977330	977330	IGHV1-69	intergenic	intergenic	1741	IGH
igh_523490	523490	IGHV4-30-4	intergenic	intergenic	24	IGH
igh_523492	523492	IGHV4-30-4	intergenic	intergenic	22	IGH
igh_529715	529715	IGHV3-30-5	intergenic	intergenic	4600	IGH
igh_824617	824617	IGHV3-49	intergenic	intergenic	6731	IGH
igh_713800	713800	IGHV3-43	intergenic	intergenic	16834	IGH
igh_544817	544817	IGHV4-31	intergenic	intergenic	3699	IGH
igh_507436	507436	IGHV3-30-3	intergenic	intergenic	1880	IGH
igh_507562	507562	IGHV3-30-3	intergenic	intergenic	1754	IGH
igh_507569	507569	IGHV3-30-3	intergenic	intergenic	1747	IGH
igh_507612	507612	IGHV3-30-3	intergenic	intergenic	1704	IGH
igh_507935	507935	IGHV3-30-3	intergenic	intergenic	1381	IGH
igh_507988	507988	IGHV3-30-3	intergenic	intergenic	1328	IGH
igh_508197	508197	IGHV3-30-3	intergenic	intergenic	1119	IGH
igh_508221	508221	IGHV3-30-3	intergenic	intergenic	1095	IGH
igh_508270	508270	IGHV3-30-3	intergenic	intergenic	1046	IGH
igh_619172	619172	IGHV4-38-2	intergenic	intergenic	1759	IGH
igh_560074	560074	IGHV3-33	intergenic	intergenic	478	IGH
igh_336243	336243	IGHV1-18	intergenic	intergenic	11353	IGH
igh_342639	342639	IGHV3-20	intergenic	intergenic	7758	IGH
igh_1005608	1005608	IGHV1-69-2	intergenic	intergenic	7594	IGH
igh_681277	681277	IGHV4-39	intergenic	intergenic	803	IGH
igh_828834	828834	IGHV5-51	intergenic	intergenic	10279	IGH
igh_568119	568119	IGHV4-34	intergenic	intergenic	4775	IGH
igh_528908	528908	IGHV4-30-4	intergenic	intergenic	4880	IGH
igh_528991_1	528991	IGHV4-30-4	intergenic	intergenic	4963	IGH
igh_528992	528992	IGHV4-30-4	intergenic	intergenic	4964	IGH
igh_529017	529017	IGHV4-30-4	intergenic	intergenic	4989	IGH
igh_680545	680545	IGHV4-39	intergenic	intergenic	1535	IGH
igh_533415	533415	IGHV3-30-5	intergenic	intergenic	900	IGH
igh_533431	533431	IGHV3-30-5	intergenic	intergenic	884	IGH
igh_533474	533474	IGHV3-30-5	intergenic	intergenic	841	IGH
igh_533526	533526	IGHV3-30-5	intergenic	intergenic	789	IGH
igh_533604	533604	IGHV3-30-5	intergenic	intergenic	711	IGH
igh_533606	533606	IGHV3-30-5	intergenic	intergenic	709	IGH
igh_533693	533693	IGHV3-30-5	intergenic	intergenic	622	IGH
igh_533713	533713	IGHV3-30-5	intergenic	intergenic	602	IGH
igh_533735	533735	IGHV3-30-5	intergenic	intergenic	580	IGH
igh_533783	533783	IGHV3-30-5	intergenic	intergenic	532	IGH
igh_533866	533866	IGHV3-30-5	intergenic	intergenic	449	IGH
igh_570401	570401	IGHV4-34	intergenic	intergenic	2493	IGH
igh_535864	535864	IGHV3-30-5	intergenic	intergenic	977	IGH
igh_535868	535868	IGHV3-30-5	intergenic	intergenic	981	IGH
igh_535891	535891	IGHV3-30-5	intergenic	intergenic	1004	IGH
igh_535960	535960	IGHV3-30-5	intergenic	intergenic	1073	IGH
igh_536007	536007	IGHV3-30-5	intergenic	intergenic	1120	IGH
igh_536025	536025	IGHV3-30-5	intergenic	intergenic	1138	IGH
igh_536063	536063	IGHV3-30-5	intergenic	intergenic	1176	IGH
igh_536067	536067	IGHV3-30-5	intergenic	intergenic	1180	IGH
igh_536070	536070	IGHV3-30-5	intergenic	intergenic	1183	IGH
igh_536146	536146	IGHV3-30-5	intergenic	intergenic	1259	IGH
igh_536169	536169	IGHV3-30-5	intergenic	intergenic	1282	IGH
igh_536191	536191	IGHV3-30-5	intergenic	intergenic	1304	IGH
igh_536196	536196	IGHV3-30-5	intergenic	intergenic	1309	IGH
igh_536247	536247	IGHV3-30-5	intergenic	intergenic	1360	IGH
igh_536250	536250	IGHV3-30-5	intergenic	intergenic	1363	IGH
igh_536263	536263	IGHV3-30-5	intergenic	intergenic	1376	IGH
igh_536275	536275	IGHV3-30-5	intergenic	intergenic	1388	IGH
igh_536370	536370	IGHV3-30-5	intergenic	intergenic	1483	IGH
igh_536427	536427	IGHV3-30-5	intergenic	intergenic	1540	IGH
igh_536586	536586	IGHV3-30-5	intergenic	intergenic	1699	IGH
igh_536680	536680	IGHV3-30-5	intergenic	intergenic	1793	IGH
igh_536994	536994	IGHV3-30-5	intergenic	intergenic	2107	IGH
igh_537011	537011	IGHV3-30-5	intergenic	intergenic	2124	IGH
igh_537062	537062	IGHV3-30-5	intergenic	intergenic	2175	IGH
igh_537134	537134	IGHV3-30-5	intergenic	intergenic	2247	IGH
igh_530346	530346	IGHV3-30-5	intergenic	intergenic	3969	IGH
igh_530359	530359	IGHV3-30-5	intergenic	intergenic	3956	IGH
igh_530388	530388	IGHV3-30-5	intergenic	intergenic	3927	IGH
igh_530416	530416	IGHV3-30-5	intergenic	intergenic	3899	IGH
igh_288269	288269	IGHV3-15	intergenic	intergenic	4814	IGH
igh_289032	289032	IGHV3-15	intergenic	intergenic	4051	IGH
igh_295014	295014	IGHV3-15	intergenic	intergenic	1350	IGH
igh_295134	295134	IGHV3-15	intergenic	intergenic	1470	IGH
igh_295343	295343	IGHV3-15	intergenic	intergenic	1679	IGH
igh_295416	295416	IGHV3-15	intergenic	intergenic	1752	IGH
igh_295532	295532	IGHV3-15	intergenic	intergenic	1868	IGH
igh_295767	295767	IGHV3-15	intergenic	intergenic	2103	IGH
igh_296375	296375	IGHV3-15	intergenic	intergenic	2711	IGH
igh_296474	296474	IGHV3-15	intergenic	intergenic	2810	IGH
igh_296550	296550	IGHV3-15	intergenic	intergenic	2886	IGH
igh_296605	296605	IGHV3-15	intergenic	intergenic	2941	IGH
igh_518846	518846	IGHV4-30-4	intergenic	intergenic	4668	IGH
igh_417840	417840	IGHV3-23D	intergenic	intergenic	1065	IGH
igh_1018534	1018534	IGHV1-69D	intergenic	intergenic	3929	IGH
igh_634596	634596	IGHV3-43D	intergenic	intergenic	1675	IGH
igh_532363	532363	IGHV3-30-5	intergenic	intergenic	1952	IGH
igh_1014376	1014376	IGHV1-69D	intergenic	intergenic	8087	IGH
igh_1140581	1140581	IGHV7-81	intergenic	intergenic	5099	IGH
igh_384503	384503	IGHV3-21	intergenic	intergenic	9408	IGH
igh_385762	385762	IGHV3-21	intergenic	intergenic	10667	IGH
igh_531086	531086	IGHV3-30-5	intergenic	intergenic	3229	IGH
igh_531280	531280	IGHV3-30-5	intergenic	intergenic	3035	IGH
igh_531376	531376	IGHV3-30-5	intergenic	intergenic	2939	IGH
igh_531390	531390	IGHV3-30-5	intergenic	intergenic	2925	IGH
igh_531415	531415	IGHV3-30-5	intergenic	intergenic	2900	IGH
igh_531525	531525	IGHV3-30-5	intergenic	intergenic	2790	IGH
igh_531812	531812	IGHV3-30-5	intergenic	intergenic	2503	IGH
igh_531814	531814	IGHV3-30-5	intergenic	intergenic	2501	IGH
igh_532479	532479	IGHV3-30-5	intergenic	intergenic	1836	IGH
igh_532502	532502	IGHV3-30-5	intergenic	intergenic	1813	IGH
igh_532503	532503	IGHV3-30-5	intergenic	intergenic	1812	IGH
igh_681443	681443	IGHV4-39	intergenic	intergenic	637	IGH
igh_503361	503361	IGHV4-30-2	intergenic	intergenic	3264	IGH
igh_426488	426488	IGHV1-24	intergenic	intergenic	361	IGH
igh_627185	627185	IGHV4-38-2	intergenic	intergenic	5747	IGH
igh_627262	627262	IGHV4-38-2	intergenic	intergenic	5824	IGH
igh_627312	627312	IGHV4-38-2	intergenic	intergenic	5874	IGH
igh_627328	627328	IGHV4-38-2	intergenic	intergenic	5890	IGH
igh_627345	627345	IGHV4-38-2	intergenic	intergenic	5907	IGH
igh_627442	627442	IGHV4-38-2	intergenic	intergenic	6004	IGH
igh_627462	627462	IGHV4-38-2	intergenic	intergenic	6024	IGH
igh_627485	627485	IGHV4-38-2	intergenic	intergenic	6047	IGH
igh_627532	627532	IGHV4-38-2	intergenic	intergenic	6094	IGH
igh_627540	627540	IGHV4-38-2	intergenic	intergenic	6102	IGH
igh_627594	627594	IGHV4-38-2	intergenic	intergenic	6156	IGH
igh_627667	627667	IGHV4-38-2	intergenic	intergenic	6229	IGH
igh_627834	627834	IGHV4-38-2	intergenic	intergenic	6396	IGH
igh_627861	627861	IGHV4-38-2	intergenic	intergenic	6423	IGH
igh_627964	627964	IGHV4-38-2	intergenic	intergenic	6526	IGH
igh_628143	628143	IGHV4-38-2	intergenic	intergenic	6705	IGH
igh_628187	628187	IGHV4-38-2	intergenic	intergenic	6749	IGH
igh_628190	628190	IGHV4-38-2	intergenic	intergenic	6752	IGH
igh_628191	628191	IGHV4-38-2	intergenic	intergenic	6753	IGH
igh_628199	628199	IGHV4-38-2	intergenic	intergenic	6761	IGH
igh_628267	628267	IGHV4-38-2	intergenic	intergenic	6829	IGH
igh_628325	628325	IGHV4-38-2	intergenic	intergenic	6887	IGH
igh_628335	628335	IGHV4-38-2	intergenic	intergenic	6897	IGH
igh_628344	628344	IGHV4-38-2	intergenic	intergenic	6906	IGH
igh_401273	401273	IGHV3-23	intergenic	intergenic	6791	IGH
igh_628925	628925	IGHV3-43D	intergenic	intergenic	7346	IGH
igh_81215	81215	IGHV6-1	intergenic	intergenic	1463	IGH
igh_548333	548333	IGHV4-31	intergenic	intergenic	183	IGH
igh_842968	842968	IGHV8-51-1	intergenic	intergenic	904	IGH
igh_626808	626808	IGHV4-38-2	intergenic	intergenic	5370	IGH
igh_1015515	1015515	IGHV1-69D	intergenic	intergenic	6948	IGH
igh_819822	819822	IGHV3-49	intergenic	intergenic	1936	IGH
igh_1012649	1012649	IGHV1-69D	intergenic	intergenic	9814	IGH
igh_1018831	1018831	IGHV1-69D	intergenic	intergenic	3632	IGH
igh_516145	516145	IGHV3-30-3	intergenic	intergenic	6257	IGH
igh_595134	595134	IGHV3-35	intergenic	intergenic	5944	IGH
igh_745877	745877	IGHV3-43	intergenic	intergenic	14666	IGH
igh_556074	556074	IGHV3-33	intergenic	intergenic	2950	IGH
igh_508527	508527	IGHV3-30-3	intergenic	intergenic	789	IGH
igh_562937	562937	IGHV3-33	intergenic	intergenic	3341	IGH
igh_563429	563429	IGHV3-33	intergenic	intergenic	3833	IGH
igh_563741	563741	IGHV3-33	intergenic	intergenic	4145	IGH
igh_563745	563745	IGHV3-33	intergenic	intergenic	4149	IGH
igh_564061	564061	IGHV3-33	intergenic	intergenic	4465	IGH
igh_564447	564447	IGHV3-33	intergenic	intergenic	4851	IGH
igh_564449	564449	IGHV3-33	intergenic	intergenic	4853	IGH
igh_548264	548264	IGHV4-31	intergenic	intergenic	252	IGH
igh_276042	276042	IGHV3-13	intergenic	intergenic	6469	IGH
igh_276107	276107	IGHV3-13	intergenic	intergenic	6534	IGH
igh_681622_1	681622	IGHV4-39	intergenic	intergenic	458	IGH
igh_619053	619053	IGHV4-38-2	intergenic	intergenic	1878	IGH
igh_1043354	1043354	IGHV3-72	intergenic	intergenic	7709	IGH
igh_508475	508475	IGHV3-30-3	intergenic	intergenic	841	IGH
igh_478635	478635	IGHV4-28	intergenic	intergenic	3568	IGH
igh_1013946	1013946	IGHV1-69D	intergenic	intergenic	8517	IGH
igh_527899	527899	IGHV4-30-4	intergenic	intergenic	3871	IGH
igh_527966	527966	IGHV4-30-4	intergenic	intergenic	3938	IGH
igh_527967	527967	IGHV4-30-4	intergenic	intergenic	3939	IGH
igh_527989	527989	IGHV4-30-4	intergenic	intergenic	3961	IGH
igh_528067	528067	IGHV4-30-4	intergenic	intergenic	4039	IGH
igh_528141	528141	IGHV4-30-4	intergenic	intergenic	4113	IGH
igh_528226	528226	IGHV4-30-4	intergenic	intergenic	4198	IGH
igh_528271	528271	IGHV4-30-4	intergenic	intergenic	4243	IGH
igh_528311	528311	IGHV4-30-4	intergenic	intergenic	4283	IGH
igh_528340	528340	IGHV4-30-4	intergenic	intergenic	4312	IGH
igh_528348	528348	IGHV4-30-4	intergenic	intergenic	4320	IGH
igh_528364	528364	IGHV4-30-4	intergenic	intergenic	4336	IGH
igh_528372	528372	IGHV4-30-4	intergenic	intergenic	4344	IGH
igh_528426	528426	IGHV4-30-4	intergenic	intergenic	4398	IGH
igh_528435	528435	IGHV4-30-4	intergenic	intergenic	4407	IGH
igh_528587	528587	IGHV4-30-4	intergenic	intergenic	4559	IGH
igh_528609	528609	IGHV4-30-4	intergenic	intergenic	4581	IGH
igh_528627	528627	IGHV4-30-4	intergenic	intergenic	4599	IGH
igh_528822	528822	IGHV4-30-4	intergenic	intergenic	4794	IGH
igh_528831	528831	IGHV4-30-4	intergenic	intergenic	4803	IGH
igh_528841	528841	IGHV4-30-4	intergenic	intergenic	4813	IGH
igh_528852	528852	IGHV4-30-4	intergenic	intergenic	4824	IGH
igh_622876	622876	IGHV4-38-2	intergenic	intergenic	1438	IGH
igh_547325	547325	IGHV4-31	intergenic	intergenic	1191	IGH
igh_552466	552466	IGHV4-31	intergenic	intergenic	3436	IGH
igh_567952	567952	IGHV4-34	intergenic	intergenic	4942	IGH
igh_567953	567953	IGHV4-34	intergenic	intergenic	4941	IGH
igh_549341	549341	IGHV4-31	intergenic	intergenic	311	IGH
igh_549356	549356	IGHV4-31	intergenic	intergenic	326	IGH
igh_792751	792751	IGHV3-48	intergenic	intergenic	5430	IGH
igh_792812	792812	IGHV3-48	intergenic	intergenic	5369	IGH
igh_793207	793207	IGHV3-48	intergenic	intergenic	4974	IGH
igh_793832	793832	IGHV3-48	intergenic	intergenic	4349	IGH
igh_794187	794187	IGHV3-48	intergenic	intergenic	3994	IGH
igh_794251	794251	IGHV3-48	intergenic	intergenic	3930	IGH
igh_794434	794434	IGHV3-48	intergenic	intergenic	3747	IGH
igh_1018501	1018501	IGHV1-69D	intergenic	intergenic	3962	IGH
igh_529150	529150	IGHV4-30-4	intergenic	intergenic	5122	IGH
igh_567999	567999	IGHV4-34	intergenic	intergenic	4895	IGH
igh_568637	568637	IGHV4-34	intergenic	intergenic	4257	IGH
igh_568639	568639	IGHV4-34	intergenic	intergenic	4255	IGH
igh_587412	587412	IGHV3-35	intergenic	intergenic	1211	IGH
igh_503066	503066	IGHV4-30-2	intergenic	intergenic	2969	IGH
igh_1013592	1013592	IGHV1-69D	intergenic	intergenic	8871	IGH
igh_553468	553468	IGHV4-31	intergenic	intergenic	4438	IGH
igh_505705	505705	IGHV3-30-3	intergenic	intergenic	3611	IGH
igh_816654	816654	IGHV3-49	intergenic	intergenic	653	IGH
igh_527584	527584	IGHV4-30-4	intergenic	intergenic	3556	IGH
igh_999706	999706	IGHV1-69-2	intergenic	intergenic	1692	IGH
igh_541671	541671	IGHV3-30-5	intergenic	intergenic	6784	IGH
igh_1073075	1073075	IGHV3-74	intergenic	intergenic	1703	IGH
igh_81580	81580	IGHV6-1	intergenic	intergenic	1828	IGH
igh_552707	552707	IGHV4-31	intergenic	intergenic	3677	IGH
igh_759175	759175	IGHV1-45	intergenic	intergenic	8192	IGH
igh_759176	759176	IGHV1-45	intergenic	intergenic	8191	IGH
igh_554233	554233	IGHV3-33	intergenic	intergenic	4791	IGH
igh_536203	536203	IGHV3-30-5	intergenic	intergenic	1316	IGH
igh_1018075	1018075	IGHV1-69D	intergenic	intergenic	4388	IGH
igh_552421	552421	IGHV4-31	intergenic	intergenic	3391	IGH
igh_522755	522755	IGHV4-30-4	intergenic	intergenic	759	IGH
igh_566713	566713	IGHV4-34	intergenic	intergenic	6181	IGH
igh_991968	991968	IGHV1-69-2	intergenic	intergenic	5513	IGH
igh_505235	505235	IGHV3-30-3	intergenic	intergenic	4081	IGH
igh_566443	566443	IGHV4-34	intergenic	intergenic	6451	IGH
igh_641172	641172	IGHV3-43D	intergenic	intergenic	4326	IGH
igh_597896	597896	IGHV3-35	intergenic	intergenic	8706	IGH
igh_441766	441766	IGHV3-25	intergenic	intergenic	1865	IGH
igh_503720	503720	IGHV4-30-2	intergenic	intergenic	3623	IGH
igh_503730	503730	IGHV4-30-2	intergenic	intergenic	3633	IGH
igh_503769	503769	IGHV4-30-2	intergenic	intergenic	3672	IGH
igh_790147	790147	IGHV3-48	intergenic	intergenic	8034	IGH
igh_1134639	1134639	IGHV7-81	intergenic	intergenic	313	IGH
igh_536092	536092	IGHV3-30-5	intergenic	intergenic	1205	IGH
igh_536120	536120	IGHV3-30-5	intergenic	intergenic	1233	IGH
igh_557985	557985	IGHV3-33	intergenic	intergenic	1039	IGH
igh_493220	493220	IGHV4-30-2	intergenic	intergenic	6366	IGH
igh_971358	971358	IGHV1-69	intergenic	intergenic	3695	IGH
igh_221446	221446	IGHV3-64D	intergenic	intergenic	6137	IGH
igh_168245	168245	IGHV7-4-1	intergenic	intergenic	3109	IGH
igh_633904	633904	IGHV3-43D	intergenic	intergenic	2367	IGH
igh_680751	680751	IGHV4-39	intergenic	intergenic	1329	IGH
igh_619184	619184	IGHV4-38-2	intergenic	intergenic	1747	IGH
igh_680750	680750	IGHV4-39	intergenic	intergenic	1330	IGH
igh_554165	554165	IGHV3-33	intergenic	intergenic	4859	IGH
igh_485014	485014	IGHV3-30	intergenic	intergenic	369	IGH
igh_535062	535062	IGHV3-30-5	intergenic	intergenic	175	IGH
igh_1013843	1013843	IGHV1-69D	intergenic	intergenic	8620	IGH
igh_543276	543276	IGHV4-31	intergenic	intergenic	5240	IGH
igh_507793	507793	IGHV3-30-3	intergenic	intergenic	1523	IGH
igh_393325	393325	IGHV3-23	intergenic	intergenic	14739	IGH
igh_547571	547571	IGHV4-31	intergenic	intergenic	945	IGH
igh_572860	572860	IGHV4-34	intergenic	intergenic	34	IGH
igh_977905	977905	IGHV1-69	intergenic	intergenic	2316	IGH
igh_979203	979203	IGHV1-69	intergenic	intergenic	3614	IGH
igh_979227	979227	IGHV1-69	intergenic	intergenic	3638	IGH
igh_979606	979606	IGHV1-69	intergenic	intergenic	4017	IGH
igh_622252	622252	IGHV4-38-2	intergenic	intergenic	814	IGH
igh_171272	171272	IGHV2-5	intergenic	intergenic	6091	IGH
igh_602432	602432	IGHV3-38	intergenic	intergenic	7293	IGH
igh_605243	605243	IGHV3-38	intergenic	intergenic	4482	IGH
igh_611740	611740	IGHV3-38	intergenic	intergenic	1442	IGH
igh_505347	505347	IGHV3-30-3	intergenic	intergenic	3969	IGH
igh_7518	7518	IGHD7-27	intergenic	intergenic	2428	IGH
igh_8512	8512	IGHD7-27	intergenic	intergenic	3422	IGH
igh_16168	16168	IGHD1-26	intergenic	intergenic	4338	IGH
igh_535359	535359	IGHV3-30-5	intergenic	intergenic	472	IGH
igh_535365	535365	IGHV3-30-5	intergenic	intergenic	478	IGH
igh_512434	512434	IGHV3-30-3	intergenic	intergenic	2546	IGH
igh_1013886	1013886	IGHV1-69D	intergenic	intergenic	8577	IGH
igh_557821_1	557821	IGHV3-33	intergenic	intergenic	1203	IGH
igh_618482	618482	IGHV4-38-2	intergenic	intergenic	2449	IGH
igh_1014246	1014246	IGHV1-69D	intergenic	intergenic	8217	IGH
igh_621719	621719	IGHV4-38-2	intergenic	intergenic	281	IGH
igh_558349	558349	IGHV3-33	intergenic	intergenic	675	IGH
igh_680202	680202	IGHV4-39	intergenic	intergenic	1878	IGH
igh_1135689	1135689	IGHV7-81	intergenic	intergenic	207	IGH
igh_1135692	1135692	IGHV7-81	intergenic	intergenic	210	IGH
igh_504824	504824	IGHV3-30-3	intergenic	intergenic	4492	IGH
igh_554307	554307	IGHV3-33	intergenic	intergenic	4717	IGH
igh_597550	597550	IGHV3-35	intergenic	intergenic	8360	IGH
igh_403426	403426	IGHV3-23	intergenic	intergenic	4638	IGH
igh_981402	981402	IGHV2-70D	intergenic	intergenic	2543	IGH
igh_526511_1	526511	IGHV4-30-4	intergenic	intergenic	2483	IGH
igh_368331	368331	IGHV3-21	intergenic	intergenic	6192	IGH
igh_517271	517271	IGHV4-30-4	intergenic	intergenic	6243	IGH
igh_547440	547440	IGHV4-31	intergenic	intergenic	1076	IGH
igh_1002177	1002177	IGHV1-69-2	intergenic	intergenic	4163	IGH
igh_621938	621938	IGHV4-38-2	intergenic	intergenic	500	IGH
igh_621963	621963	IGHV4-38-2	intergenic	intergenic	525	IGH
igh_622025	622025	IGHV4-38-2	intergenic	intergenic	587	IGH
igh_622106	622106	IGHV4-38-2	intergenic	intergenic	668	IGH
igh_680690	680690	IGHV4-39	intergenic	intergenic	1390	IGH
igh_535349	535349	IGHV3-30-5	intergenic	intergenic	462	IGH
igh_528687	528687	IGHV4-30-4	intergenic	intergenic	4659	IGH
igh_77267	77267	IGHV6-1	intergenic	intergenic	1948	IGH
igh_543259	543259	IGHV4-31	intergenic	intergenic	5257	IGH
igh_621519	621519	IGHV4-38-2	intergenic	intergenic	81	IGH
igh_621529	621529	IGHV4-38-2	intergenic	intergenic	91	IGH
igh_621576	621576	IGHV4-38-2	intergenic	intergenic	138	IGH
igh_621646	621646	IGHV4-38-2	intergenic	intergenic	208	IGH
igh_621800	621800	IGHV4-38-2	intergenic	intergenic	362	IGH
igh_621810	621810	IGHV4-38-2	intergenic	intergenic	372	IGH
igh_621820	621820	IGHV4-38-2	intergenic	intergenic	382	IGH
igh_621822	621822	IGHV4-38-2	intergenic	intergenic	384	IGH
igh_621878	621878	IGHV4-38-2	intergenic	intergenic	440	IGH
igh_621918	621918	IGHV4-38-2	intergenic	intergenic	480	IGH
igh_621927	621927	IGHV4-38-2	intergenic	intergenic	489	IGH
igh_622024	622024	IGHV4-38-2	intergenic	intergenic	586	IGH
igh_622137	622137	IGHV4-38-2	intergenic	intergenic	699	IGH
igh_622251	622251	IGHV4-38-2	intergenic	intergenic	813	IGH
igh_622277	622277	IGHV4-38-2	intergenic	intergenic	839	IGH
igh_622293	622293	IGHV4-38-2	intergenic	intergenic	855	IGH
igh_622323	622323	IGHV4-38-2	intergenic	intergenic	885	IGH
igh_622385	622385	IGHV4-38-2	intergenic	intergenic	947	IGH
igh_622461	622461	IGHV4-38-2	intergenic	intergenic	1023	IGH
igh_622524	622524	IGHV4-38-2	intergenic	intergenic	1086	IGH
igh_622651	622651	IGHV4-38-2	intergenic	intergenic	1213	IGH
igh_622652	622652	IGHV4-38-2	intergenic	intergenic	1214	IGH
igh_622684_1	622684	IGHV4-38-2	intergenic	intergenic	1246	IGH
igh_622703	622703	IGHV4-38-2	intergenic	intergenic	1265	IGH
igh_622727	622727	IGHV4-38-2	intergenic	intergenic	1289	IGH
igh_622732	622732	IGHV4-38-2	intergenic	intergenic	1294	IGH
igh_622760	622760	IGHV4-38-2	intergenic	intergenic	1322	IGH
igh_622808	622808	IGHV4-38-2	intergenic	intergenic	1370	IGH
igh_622845	622845	IGHV4-38-2	intergenic	intergenic	1407	IGH
igh_622858	622858	IGHV4-38-2	intergenic	intergenic	1420	IGH
igh_622866	622866	IGHV4-38-2	intergenic	intergenic	1428	IGH
igh_622954	622954	IGHV4-38-2	intergenic	intergenic	1516	IGH
igh_622994	622994	IGHV4-38-2	intergenic	intergenic	1556	IGH
igh_623127	623127	IGHV4-38-2	intergenic	intergenic	1689	IGH
igh_554144	554144	IGHV3-33	intergenic	intergenic	4880	IGH
igh_560120	560120	IGHV3-33	intergenic	intergenic	524	IGH
igh_622197	622197	IGHV4-38-2	intergenic	intergenic	759	IGH
igh_826318	826318	IGHV3-49	intergenic	intergenic	8432	IGH
igh_826689	826689	IGHV3-49	intergenic	intergenic	8803	IGH
igh_359111	359111	IGHV3-20	intergenic	intergenic	8139	IGH
igh_359386	359386	IGHV3-20	intergenic	intergenic	8414	IGH
igh_360043	360043	IGHV3-20	intergenic	intergenic	9071	IGH
igh_361318	361318	IGHV3-20	intergenic	intergenic	10346	IGH
igh_362820	362820	IGHV3-21	intergenic	intergenic	11703	IGH
igh_364436	364436	IGHV3-21	intergenic	intergenic	10087	IGH
igh_364558	364558	IGHV3-21	intergenic	intergenic	9965	IGH
igh_365235	365235	IGHV3-21	intergenic	intergenic	9288	IGH
igh_365251	365251	IGHV3-21	intergenic	intergenic	9272	IGH
igh_367170	367170	IGHV3-21	intergenic	intergenic	7353	IGH
igh_368921	368921	IGHV3-21	intergenic	intergenic	5602	IGH
igh_371511	371511	IGHV3-21	intergenic	intergenic	3012	IGH
igh_371721	371721	IGHV3-21	intergenic	intergenic	2802	IGH
igh_376712	376712	IGHV3-21	intergenic	intergenic	1617	IGH
igh_218099	218099	IGHV3-64D	intergenic	intergenic	9484	IGH
igh_511147	511147	IGHV3-30-3	intergenic	intergenic	1259	IGH
igh_510102	510102	IGHV3-30-3	intergenic	intergenic	214	IGH
igh_505377	505377	IGHV3-30-3	intergenic	intergenic	3939	IGH
igh_543690	543690	IGHV4-31	intergenic	intergenic	4826	IGH
igh_522435	522435	IGHV4-30-4	intergenic	intergenic	1079	IGH
igh_522569	522569	IGHV4-30-4	intergenic	intergenic	945	IGH
igh_862574	862574	IGHV3-53	intergenic	intergenic	8967	IGH
igh_863804	863804	IGHV3-53	intergenic	intergenic	10197	IGH
igh_864921	864921	IGHV3-53	intergenic	intergenic	11314	IGH
igh_868536	868536	IGHV1-58	intergenic	intergenic	14192	IGH
igh_870940	870940	IGHV1-58	intergenic	intergenic	11788	IGH
igh_871170	871170	IGHV1-58	intergenic	intergenic	11558	IGH
igh_871516	871516	IGHV1-58	intergenic	intergenic	11212	IGH
igh_562252	562252	IGHV3-33	intergenic	intergenic	2656	IGH
igh_539339	539339	IGHV3-30-5	intergenic	intergenic	4452	IGH
igh_527195	527195	IGHV4-30-4	intergenic	intergenic	3167	IGH
igh_442620	442620	IGHV3-25	intergenic	intergenic	2719	IGH
igh_623275	623275	IGHV4-38-2	intergenic	intergenic	1837	IGH
igh_623282	623282	IGHV4-38-2	intergenic	intergenic	1844	IGH
igh_623284	623284	IGHV4-38-2	intergenic	intergenic	1846	IGH
igh_623306	623306	IGHV4-38-2	intergenic	intergenic	1868	IGH
igh_623357	623357	IGHV4-38-2	intergenic	intergenic	1919	IGH
igh_623359	623359	IGHV4-38-2	intergenic	intergenic	1921	IGH
igh_623366	623366	IGHV4-38-2	intergenic	intergenic	1928	IGH
igh_623369	623369	IGHV4-38-2	intergenic	intergenic	1931	IGH
igh_623397	623397	IGHV4-38-2	intergenic	intergenic	1959	IGH
igh_623415	623415	IGHV4-38-2	intergenic	intergenic	1977	IGH
igh_623429	623429	IGHV4-38-2	intergenic	intergenic	1991	IGH
igh_623430	623430	IGHV4-38-2	intergenic	intergenic	1992	IGH
igh_623456	623456	IGHV4-38-2	intergenic	intergenic	2018	IGH
igh_623560	623560	IGHV4-38-2	intergenic	intergenic	2122	IGH
igh_623562	623562	IGHV4-38-2	intergenic	intergenic	2124	IGH
igh_623583	623583	IGHV4-38-2	intergenic	intergenic	2145	IGH
igh_623602	623602	IGHV4-38-2	intergenic	intergenic	2164	IGH
igh_623674	623674	IGHV4-38-2	intergenic	intergenic	2236	IGH
igh_623686	623686	IGHV4-38-2	intergenic	intergenic	2248	IGH
igh_623703	623703	IGHV4-38-2	intergenic	intergenic	2265	IGH
igh_623726	623726	IGHV4-38-2	intergenic	intergenic	2288	IGH
igh_623797	623797	IGHV4-38-2	intergenic	intergenic	2359	IGH
igh_623806	623806	IGHV4-38-2	intergenic	intergenic	2368	IGH
igh_623811	623811	IGHV4-38-2	intergenic	intergenic	2373	IGH
igh_623882	623882	IGHV4-38-2	intergenic	intergenic	2444	IGH
igh_623888	623888	IGHV4-38-2	intergenic	intergenic	2450	IGH
igh_623892	623892	IGHV4-38-2	intergenic	intergenic	2454	IGH
igh_623973	623973	IGHV4-38-2	intergenic	intergenic	2535	IGH
igh_623991	623991	IGHV4-38-2	intergenic	intergenic	2553	IGH
igh_624025	624025	IGHV4-38-2	intergenic	intergenic	2587	IGH
igh_624069	624069	IGHV4-38-2	intergenic	intergenic	2631	IGH
igh_624079	624079	IGHV4-38-2	intergenic	intergenic	2641	IGH
igh_624197	624197	IGHV4-38-2	intergenic	intergenic	2759	IGH
igh_624204	624204	IGHV4-38-2	intergenic	intergenic	2766	IGH
igh_624211	624211	IGHV4-38-2	intergenic	intergenic	2773	IGH
igh_624247	624247	IGHV4-38-2	intergenic	intergenic	2809	IGH
igh_624327	624327	IGHV4-38-2	intergenic	intergenic	2889	IGH
igh_624329	624329	IGHV4-38-2	intergenic	intergenic	2891	IGH
igh_624350	624350	IGHV4-38-2	intergenic	intergenic	2912	IGH
igh_624357	624357	IGHV4-38-2	intergenic	intergenic	2919	IGH
igh_624358	624358	IGHV4-38-2	intergenic	intergenic	2920	IGH
igh_624399	624399	IGHV4-38-2	intergenic	intergenic	2961	IGH
igh_624426	624426	IGHV4-38-2	intergenic	intergenic	2988	IGH
igh_624518	624518	IGHV4-38-2	intergenic	intergenic	3080	IGH
igh_624533	624533	IGHV4-38-2	intergenic	intergenic	3095	IGH
igh_624557	624557	IGHV4-38-2	intergenic	intergenic	3119	IGH
igh_624605	624605	IGHV4-38-2	intergenic	intergenic	3167	IGH
igh_624613	624613	IGHV4-38-2	intergenic	intergenic	3175	IGH
igh_624614	624614	IGHV4-38-2	intergenic	intergenic	3176	IGH
igh_624619	624619	IGHV4-38-2	intergenic	intergenic	3181	IGH
igh_624802	624802	IGHV4-38-2	intergenic	intergenic	3364	IGH
igh_624906	624906	IGHV4-38-2	intergenic	intergenic	3468	IGH
igh_625083	625083	IGHV4-38-2	intergenic	intergenic	3645	IGH
igh_625143	625143	IGHV4-38-2	intergenic	intergenic	3705	IGH
igh_625209	625209	IGHV4-38-2	intergenic	intergenic	3771	IGH
igh_625239	625239	IGHV4-38-2	intergenic	intergenic	3801	IGH
igh_625256	625256	IGHV4-38-2	intergenic	intergenic	3818	IGH
igh_625316	625316	IGHV4-38-2	intergenic	intergenic	3878	IGH
igh_625364	625364	IGHV4-38-2	intergenic	intergenic	3926	IGH
igh_625494	625494	IGHV4-38-2	intergenic	intergenic	4056	IGH
igh_625531	625531	IGHV4-38-2	intergenic	intergenic	4093	IGH
igh_625636	625636	IGHV4-38-2	intergenic	intergenic	4198	IGH
igh_625707	625707	IGHV4-38-2	intergenic	intergenic	4269	IGH
igh_625772	625772	IGHV4-38-2	intergenic	intergenic	4334	IGH
igh_625788	625788	IGHV4-38-2	intergenic	intergenic	4350	IGH
igh_625879	625879	IGHV4-38-2	intergenic	intergenic	4441	IGH
igh_625971	625971	IGHV4-38-2	intergenic	intergenic	4533	IGH
igh_626001	626001	IGHV4-38-2	intergenic	intergenic	4563	IGH
igh_626044	626044	IGHV4-38-2	intergenic	intergenic	4606	IGH
igh_626048	626048	IGHV4-38-2	intergenic	intergenic	4610	IGH
igh_626099	626099	IGHV4-38-2	intergenic	intergenic	4661	IGH
igh_626206	626206	IGHV4-38-2	intergenic	intergenic	4768	IGH
igh_626222	626222	IGHV4-38-2	intergenic	intergenic	4784	IGH
igh_626227	626227	IGHV4-38-2	intergenic	intergenic	4789	IGH
igh_626236	626236	IGHV4-38-2	intergenic	intergenic	4798	IGH
igh_626251	626251	IGHV4-38-2	intergenic	intergenic	4813	IGH
igh_626298	626298	IGHV4-38-2	intergenic	intergenic	4860	IGH
igh_626321	626321	IGHV4-38-2	intergenic	intergenic	4883	IGH
igh_626339	626339	IGHV4-38-2	intergenic	intergenic	4901	IGH
igh_626375	626375	IGHV4-38-2	intergenic	intergenic	4937	IGH
igh_626382	626382	IGHV4-38-2	intergenic	intergenic	4944	IGH
igh_626409	626409	IGHV4-38-2	intergenic	intergenic	4971	IGH
igh_626433	626433	IGHV4-38-2	intergenic	intergenic	4995	IGH
igh_626437	626437	IGHV4-38-2	intergenic	intergenic	4999	IGH
igh_626501	626501	IGHV4-38-2	intergenic	intergenic	5063	IGH
igh_626525	626525	IGHV4-38-2	intergenic	intergenic	5087	IGH
igh_626532	626532	IGHV4-38-2	intergenic	intergenic	5094	IGH
igh_626547	626547	IGHV4-38-2	intergenic	intergenic	5109	IGH
igh_626559	626559	IGHV4-38-2	intergenic	intergenic	5121	IGH
igh_626577	626577	IGHV4-38-2	intergenic	intergenic	5139	IGH
igh_626587	626587	IGHV4-38-2	intergenic	intergenic	5149	IGH
igh_626619	626619	IGHV4-38-2	intergenic	intergenic	5181	IGH
igh_626641	626641	IGHV4-38-2	intergenic	intergenic	5203	IGH
igh_626684	626684	IGHV4-38-2	intergenic	intergenic	5246	IGH
igh_626696	626696	IGHV4-38-2	intergenic	intergenic	5258	IGH
igh_626957	626957	IGHV4-38-2	intergenic	intergenic	5519	IGH
igh_627009	627009	IGHV4-38-2	intergenic	intergenic	5571	IGH
igh_627034	627034	IGHV4-38-2	intergenic	intergenic	5596	IGH
igh_627074	627074	IGHV4-38-2	intergenic	intergenic	5636	IGH
igh_557821	557821	IGHV3-33	intergenic	intergenic	1203	IGH
igh_504520	504520	IGHV4-30-2	intergenic	intergenic	4423	IGH
igh_438231	438231	IGHV3-25	intergenic	intergenic	1098	IGH
igh_567284	567284	IGHV4-34	intergenic	intergenic	5610	IGH
igh_567344	567344	IGHV4-34	intergenic	intergenic	5550	IGH
igh_580946	580946	IGHV4-34	intergenic	intergenic	7542	IGH
igh_582273	582273	IGHV3-35	intergenic	intergenic	6350	IGH
igh_583957	583957	IGHV3-35	intergenic	intergenic	4666	IGH
igh_588121	588121	IGHV3-35	intergenic	intergenic	502	IGH
igh_589804	589804	IGHV3-35	intergenic	intergenic	614	IGH
igh_220026	220026	IGHV3-64D	intergenic	intergenic	7557	IGH
igh_220032	220032	IGHV3-64D	intergenic	intergenic	7551	IGH
igh_220036	220036	IGHV3-64D	intergenic	intergenic	7547	IGH
igh_220037	220037	IGHV3-64D	intergenic	intergenic	7546	IGH
igh_220057	220057	IGHV3-64D	intergenic	intergenic	7526	IGH
igh_220063	220063	IGHV3-64D	intergenic	intergenic	7520	IGH
igh_220071	220071	IGHV3-64D	intergenic	intergenic	7512	IGH
igh_220081	220081	IGHV3-64D	intergenic	intergenic	7502	IGH
igh_220186	220186	IGHV3-64D	intergenic	intergenic	7397	IGH
igh_220195	220195	IGHV3-64D	intergenic	intergenic	7388	IGH
igh_220258	220258	IGHV3-64D	intergenic	intergenic	7325	IGH
igh_220303	220303	IGHV3-64D	intergenic	intergenic	7280	IGH
igh_220325	220325	IGHV3-64D	intergenic	intergenic	7258	IGH
igh_220326	220326	IGHV3-64D	intergenic	intergenic	7257	IGH
igh_220348	220348	IGHV3-64D	intergenic	intergenic	7235	IGH
igh_220363	220363	IGHV3-64D	intergenic	intergenic	7220	IGH
igh_220380	220380	IGHV3-64D	intergenic	intergenic	7203	IGH
igh_220387	220387	IGHV3-64D	intergenic	intergenic	7196	IGH
igh_220394	220394	IGHV3-64D	intergenic	intergenic	7189	IGH
igh_220401	220401	IGHV3-64D	intergenic	intergenic	7182	IGH
igh_220406	220406	IGHV3-64D	intergenic	intergenic	7177	IGH
igh_220415	220415	IGHV3-64D	intergenic	intergenic	7168	IGH
igh_220455	220455	IGHV3-64D	intergenic	intergenic	7128	IGH
igh_220476	220476	IGHV3-64D	intergenic	intergenic	7107	IGH
igh_220508	220508	IGHV3-64D	intergenic	intergenic	7075	IGH
igh_220524	220524	IGHV3-64D	intergenic	intergenic	7059	IGH
igh_220525	220525	IGHV3-64D	intergenic	intergenic	7058	IGH
igh_220562	220562	IGHV3-64D	intergenic	intergenic	7021	IGH
igh_220572	220572	IGHV3-64D	intergenic	intergenic	7011	IGH
igh_220575	220575	IGHV3-64D	intergenic	intergenic	7008	IGH
igh_220576	220576	IGHV3-64D	intergenic	intergenic	7007	IGH
igh_220611	220611	IGHV3-64D	intergenic	intergenic	6972	IGH
igh_220617	220617	IGHV3-64D	intergenic	intergenic	6966	IGH
igh_220679	220679	IGHV3-64D	intergenic	intergenic	6904	IGH
igh_220696	220696	IGHV3-64D	intergenic	intergenic	6887	IGH
igh_220825	220825	IGHV3-64D	intergenic	intergenic	6758	IGH
igh_220883	220883	IGHV3-64D	intergenic	intergenic	6700	IGH
igh_220932	220932	IGHV3-64D	intergenic	intergenic	6651	IGH
igh_221134	221134	IGHV3-64D	intergenic	intergenic	6449	IGH
igh_221156	221156	IGHV3-64D	intergenic	intergenic	6427	IGH
igh_681531	681531	IGHV4-39	intergenic	intergenic	549	IGH
igh_681589	681589	IGHV4-39	intergenic	intergenic	491	IGH
igh_502831	502831	IGHV4-30-2	intergenic	intergenic	2734	IGH
igh_828104	828104	IGHV3-49	intergenic	intergenic	10218	IGH
igh_526075	526075	IGHV4-30-4	intergenic	intergenic	2047	IGH
igh_1133125	1133125	IGHV7-81	intergenic	intergenic	1827	IGH
igh_1013237_1	1013237	IGHV1-69D	intergenic	intergenic	9226	IGH
igh_558994	558994	IGHV3-33	intergenic	intergenic	30	IGH
igh_510449	510449	IGHV3-30-3	intergenic	intergenic	561	IGH
igh_680487	680487	IGHV4-39	intergenic	intergenic	1593	IGH
igh_680521	680521	IGHV4-39	intergenic	intergenic	1559	IGH
igh_502620	502620	IGHV4-30-2	intergenic	intergenic	2523	IGH
igh_1018505	1018505	IGHV1-69D	intergenic	intergenic	3958	IGH
igh_529883	529883	IGHV3-30-5	intergenic	intergenic	4432	IGH
igh_529885	529885	IGHV3-30-5	intergenic	intergenic	4430	IGH
igh_530145	530145	IGHV3-30-5	intergenic	intergenic	4170	IGH
igh_530188	530188	IGHV3-30-5	intergenic	intergenic	4127	IGH
igh_530242	530242	IGHV3-30-5	intergenic	intergenic	4073	IGH
igh_530327	530327	IGHV3-30-5	intergenic	intergenic	3988	IGH
igh_530361	530361	IGHV3-30-5	intergenic	intergenic	3954	IGH
igh_530398	530398	IGHV3-30-5	intergenic	intergenic	3917	IGH
igh_530434	530434	IGHV3-30-5	intergenic	intergenic	3881	IGH
igh_1020550	1020550	IGHV1-69D	intergenic	intergenic	1913	IGH
igh_567972	567972	IGHV4-34	intergenic	intergenic	4922	IGH
igh_1005863	1005863	IGHV1-69-2	intergenic	intergenic	7849	IGH
igh_505711	505711	IGHV3-30-3	intergenic	intergenic	3605	IGH
igh_526032	526032	IGHV4-30-4	intergenic	intergenic	2004	IGH
igh_111557	111557	IGHV1-2	intergenic	intergenic	14486	IGH
igh_502669	502669	IGHV4-30-2	intergenic	intergenic	2572	IGH
igh_502690	502690	IGHV4-30-2	intergenic	intergenic	2593	IGH
igh_502751	502751	IGHV4-30-2	intergenic	intergenic	2654	IGH
igh_563233	563233	IGHV3-33	intergenic	intergenic	3637	IGH
igh_564362	564362	IGHV3-33	intergenic	intergenic	4766	IGH
igh_378055	378055	IGHV3-21	intergenic	intergenic	2960	IGH
igh_558718	558718	IGHV3-33	intergenic	intergenic	306	IGH
igh_620907	620907	IGHV4-38-2	intergenic	intergenic	24	IGH
igh_620909	620909	IGHV4-38-2	intergenic	intergenic	22	IGH
igh_560308	560308	IGHV3-33	intergenic	intergenic	712	IGH
igh_536471	536471	IGHV3-30-5	intergenic	intergenic	1584	IGH
igh_626871	626871	IGHV4-38-2	intergenic	intergenic	5433	IGH
igh_626990	626990	IGHV4-38-2	intergenic	intergenic	5552	IGH
igh_627047	627047	IGHV4-38-2	intergenic	intergenic	5609	IGH
igh_522488	522488	IGHV4-30-4	intergenic	intergenic	1026	IGH
igh_681264	681264	IGHV4-39	intergenic	intergenic	816	IGH
igh_681307	681307	IGHV4-39	intergenic	intergenic	773	IGH
igh_215553	215553	IGHV3-64D	intergenic	intergenic	12030	IGH
igh_217427	217427	IGHV3-64D	intergenic	intergenic	10156	IGH
igh_515048	515048	IGHV3-30-3	intergenic	intergenic	5160	IGH
igh_447471	447471	IGHV2-26	intergenic	intergenic	4227	IGH
igh_458002	458002	IGHV2-26	intergenic	intergenic	5805	IGH
igh_460617	460617	IGHV2-26	intergenic	intergenic	8420	IGH
igh_539577	539577	IGHV3-30-5	intergenic	intergenic	4690	IGH
igh_539636	539636	IGHV3-30-5	intergenic	intergenic	4749	IGH
igh_539672	539672	IGHV3-30-5	intergenic	intergenic	4785	IGH
igh_539798	539798	IGHV3-30-5	intergenic	intergenic	4911	IGH
igh_533517	533517	IGHV3-30-5	intergenic	intergenic	798	IGH
igh_498395	498395	IGHV4-30-2	intergenic	intergenic	1191	IGH
igh_520763	520763	IGHV4-30-4	intergenic	intergenic	2751	IGH
igh_620738	620738	IGHV4-38-2	intergenic	intergenic	193	IGH
igh_620873	620873	IGHV4-38-2	intergenic	intergenic	58	IGH
igh_621751	621751	IGHV4-38-2	intergenic	intergenic	313	IGH
igh_816671	816671	IGHV3-49	intergenic	intergenic	636	IGH
igh_680520	680520	IGHV4-39	intergenic	intergenic	1560	IGH
igh_628505	628505	IGHV4-38-2	intergenic	intergenic	7067	IGH
igh_628591	628591	IGHV4-38-2	intergenic	intergenic	7153	IGH
igh_628592	628592	IGHV4-38-2	intergenic	intergenic	7154	IGH
igh_628766	628766	IGHV4-38-2	intergenic	intergenic	7328	IGH
igh_628786	628786	IGHV4-38-2	intergenic	intergenic	7348	IGH
igh_373799	373799	IGHV3-21	intergenic	intergenic	724	IGH
igh_514385	514385	IGHV3-30-3	intergenic	intergenic	4497	IGH
igh_514507	514507	IGHV3-30-3	intergenic	intergenic	4619	IGH
igh_514516	514516	IGHV3-30-3	intergenic	intergenic	4628	IGH
igh_514546	514546	IGHV3-30-3	intergenic	intergenic	4658	IGH
igh_514547	514547	IGHV3-30-3	intergenic	intergenic	4659	IGH
igh_514561	514561	IGHV3-30-3	intergenic	intergenic	4673	IGH
igh_514943	514943	IGHV3-30-3	intergenic	intergenic	5055	IGH
igh_515200	515200	IGHV3-30-3	intergenic	intergenic	5312	IGH
igh_515234	515234	IGHV3-30-3	intergenic	intergenic	5346	IGH
igh_527285	527285	IGHV4-30-4	intergenic	intergenic	3257	IGH
igh_529571	529571	IGHV3-30-5	intergenic	intergenic	4744	IGH
igh_1013944	1013944	IGHV1-69D	intergenic	intergenic	8519	IGH
igh_507946	507946	IGHV3-30-3	intergenic	intergenic	1370	IGH
igh_553141	553141	IGHV4-31	intergenic	intergenic	4111	IGH
igh_553754	553754	IGHV4-31	intergenic	intergenic	4724	IGH
igh_622340	622340	IGHV4-38-2	intergenic	intergenic	902	IGH
igh_541157	541157	IGHV3-30-5	intergenic	intergenic	6270	IGH
igh_541754	541754	IGHV4-31	intergenic	intergenic	6762	IGH
igh_831052	831052	IGHV5-51	intergenic	intergenic	8061	IGH
igh_835024	835024	IGHV5-51	intergenic	intergenic	4089	IGH
igh_555404	555404	IGHV3-33	intergenic	intergenic	3620	IGH
igh_555429	555429	IGHV3-33	intergenic	intergenic	3595	IGH
igh_555445	555445	IGHV3-33	intergenic	intergenic	3579	IGH
igh_617826	617826	IGHV4-38-2	intergenic	intergenic	3105	IGH
igh_1016548_1	1016548	IGHV1-69D	intergenic	intergenic	5915	IGH
igh_552299	552299	IGHV4-31	intergenic	intergenic	3269	IGH
igh_557075	557075	IGHV3-33	intergenic	intergenic	1949	IGH
igh_557099	557099	IGHV3-33	intergenic	intergenic	1925	IGH
igh_557147	557147	IGHV3-33	intergenic	intergenic	1877	IGH
igh_500735	500735	IGHV4-30-2	intergenic	intergenic	638	IGH
igh_1014003	1014003	IGHV1-69D	intergenic	intergenic	8460	IGH
igh_837225	837225	IGHV5-51	intergenic	intergenic	1888	IGH
igh_503715	503715	IGHV4-30-2	intergenic	intergenic	3618	IGH
igh_503725	503725	IGHV4-30-2	intergenic	intergenic	3628	IGH
igh_376606	376606	IGHV3-21	intergenic	intergenic	1511	IGH
igh_530979	530979	IGHV3-30-5	intergenic	intergenic	3336	IGH
igh_531012	531012	IGHV3-30-5	intergenic	intergenic	3303	IGH
igh_513729	513729	IGHV3-30-3	intergenic	intergenic	3841	IGH
igh_513757	513757	IGHV3-30-3	intergenic	intergenic	3869	IGH
igh_513840	513840	IGHV3-30-3	intergenic	intergenic	3952	IGH
igh_499418	499418	IGHV4-30-2	intergenic	intergenic	168	IGH
igh_680757	680757	IGHV4-39	intergenic	intergenic	1323	IGH
igh_540835	540835	IGHV3-30-5	intergenic	intergenic	5948	IGH
igh_537483	537483	IGHV3-30-5	intergenic	intergenic	2596	IGH
igh_489210	489210	IGHV3-30	intergenic	intergenic	3255	IGH
igh_503243	503243	IGHV4-30-2	intergenic	intergenic	3146	IGH
igh_503259	503259	IGHV4-30-2	intergenic	intergenic	3162	IGH
igh_584036	584036	IGHV3-35	intergenic	intergenic	4587	IGH
igh_562064	562064	IGHV3-33	intergenic	intergenic	2468	IGH
igh_562179	562179	IGHV3-33	intergenic	intergenic	2583	IGH
igh_621591	621591	IGHV4-38-2	intergenic	intergenic	153	IGH
igh_621660	621660	IGHV4-38-2	intergenic	intergenic	222	IGH
igh_621821	621821	IGHV4-38-2	intergenic	intergenic	383	IGH
igh_622123	622123	IGHV4-38-2	intergenic	intergenic	685	IGH
igh_622291	622291	IGHV4-38-2	intergenic	intergenic	853	IGH
igh_622299	622299	IGHV4-38-2	intergenic	intergenic	861	IGH
igh_622331	622331	IGHV4-38-2	intergenic	intergenic	893	IGH
igh_622386	622386	IGHV4-38-2	intergenic	intergenic	948	IGH
igh_622413	622413	IGHV4-38-2	intergenic	intergenic	975	IGH
igh_622463	622463	IGHV4-38-2	intergenic	intergenic	1025	IGH
igh_622523	622523	IGHV4-38-2	intergenic	intergenic	1085	IGH
igh_622659	622659	IGHV4-38-2	intergenic	intergenic	1221	IGH
igh_622689	622689	IGHV4-38-2	intergenic	intergenic	1251	IGH
igh_622693	622693	IGHV4-38-2	intergenic	intergenic	1255	IGH
igh_622734	622734	IGHV4-38-2	intergenic	intergenic	1296	IGH
igh_622737	622737	IGHV4-38-2	intergenic	intergenic	1299	IGH
igh_622742	622742	IGHV4-38-2	intergenic	intergenic	1304	IGH
igh_622817	622817	IGHV4-38-2	intergenic	intergenic	1379	IGH
igh_622877	622877	IGHV4-38-2	intergenic	intergenic	1439	IGH
igh_622951	622951	IGHV4-38-2	intergenic	intergenic	1513	IGH
igh_623173	623173	IGHV4-38-2	intergenic	intergenic	1735	IGH
igh_623214	623214	IGHV4-38-2	intergenic	intergenic	1776	IGH
igh_555093	555093	IGHV3-33	intergenic	intergenic	3931	IGH
igh_527715	527715	IGHV4-30-4	intergenic	intergenic	3687	IGH
igh_515358	515358	IGHV3-30-3	intergenic	intergenic	5470	IGH
igh_515360	515360	IGHV3-30-3	intergenic	intergenic	5472	IGH
igh_597812	597812	IGHV3-35	intergenic	intergenic	8622	IGH
igh_597821	597821	IGHV3-35	intergenic	intergenic	8631	IGH
igh_563091	563091	IGHV3-33	intergenic	intergenic	3495	IGH
igh_1138470	1138470	IGHV7-81	intergenic	intergenic	2988	IGH
igh_1138700	1138700	IGHV7-81	intergenic	intergenic	3218	IGH
igh_1141657	1141657	IGHV7-81	intergenic	intergenic	6175	IGH
igh_1142954	1142954	IGHV7-81	intergenic	intergenic	7472	IGH
igh_563308	563308	IGHV3-33	intergenic	intergenic	3712	IGH
igh_980114	980114	IGHV2-70D	intergenic	intergenic	3831	IGH
igh_980137	980137	IGHV2-70D	intergenic	intergenic	3808	IGH
igh_980481	980481	IGHV2-70D	intergenic	intergenic	3464	IGH
igh_980507	980507	IGHV2-70D	intergenic	intergenic	3438	IGH
igh_980553	980553	IGHV2-70D	intergenic	intergenic	3392	IGH
igh_980567	980567	IGHV2-70D	intergenic	intergenic	3378	IGH
igh_540882	540882	IGHV3-30-5	intergenic	intergenic	5995	IGH
igh_540887	540887	IGHV3-30-5	intergenic	intergenic	6000	IGH
igh_540890	540890	IGHV3-30-5	intergenic	intergenic	6003	IGH
igh_541044	541044	IGHV3-30-5	intergenic	intergenic	6157	IGH
igh_541047	541047	IGHV3-30-5	intergenic	intergenic	6160	IGH
igh_541092	541092	IGHV3-30-5	intergenic	intergenic	6205	IGH
igh_541203	541203	IGHV3-30-5	intergenic	intergenic	6316	IGH
igh_541208	541208	IGHV3-30-5	intergenic	intergenic	6321	IGH
igh_1014528	1014528	IGHV1-69D	intergenic	intergenic	7935	IGH
igh_1017846	1017846	IGHV1-69D	intergenic	intergenic	4617	IGH
igh_1135618	1135618	IGHV7-81	intergenic	intergenic	136	IGH
igh_548348	548348	IGHV4-31	intergenic	intergenic	168	IGH
igh_331728	331728	IGHV1-18	intergenic	intergenic	6838	IGH
igh_681455	681455	IGHV4-39	intergenic	intergenic	625	IGH
igh_537193	537193	IGHV3-30-5	intergenic	intergenic	2306	IGH
igh_562544	562544	IGHV3-33	intergenic	intergenic	2948	IGH
igh_562546	562546	IGHV3-33	intergenic	intergenic	2950	IGH
igh_1007142	1007142	IGHV1-69-2	intergenic	intergenic	9128	IGH
igh_1007196	1007196	IGHV1-69-2	intergenic	intergenic	9182	IGH
igh_504991	504991	IGHV3-30-3	intergenic	intergenic	4325	IGH
igh_680714	680714	IGHV4-39	intergenic	intergenic	1366	IGH
igh_680773	680773	IGHV4-39	intergenic	intergenic	1307	IGH
igh_680893	680893	IGHV4-39	intergenic	intergenic	1187	IGH
igh_680968	680968	IGHV4-39	intergenic	intergenic	1112	IGH
igh_680969	680969	IGHV4-39	intergenic	intergenic	1111	IGH
igh_681031	681031	IGHV4-39	intergenic	intergenic	1049	IGH
igh_681047	681047	IGHV4-39	intergenic	intergenic	1033	IGH
igh_681084	681084	IGHV4-39	intergenic	intergenic	996	IGH
igh_681105	681105	IGHV4-39	intergenic	intergenic	975	IGH
igh_681199	681199	IGHV4-39	intergenic	intergenic	881	IGH
igh_432565	432565	IGHV1-24	intergenic	intergenic	5182	IGH
igh_555462	555462	IGHV3-33	intergenic	intergenic	3562	IGH
igh_519750	519750	IGHV4-30-4	intergenic	intergenic	3764	IGH
igh_1018763	1018763	IGHV1-69D	intergenic	intergenic	3700	IGH
igh_506473	506473	IGHV3-30-3	intergenic	intergenic	2843	IGH
igh_377125	377125	IGHV3-21	intergenic	intergenic	2030	IGH
igh_545486	545486	IGHV4-31	intergenic	intergenic	3030	IGH
igh_504050	504050	IGHV4-30-2	intergenic	intergenic	3953	IGH
igh_504051	504051	IGHV4-30-2	intergenic	intergenic	3954	IGH
igh_504073	504073	IGHV4-30-2	intergenic	intergenic	3976	IGH
igh_504148	504148	IGHV4-30-2	intergenic	intergenic	4051	IGH
igh_504151	504151	IGHV4-30-2	intergenic	intergenic	4054	IGH
igh_504225	504225	IGHV4-30-2	intergenic	intergenic	4128	IGH
igh_504310	504310	IGHV4-30-2	intergenic	intergenic	4213	IGH
igh_504355	504355	IGHV4-30-2	intergenic	intergenic	4258	IGH
igh_504371	504371	IGHV4-30-2	intergenic	intergenic	4274	IGH
igh_504394	504394	IGHV4-30-2	intergenic	intergenic	4297	IGH
igh_504431	504431	IGHV4-30-2	intergenic	intergenic	4334	IGH
igh_504447	504447	IGHV4-30-2	intergenic	intergenic	4350	IGH
igh_504454	504454	IGHV4-30-2	intergenic	intergenic	4357	IGH
igh_504455	504455	IGHV4-30-2	intergenic	intergenic	4358	IGH
igh_504509	504509	IGHV4-30-2	intergenic	intergenic	4412	IGH
igh_504518	504518	IGHV4-30-2	intergenic	intergenic	4421	IGH
igh_954020	954020	IGHV3-66	intergenic	intergenic	18065	IGH
igh_515348	515348	IGHV3-30-3	intergenic	intergenic	5460	IGH
igh_515356	515356	IGHV3-30-3	intergenic	intergenic	5468	IGH
igh_515357	515357	IGHV3-30-3	intergenic	intergenic	5469	IGH
igh_515379	515379	IGHV3-30-3	intergenic	intergenic	5491	IGH
igh_515412	515412	IGHV3-30-3	intergenic	intergenic	5524	IGH
igh_491765	491765	IGHV3-30	intergenic	intergenic	5810	IGH
igh_527787	527787	IGHV4-30-4	intergenic	intergenic	3759	IGH
igh_327976	327976	IGHV1-18	intergenic	intergenic	3086	IGH
igh_554135	554135	IGHV3-33	intergenic	intergenic	4889	IGH
igh_633082	633082	IGHV3-43D	intergenic	intergenic	3189	IGH
igh_558599	558599	IGHV3-33	intergenic	intergenic	425	IGH
igh_619301	619301	IGHV4-38-2	intergenic	intergenic	1630	IGH
igh_619478_1	619478	IGHV4-38-2	intergenic	intergenic	1453	IGH
igh_506524	506524	IGHV3-30-3	intergenic	intergenic	2792	IGH
igh_533082	533082	IGHV3-30-5	intergenic	intergenic	1233	IGH
igh_533221	533221	IGHV3-30-5	intergenic	intergenic	1094	IGH
igh_533265	533265	IGHV3-30-5	intergenic	intergenic	1050	IGH
igh_533276	533276	IGHV3-30-5	intergenic	intergenic	1039	IGH
igh_512678	512678	IGHV3-30-3	intergenic	intergenic	2790	IGH
igh_529261	529261	IGHV3-30-5	intergenic	intergenic	5054	IGH
igh_996079	996079	IGHV1-69-2	intergenic	intergenic	1402	IGH
igh_1013531	1013531	IGHV1-69D	intergenic	intergenic	8932	IGH
igh_505820	505820	IGHV3-30-3	intergenic	intergenic	3496	IGH
igh_505950	505950	IGHV3-30-3	intergenic	intergenic	3366	IGH
igh_506284	506284	IGHV3-30-3	intergenic	intergenic	3032	IGH
igh_506293	506293	IGHV3-30-3	intergenic	intergenic	3023	IGH
igh_506561	506561	IGHV3-30-3	intergenic	intergenic	2755	IGH
igh_506578	506578	IGHV3-30-3	intergenic	intergenic	2738	IGH
igh_561104	561104	IGHV3-33	intergenic	intergenic	1508	IGH
igh_553335	553335	IGHV4-31	intergenic	intergenic	4305	IGH
igh_506545	506545	IGHV3-30-3	intergenic	intergenic	2771	IGH
igh_503749	503749	IGHV4-30-2	intergenic	intergenic	3652	IGH
igh_542400	542400	IGHV4-31	intergenic	intergenic	6116	IGH
igh_681530	681530	IGHV4-39	intergenic	intergenic	550	IGH
igh_681645	681645	IGHV4-39	intergenic	intergenic	435	IGH
igh_538142	538142	IGHV3-30-5	intergenic	intergenic	3255	IGH
igh_538722	538722	IGHV3-30-5	intergenic	intergenic	3835	IGH
igh_578123	578123	IGHV4-34	intergenic	intergenic	4719	IGH
igh_502892	502892	IGHV4-30-2	intergenic	intergenic	2795	IGH
igh_502956	502956	IGHV4-30-2	intergenic	intergenic	2859	IGH
igh_1013647	1013647	IGHV1-69D	intergenic	intergenic	8816	IGH
igh_505686	505686	IGHV3-30-3	intergenic	intergenic	3630	IGH
igh_506557	506557	IGHV3-30-3	intergenic	intergenic	2759	IGH
igh_537543	537543	IGHV3-30-5	intergenic	intergenic	2656	IGH
igh_681524	681524	IGHV4-39	intergenic	intergenic	556	IGH
igh_681547	681547	IGHV4-39	intergenic	intergenic	533	IGH
igh_681583	681583	IGHV4-39	intergenic	intergenic	497	IGH
igh_681604	681604	IGHV4-39	intergenic	intergenic	476	IGH
igh_681622	681622	IGHV4-39	intergenic	intergenic	458	IGH
igh_680478	680478	IGHV4-39	intergenic	intergenic	1602	IGH
igh_627186	627186	IGHV4-38-2	intergenic	intergenic	5748	IGH
igh_627190	627190	IGHV4-38-2	intergenic	intergenic	5752	IGH
igh_627261	627261	IGHV4-38-2	intergenic	intergenic	5823	IGH
igh_627287	627287	IGHV4-38-2	intergenic	intergenic	5849	IGH
igh_627296	627296	IGHV4-38-2	intergenic	intergenic	5858	IGH
igh_627297	627297	IGHV4-38-2	intergenic	intergenic	5859	IGH
igh_627362	627362	IGHV4-38-2	intergenic	intergenic	5924	IGH
igh_627407	627407	IGHV4-38-2	intergenic	intergenic	5969	IGH
igh_627450	627450	IGHV4-38-2	intergenic	intergenic	6012	IGH
igh_627495	627495	IGHV4-38-2	intergenic	intergenic	6057	IGH
igh_627501	627501	IGHV4-38-2	intergenic	intergenic	6063	IGH
igh_627583	627583	IGHV4-38-2	intergenic	intergenic	6145	IGH
igh_627737	627737	IGHV4-38-2	intergenic	intergenic	6299	IGH
igh_627766	627766	IGHV4-38-2	intergenic	intergenic	6328	IGH
igh_627812	627812	IGHV4-38-2	intergenic	intergenic	6374	IGH
igh_627827	627827	IGHV4-38-2	intergenic	intergenic	6389	IGH
igh_627837	627837	IGHV4-38-2	intergenic	intergenic	6399	IGH
igh_627987	627987	IGHV4-38-2	intergenic	intergenic	6549	IGH
igh_627994	627994	IGHV4-38-2	intergenic	intergenic	6556	IGH
igh_628029	628029	IGHV4-38-2	intergenic	intergenic	6591	IGH
igh_628082	628082	IGHV4-38-2	intergenic	intergenic	6644	IGH
igh_628237	628237	IGHV4-38-2	intergenic	intergenic	6799	IGH
igh_628254	628254	IGHV4-38-2	intergenic	intergenic	6816	IGH
igh_530677	530677	IGHV3-30-5	intergenic	intergenic	3638	IGH
igh_530807	530807	IGHV3-30-5	intergenic	intergenic	3508	IGH
igh_530922	530922	IGHV3-30-5	intergenic	intergenic	3393	IGH
igh_530957	530957	IGHV3-30-5	intergenic	intergenic	3358	IGH
igh_680741	680741	IGHV4-39	intergenic	intergenic	1339	IGH
igh_634033	634033	IGHV3-43D	intergenic	intergenic	2238	IGH
igh_505631	505631	IGHV3-30-3	intergenic	intergenic	3685	IGH
igh_681171	681171	IGHV4-39	intergenic	intergenic	909	IGH
igh_504806	504806	IGHV3-30-3	intergenic	intergenic	4510	IGH
igh_171043	171043	IGHV7-4-1	intergenic	intergenic	5907	IGH
igh_554011	554011	IGHV4-31	intergenic	intergenic	4981	IGH
igh_726128	726128	IGHV3-43	intergenic	intergenic	4506	IGH
igh_1008219	1008219	IGHV1-69-2	intergenic	intergenic	10205	IGH
igh_502788	502788	IGHV4-30-2	intergenic	intergenic	2691	IGH
igh_680675	680675	IGHV4-39	intergenic	intergenic	1405	IGH
igh_480342	480342	IGHV3-30	intergenic	intergenic	5041	IGH
igh_527443	527443	IGHV4-30-4	intergenic	intergenic	3415	IGH
igh_681262	681262	IGHV4-39	intergenic	intergenic	818	IGH
igh_681330	681330	IGHV4-39	intergenic	intergenic	750	IGH
igh_531463	531463	IGHV3-30-5	intergenic	intergenic	2852	IGH
igh_501274	501274	IGHV4-30-2	intergenic	intergenic	1177	IGH
igh_501313	501313	IGHV4-30-2	intergenic	intergenic	1216	IGH
igh_501321	501321	IGHV4-30-2	intergenic	intergenic	1224	IGH
igh_501323	501323	IGHV4-30-2	intergenic	intergenic	1226	IGH
igh_501375	501375	IGHV4-30-2	intergenic	intergenic	1278	IGH
igh_501933	501933	IGHV4-30-2	intergenic	intergenic	1836	IGH
igh_501985	501985	IGHV4-30-2	intergenic	intergenic	1888	IGH
igh_501990	501990	IGHV4-30-2	intergenic	intergenic	1893	IGH
igh_502149	502149	IGHV4-30-2	intergenic	intergenic	2052	IGH
igh_502158	502158	IGHV4-30-2	intergenic	intergenic	2061	IGH
igh_502163	502163	IGHV4-30-2	intergenic	intergenic	2066	IGH
igh_502168	502168	IGHV4-30-2	intergenic	intergenic	2071	IGH
igh_502286	502286	IGHV4-30-2	intergenic	intergenic	2189	IGH
igh_1018312	1018312	IGHV1-69D	intergenic	intergenic	4151	IGH
igh_622156	622156	IGHV4-38-2	intergenic	intergenic	718	IGH
igh_622157	622157	IGHV4-38-2	intergenic	intergenic	719	IGH
igh_1001489	1001489	IGHV1-69-2	intergenic	intergenic	3475	IGH
igh_1001493	1001493	IGHV1-69-2	intergenic	intergenic	3479	IGH
igh_834762	834762	IGHV5-51	intergenic	intergenic	4351	IGH
igh_1018735	1018735	IGHV1-69D	intergenic	intergenic	3728	IGH
igh_628449	628449	IGHV4-38-2	intergenic	intergenic	7011	IGH
igh_417142	417142	IGHV3-23D	intergenic	intergenic	1763	IGH
igh_828827	828827	IGHV5-51	intergenic	intergenic	10286	IGH
igh_541771	541771	IGHV4-31	intergenic	intergenic	6745	IGH
igh_622582	622582	IGHV4-38-2	intergenic	intergenic	1144	IGH
igh_504905	504905	IGHV3-30-3	intergenic	intergenic	4411	IGH
igh_504914	504914	IGHV3-30-3	intergenic	intergenic	4402	IGH
igh_504924	504924	IGHV3-30-3	intergenic	intergenic	4392	IGH
igh_1178147	1178147	IGHV3-9	intergenic	intergenic	4114	IGH
igh_980517	980517	IGHV2-70D	intergenic	intergenic	3428	IGH
igh_550007	550007	IGHV4-31	intergenic	intergenic	977	IGH
igh_550982	550982	IGHV4-31	intergenic	intergenic	1952	IGH
igh_816667	816667	IGHV3-49	intergenic	intergenic	640	IGH
igh_503483	503483	IGHV4-30-2	intergenic	intergenic	3386	IGH
igh_501824	501824	IGHV4-30-2	intergenic	intergenic	1727	IGH
igh_502064	502064	IGHV4-30-2	intergenic	intergenic	1967	IGH
igh_502065	502065	IGHV4-30-2	intergenic	intergenic	1968	IGH
igh_502077	502077	IGHV4-30-2	intergenic	intergenic	1980	IGH
igh_502150	502150	IGHV4-30-2	intergenic	intergenic	2053	IGH
igh_502314	502314	IGHV4-30-2	intergenic	intergenic	2217	IGH
igh_630507	630507	IGHV3-43D	intergenic	intergenic	5764	IGH
igh_630530	630530	IGHV3-43D	intergenic	intergenic	5741	IGH
igh_635004	635004	IGHV3-43D	intergenic	intergenic	1267	IGH
igh_638081	638081	IGHV3-43D	intergenic	intergenic	1235	IGH
igh_641292	641292	IGHV3-43D	intergenic	intergenic	4446	IGH
igh_680598	680598	IGHV4-39	intergenic	intergenic	1482	IGH
igh_503616	503616	IGHV4-30-2	intergenic	intergenic	3519	IGH
igh_680882	680882	IGHV4-39	intergenic	intergenic	1198	IGH
igh_554751	554751	IGHV3-33	intergenic	intergenic	4273	IGH
igh_619430	619430	IGHV4-38-2	intergenic	intergenic	1501	IGH
igh_476618	476618	IGHV4-28	intergenic	intergenic	1551	IGH
igh_680321	680321	IGHV4-39	intergenic	intergenic	1759	IGH
igh_575064	575064	IGHV4-34	intergenic	intergenic	1660	IGH
igh_560160	560160	IGHV3-33	intergenic	intergenic	564	IGH
igh_500453	500453	IGHV4-30-2	intergenic	intergenic	356	IGH
igh_500465	500465	IGHV4-30-2	intergenic	intergenic	368	IGH
igh_500618	500618	IGHV4-30-2	intergenic	intergenic	521	IGH
igh_500621	500621	IGHV4-30-2	intergenic	intergenic	524	IGH
igh_500632	500632	IGHV4-30-2	intergenic	intergenic	535	IGH
igh_500635	500635	IGHV4-30-2	intergenic	intergenic	538	IGH
igh_500847	500847	IGHV4-30-2	intergenic	intergenic	750	IGH
igh_501115	501115	IGHV4-30-2	intergenic	intergenic	1018	IGH
igh_501146	501146	IGHV4-30-2	intergenic	intergenic	1049	IGH
igh_501191	501191	IGHV4-30-2	intergenic	intergenic	1094	IGH
igh_505074	505074	IGHV3-30-3	intergenic	intergenic	4242	IGH
igh_505075	505075	IGHV3-30-3	intergenic	intergenic	4241	IGH
igh_505100	505100	IGHV3-30-3	intergenic	intergenic	4216	IGH
igh_505151	505151	IGHV3-30-3	intergenic	intergenic	4165	IGH
igh_505154	505154	IGHV3-30-3	intergenic	intergenic	4162	IGH
igh_640570	640570	IGHV3-43D	intergenic	intergenic	3724	IGH
igh_622054	622054	IGHV4-38-2	intergenic	intergenic	616	IGH
igh_1005957	1005957	IGHV1-69-2	intergenic	intergenic	7943	IGH
igh_432003	432003	IGHV1-24	intergenic	intergenic	4620	IGH
igh_619608	619608	IGHV4-38-2	intergenic	intergenic	1323	IGH
igh_977404	977404	IGHV1-69	intergenic	intergenic	1815	IGH
igh_529458	529458	IGHV3-30-5	intergenic	intergenic	4857	IGH
igh_680924	680924	IGHV4-39	intergenic	intergenic	1156	IGH
igh_1124087	1124087	IGHV7-81	intergenic	intergenic	10865	IGH
igh_637414	637414	IGHV3-43D	intergenic	intergenic	568	IGH
igh_681124	681124	IGHV4-39	intergenic	intergenic	956	IGH
igh_500347	500347	IGHV4-30-2	intergenic	intergenic	250	IGH
igh_500609	500609	IGHV4-30-2	intergenic	intergenic	512	IGH
igh_500705	500705	IGHV4-30-2	intergenic	intergenic	608	IGH
igh_500706	500706	IGHV4-30-2	intergenic	intergenic	609	IGH
igh_502732	502732	IGHV4-30-2	intergenic	intergenic	2635	IGH
igh_502748	502748	IGHV4-30-2	intergenic	intergenic	2651	IGH
igh_502750	502750	IGHV4-30-2	intergenic	intergenic	2653	IGH
igh_816678	816678	IGHV3-49	intergenic	intergenic	629	IGH
igh_679638	679638	IGHV4-39	intergenic	intergenic	2442	IGH
igh_536210	536210	IGHV3-30-5	intergenic	intergenic	1323	IGH
igh_619151	619151	IGHV4-38-2	intergenic	intergenic	1780	IGH
igh_566122	566122	IGHV3-33	intergenic	intergenic	6526	IGH
igh_603057	603057	IGHV3-38	intergenic	intergenic	6668	IGH
igh_502016	502016	IGHV4-30-2	intergenic	intergenic	1919	IGH
igh_627160	627160	IGHV4-38-2	intergenic	intergenic	5722	IGH
igh_625273	625273	IGHV4-38-2	intergenic	intergenic	3835	IGH
igh_625545	625545	IGHV4-38-2	intergenic	intergenic	4107	IGH
igh_504935	504935	IGHV3-30-3	intergenic	intergenic	4381	IGH
igh_1133395	1133395	IGHV7-81	intergenic	intergenic	1557	IGH
igh_538015	538015	IGHV3-30-5	intergenic	intergenic	3128	IGH
igh_219540	219540	IGHV3-64D	intergenic	intergenic	8043	IGH
igh_504405	504405	IGHV4-30-2	intergenic	intergenic	4308	IGH
igh_543987	543987	IGHV4-31	intergenic	intergenic	4529	IGH
igh_564029	564029	IGHV3-33	intergenic	intergenic	4433	IGH
igh_527399	527399	IGHV4-30-4	intergenic	intergenic	3371	IGH
igh_504986	504986	IGHV3-30-3	intergenic	intergenic	4330	IGH
igh_544190	544190	IGHV4-31	intergenic	intergenic	4326	IGH
igh_505722	505722	IGHV3-30-3	intergenic	intergenic	3594	IGH
igh_503100	503100	IGHV4-30-2	intergenic	intergenic	3003	IGH
igh_816670	816670	IGHV3-49	intergenic	intergenic	637	IGH
igh_500484	500484	IGHV4-30-2	intergenic	intergenic	387	IGH
igh_500487	500487	IGHV4-30-2	intergenic	intergenic	390	IGH
igh_554651	554651	IGHV3-33	intergenic	intergenic	4373	IGH
igh_500558	500558	IGHV4-30-2	intergenic	intergenic	461	IGH
igh_1013003	1013003	IGHV1-69D	intergenic	intergenic	9460	IGH
igh_569573	569573	IGHV4-34	intergenic	intergenic	3321	IGH
igh_611908	611908	IGHV3-38	intergenic	intergenic	1610	IGH
igh_615749	615749	IGHV4-38-2	intergenic	intergenic	5182	IGH
igh_555215	555215	IGHV3-33	intergenic	intergenic	3809	IGH
igh_555224	555224	IGHV3-33	intergenic	intergenic	3800	IGH
igh_977470	977470	IGHV1-69	intergenic	intergenic	1881	IGH
igh_977793	977793	IGHV1-69	intergenic	intergenic	2204	IGH
igh_977846	977846	IGHV1-69	intergenic	intergenic	2257	IGH
igh_977913	977913	IGHV1-69	intergenic	intergenic	2324	IGH
igh_978676	978676	IGHV1-69	intergenic	intergenic	3087	IGH
igh_978963	978963	IGHV1-69	intergenic	intergenic	3374	IGH
igh_979041	979041	IGHV1-69	intergenic	intergenic	3452	IGH
igh_979170	979170	IGHV1-69	intergenic	intergenic	3581	IGH
igh_979232	979232	IGHV1-69	intergenic	intergenic	3643	IGH
igh_979271	979271	IGHV1-69	intergenic	intergenic	3682	IGH
igh_979286	979286	IGHV1-69	intergenic	intergenic	3697	IGH
igh_979304	979304	IGHV1-69	intergenic	intergenic	3715	IGH
igh_979326	979326	IGHV1-69	intergenic	intergenic	3737	IGH
igh_979351	979351	IGHV1-69	intergenic	intergenic	3762	IGH
igh_979380	979380	IGHV1-69	intergenic	intergenic	3791	IGH
igh_979435	979435	IGHV1-69	intergenic	intergenic	3846	IGH
igh_979515	979515	IGHV1-69	intergenic	intergenic	3926	IGH
igh_979569	979569	IGHV1-69	intergenic	intergenic	3980	IGH
igh_979570	979570	IGHV1-69	intergenic	intergenic	3981	IGH
igh_979572	979572	IGHV1-69	intergenic	intergenic	3983	IGH
igh_979575	979575	IGHV1-69	intergenic	intergenic	3986	IGH
igh_979577	979577	IGHV1-69	intergenic	intergenic	3988	IGH
igh_979583	979583	IGHV1-69	intergenic	intergenic	3994	IGH
igh_979587	979587	IGHV1-69	intergenic	intergenic	3998	IGH
igh_979588	979588	IGHV1-69	intergenic	intergenic	3999	IGH
igh_979591	979591	IGHV1-69	intergenic	intergenic	4002	IGH
igh_979596	979596	IGHV1-69	intergenic	intergenic	4007	IGH
igh_979601	979601	IGHV1-69	intergenic	intergenic	4012	IGH
igh_979605	979605	IGHV1-69	intergenic	intergenic	4016	IGH
igh_979621	979621	IGHV1-69	intergenic	intergenic	4032	IGH
igh_979623	979623	IGHV1-69	intergenic	intergenic	4034	IGH
igh_979632	979632	IGHV1-69	intergenic	intergenic	4043	IGH
igh_979633	979633	IGHV1-69	intergenic	intergenic	4044	IGH
igh_979635	979635	IGHV1-69	intergenic	intergenic	4046	IGH
igh_979740	979740	IGHV1-69	intergenic	intergenic	4151	IGH
igh_979742	979742	IGHV1-69	intergenic	intergenic	4153	IGH
igh_979744	979744	IGHV1-69	intergenic	intergenic	4155	IGH
igh_979745	979745	IGHV1-69	intergenic	intergenic	4156	IGH
igh_979746	979746	IGHV1-69	intergenic	intergenic	4157	IGH
igh_979750	979750	IGHV1-69	intergenic	intergenic	4161	IGH
igh_979752	979752	IGHV1-69	intergenic	intergenic	4163	IGH
igh_979760	979760	IGHV1-69	intergenic	intergenic	4171	IGH
igh_979762	979762	IGHV1-69	intergenic	intergenic	4173	IGH
igh_979763	979763	IGHV1-69	intergenic	intergenic	4174	IGH
igh_979774	979774	IGHV2-70D	intergenic	intergenic	4171	IGH
igh_979778	979778	IGHV2-70D	intergenic	intergenic	4167	IGH
igh_979780	979780	IGHV2-70D	intergenic	intergenic	4165	IGH
igh_979783	979783	IGHV2-70D	intergenic	intergenic	4162	IGH
igh_980092	980092	IGHV2-70D	intergenic	intergenic	3853	IGH
igh_980106	980106	IGHV2-70D	intergenic	intergenic	3839	IGH
igh_980142	980142	IGHV2-70D	intergenic	intergenic	3803	IGH
igh_980162	980162	IGHV2-70D	intergenic	intergenic	3783	IGH
igh_980190	980190	IGHV2-70D	intergenic	intergenic	3755	IGH
igh_980249	980249	IGHV2-70D	intergenic	intergenic	3696	IGH
igh_980435	980435	IGHV2-70D	intergenic	intergenic	3510	IGH
igh_980451	980451	IGHV2-70D	intergenic	intergenic	3494	IGH
igh_980478	980478	IGHV2-70D	intergenic	intergenic	3467	IGH
igh_980493	980493	IGHV2-70D	intergenic	intergenic	3452	IGH
igh_505088	505088	IGHV3-30-3	intergenic	intergenic	4228	IGH
igh_505089	505089	IGHV3-30-3	intergenic	intergenic	4227	IGH
igh_505102	505102	IGHV3-30-3	intergenic	intergenic	4214	IGH
igh_505170	505170	IGHV3-30-3	intergenic	intergenic	4146	IGH
igh_628236	628236	IGHV4-38-2	intergenic	intergenic	6798	IGH
igh_502696	502696	IGHV4-30-2	intergenic	intergenic	2599	IGH
igh_502717	502717	IGHV4-30-2	intergenic	intergenic	2620	IGH
igh_502727	502727	IGHV4-30-2	intergenic	intergenic	2630	IGH
igh_502779	502779	IGHV4-30-2	intergenic	intergenic	2682	IGH
igh_1022141	1022141	IGHV1-69D	intergenic	intergenic	322	IGH
igh_505098	505098	IGHV3-30-3	intergenic	intergenic	4218	IGH
igh_554516	554516	IGHV3-33	intergenic	intergenic	4508	IGH
igh_554536	554536	IGHV3-33	intergenic	intergenic	4488	IGH
igh_1020084	1020084	IGHV1-69D	intergenic	intergenic	2379	IGH
igh_401830	401830	IGHV3-23	intergenic	intergenic	6234	IGH
igh_628918	628918	IGHV3-43D	intergenic	intergenic	7353	IGH
igh_628928	628928	IGHV3-43D	intergenic	intergenic	7343	IGH
igh_504207	504207	IGHV4-30-2	intergenic	intergenic	4110	IGH
igh_504221	504221	IGHV4-30-2	intergenic	intergenic	4124	IGH
igh_504303	504303	IGHV4-30-2	intergenic	intergenic	4206	IGH
igh_504343	504343	IGHV4-30-2	intergenic	intergenic	4246	IGH
igh_504423	504423	IGHV4-30-2	intergenic	intergenic	4326	IGH
igh_504516	504516	IGHV4-30-2	intergenic	intergenic	4419	IGH
igh_1128162	1128162	IGHV7-81	intergenic	intergenic	6790	IGH
igh_978524	978524	IGHV1-69	intergenic	intergenic	2935	IGH
igh_1013824	1013824	IGHV1-69D	intergenic	intergenic	8639	IGH
igh_966282	966282	IGHV1-69	intergenic	intergenic	8771	IGH
igh_1129896	1129896	IGHV7-81	intergenic	intergenic	5056	IGH
igh_1018107	1018107	IGHV1-69D	intergenic	intergenic	4356	IGH
igh_631252	631252	IGHV3-43D	intergenic	intergenic	5019	IGH
igh_680925	680925	IGHV4-39	intergenic	intergenic	1155	IGH
igh_681172	681172	IGHV4-39	intergenic	intergenic	908	IGH
igh_563462	563462	IGHV3-33	intergenic	intergenic	3866	IGH
igh_501251	501251	IGHV4-30-2	intergenic	intergenic	1154	IGH
igh_503167	503167	IGHV4-30-2	intergenic	intergenic	3070	IGH
igh_503171	503171	IGHV4-30-2	intergenic	intergenic	3074	IGH
igh_503217	503217	IGHV4-30-2	intergenic	intergenic	3120	IGH
igh_503231	503231	IGHV4-30-2	intergenic	intergenic	3134	IGH
igh_505247	505247	IGHV3-30-3	intergenic	intergenic	4069	IGH
igh_538268	538268	IGHV3-30-5	intergenic	intergenic	3381	IGH
igh_538346	538346	IGHV3-30-5	intergenic	intergenic	3459	IGH
igh_538689	538689	IGHV3-30-5	intergenic	intergenic	3802	IGH
igh_538728	538728	IGHV3-30-5	intergenic	intergenic	3841	IGH
igh_538756	538756	IGHV3-30-5	intergenic	intergenic	3869	IGH
igh_538839	538839	IGHV3-30-5	intergenic	intergenic	3952	IGH
igh_681096	681096	IGHV4-39	intergenic	intergenic	984	IGH
igh_681180	681180	IGHV4-39	intergenic	intergenic	900	IGH
igh_515870	515870	IGHV3-30-3	intergenic	intergenic	5982	IGH
igh_515875	515875	IGHV3-30-3	intergenic	intergenic	5987	IGH
igh_515878	515878	IGHV3-30-3	intergenic	intergenic	5990	IGH
igh_505951	505951	IGHV3-30-3	intergenic	intergenic	3365	IGH
igh_505989	505989	IGHV3-30-3	intergenic	intergenic	3327	IGH
igh_506301	506301	IGHV3-30-3	intergenic	intergenic	3015	IGH
igh_539384	539384	IGHV3-30-5	intergenic	intergenic	4497	IGH
igh_551522	551522	IGHV4-31	intergenic	intergenic	2492	IGH
igh_1011441	1011441	IGHV1-69D	intergenic	intergenic	11022	IGH
igh_506164	506164	IGHV3-30-3	intergenic	intergenic	3152	IGH
igh_347593	347593	IGHV3-20	intergenic	intergenic	2804	IGH
igh_350146	350146	IGHV3-20	intergenic	intergenic	251	IGH
igh_350340	350340	IGHV3-20	intergenic	intergenic	57	IGH
igh_351122	351122	IGHV3-20	intergenic	intergenic	150	IGH
igh_680464	680464	IGHV4-39	intergenic	intergenic	1616	IGH
igh_501579	501579	IGHV4-30-2	intergenic	intergenic	1482	IGH
igh_527439	527439	IGHV4-30-4	intergenic	intergenic	3411	IGH
igh_779659	779659	IGHV1-46	intergenic	intergenic	7638	IGH
igh_501397	501397	IGHV4-30-2	intergenic	intergenic	1300	IGH
igh_501706	501706	IGHV4-30-2	intergenic	intergenic	1609	IGH
igh_501943	501943	IGHV4-30-2	intergenic	intergenic	1846	IGH
igh_502281	502281	IGHV4-30-2	intergenic	intergenic	2184	IGH
igh_237547	237547	IGHV3-64D	intergenic	intergenic	9394	IGH
igh_977550	977550	IGHV1-69	intergenic	intergenic	1961	IGH
igh_978012	978012	IGHV1-69	intergenic	intergenic	2423	IGH
igh_978341	978341	IGHV1-69	intergenic	intergenic	2752	IGH
igh_979029	979029	IGHV1-69	intergenic	intergenic	3440	IGH
igh_979238	979238	IGHV1-69	intergenic	intergenic	3649	IGH
igh_979265	979265	IGHV1-69	intergenic	intergenic	3676	IGH
igh_979279	979279	IGHV1-69	intergenic	intergenic	3690	IGH
igh_979413	979413	IGHV1-69	intergenic	intergenic	3824	IGH
igh_979436	979436	IGHV1-69	intergenic	intergenic	3847	IGH
igh_979468	979468	IGHV1-69	intergenic	intergenic	3879	IGH
igh_979517	979517	IGHV1-69	intergenic	intergenic	3928	IGH
igh_979529	979529	IGHV1-69	intergenic	intergenic	3940	IGH
igh_979557	979557	IGHV1-69	intergenic	intergenic	3968	IGH
igh_980139	980139	IGHV2-70D	intergenic	intergenic	3806	IGH
igh_565419	565419	IGHV3-33	intergenic	intergenic	5823	IGH
igh_506158	506158	IGHV3-30-3	intergenic	intergenic	3158	IGH
igh_506448	506448	IGHV3-30-3	intergenic	intergenic	2868	IGH
igh_219486	219486	IGHV3-64D	intergenic	intergenic	8097	IGH
igh_219491	219491	IGHV3-64D	intergenic	intergenic	8092	IGH
igh_557329	557329	IGHV3-33	intergenic	intergenic	1695	IGH
igh_557554	557554	IGHV3-33	intergenic	intergenic	1470	IGH
igh_552653	552653	IGHV4-31	intergenic	intergenic	3623	IGH
igh_552663	552663	IGHV4-31	intergenic	intergenic	3633	IGH
igh_552668	552668	IGHV4-31	intergenic	intergenic	3638	IGH
igh_543852	543852	IGHV4-31	intergenic	intergenic	4664	IGH
igh_1000083	1000083	IGHV1-69-2	intergenic	intergenic	2069	IGH
igh_1000201	1000201	IGHV1-69-2	intergenic	intergenic	2187	IGH
igh_1000320	1000320	IGHV1-69-2	intergenic	intergenic	2306	IGH
igh_1000484	1000484	IGHV1-69-2	intergenic	intergenic	2470	IGH
igh_1001259	1001259	IGHV1-69-2	intergenic	intergenic	3245	IGH
igh_1001784	1001784	IGHV1-69-2	intergenic	intergenic	3770	IGH
igh_1001802	1001802	IGHV1-69-2	intergenic	intergenic	3788	IGH
igh_1002048	1002048	IGHV1-69-2	intergenic	intergenic	4034	IGH
igh_1002772	1002772	IGHV1-69-2	intergenic	intergenic	4758	IGH
igh_1003333	1003333	IGHV1-69-2	intergenic	intergenic	5319	IGH
igh_1003371	1003371	IGHV1-69-2	intergenic	intergenic	5357	IGH
igh_1004314	1004314	IGHV1-69-2	intergenic	intergenic	6300	IGH
igh_1005054	1005054	IGHV1-69-2	intergenic	intergenic	7040	IGH
igh_1005269	1005269	IGHV1-69-2	intergenic	intergenic	7255	IGH
igh_1005542	1005542	IGHV1-69-2	intergenic	intergenic	7528	IGH
igh_1010690	1010690	IGHV1-69D	intergenic	intergenic	11773	IGH
igh_1011159	1011159	IGHV1-69D	intergenic	intergenic	11304	IGH
igh_551824	551824	IGHV4-31	intergenic	intergenic	2794	IGH
igh_505278	505278	IGHV3-30-3	intergenic	intergenic	4038	IGH
igh_630222	630222	IGHV3-43D	intergenic	intergenic	6049	IGH
igh_630595	630595	IGHV3-43D	intergenic	intergenic	5676	IGH
igh_630615	630615	IGHV3-43D	intergenic	intergenic	5656	IGH
igh_630622	630622	IGHV3-43D	intergenic	intergenic	5649	IGH
igh_630681	630681	IGHV3-43D	intergenic	intergenic	5590	IGH
igh_630707	630707	IGHV3-43D	intergenic	intergenic	5564	IGH
igh_630874	630874	IGHV3-43D	intergenic	intergenic	5397	IGH
igh_631180	631180	IGHV3-43D	intergenic	intergenic	5091	IGH
igh_633172	633172	IGHV3-43D	intergenic	intergenic	3099	IGH
igh_633209	633209	IGHV3-43D	intergenic	intergenic	3062	IGH
igh_633236	633236	IGHV3-43D	intergenic	intergenic	3035	IGH
igh_633396	633396	IGHV3-43D	intergenic	intergenic	2875	IGH
igh_633433	633433	IGHV3-43D	intergenic	intergenic	2838	IGH
igh_633629	633629	IGHV3-43D	intergenic	intergenic	2642	IGH
igh_633819	633819	IGHV3-43D	intergenic	intergenic	2452	IGH
igh_633822	633822	IGHV3-43D	intergenic	intergenic	2449	IGH
igh_633823	633823	IGHV3-43D	intergenic	intergenic	2448	IGH
igh_634223	634223	IGHV3-43D	intergenic	intergenic	2048	IGH
igh_634229	634229	IGHV3-43D	intergenic	intergenic	2042	IGH
igh_635013	635013	IGHV3-43D	intergenic	intergenic	1258	IGH
igh_635071	635071	IGHV3-43D	intergenic	intergenic	1200	IGH
igh_635258	635258	IGHV3-43D	intergenic	intergenic	1013	IGH
igh_635307	635307	IGHV3-43D	intergenic	intergenic	964	IGH
igh_635710	635710	IGHV3-43D	intergenic	intergenic	561	IGH
igh_635819	635819	IGHV3-43D	intergenic	intergenic	452	IGH
igh_636231	636231	IGHV3-43D	intergenic	intergenic	40	IGH
igh_637481	637481	IGHV3-43D	intergenic	intergenic	635	IGH
igh_638203	638203	IGHV3-43D	intergenic	intergenic	1357	IGH
igh_638423	638423	IGHV3-43D	intergenic	intergenic	1577	IGH
igh_1020807	1020807	IGHV1-69D	intergenic	intergenic	1656	IGH
igh_680450	680450	IGHV4-39	intergenic	intergenic	1630	IGH
igh_1018513	1018513	IGHV1-69D	intergenic	intergenic	3950	IGH
igh_395755	395755	IGHV3-23	intergenic	intergenic	12309	IGH
igh_619977	619977	IGHV4-38-2	intergenic	intergenic	954	IGH
igh_927320	927320	IGHV3-66	intergenic	intergenic	8066	IGH
igh_503932	503932	IGHV4-30-2	intergenic	intergenic	3835	IGH
igh_503998	503998	IGHV4-30-2	intergenic	intergenic	3901	IGH
igh_504029	504029	IGHV4-30-2	intergenic	intergenic	3932	IGH
igh_504407	504407	IGHV4-30-2	intergenic	intergenic	4310	IGH
igh_504440	504440	IGHV4-30-2	intergenic	intergenic	4343	IGH
igh_500823	500823	IGHV4-30-2	intergenic	intergenic	726	IGH
igh_500914	500914	IGHV4-30-2	intergenic	intergenic	817	IGH
igh_501150	501150	IGHV4-30-2	intergenic	intergenic	1053	IGH
igh_501165	501165	IGHV4-30-2	intergenic	intergenic	1068	IGH
igh_501171	501171	IGHV4-30-2	intergenic	intergenic	1074	IGH
igh_549675	549675	IGHV4-31	intergenic	intergenic	645	IGH
igh_168886	168886	IGHV7-4-1	intergenic	intergenic	3750	IGH
igh_537352	537352	IGHV3-30-5	intergenic	intergenic	2465	IGH
igh_537364	537364	IGHV3-30-5	intergenic	intergenic	2477	IGH
igh_537513	537513	IGHV3-30-5	intergenic	intergenic	2626	IGH
igh_537865	537865	IGHV3-30-5	intergenic	intergenic	2978	IGH
igh_537911	537911	IGHV3-30-5	intergenic	intergenic	3024	IGH
igh_537947	537947	IGHV3-30-5	intergenic	intergenic	3060	IGH
igh_538046	538046	IGHV3-30-5	intergenic	intergenic	3159	IGH
igh_539433	539433	IGHV3-30-5	intergenic	intergenic	4546	IGH
igh_539506	539506	IGHV3-30-5	intergenic	intergenic	4619	IGH
igh_539515	539515	IGHV3-30-5	intergenic	intergenic	4628	IGH
igh_539545	539545	IGHV3-30-5	intergenic	intergenic	4658	IGH
igh_539546	539546	IGHV3-30-5	intergenic	intergenic	4659	IGH
igh_539560	539560	IGHV3-30-5	intergenic	intergenic	4673	IGH
igh_539569	539569	IGHV3-30-5	intergenic	intergenic	4682	IGH
igh_539942	539942	IGHV3-30-5	intergenic	intergenic	5055	IGH
igh_540145	540145	IGHV3-30-5	intergenic	intergenic	5258	IGH
igh_540147	540147	IGHV3-30-5	intergenic	intergenic	5260	IGH
igh_540186	540186	IGHV3-30-5	intergenic	intergenic	5299	IGH
igh_540199	540199	IGHV3-30-5	intergenic	intergenic	5312	IGH
igh_540246	540246	IGHV3-30-5	intergenic	intergenic	5359	IGH
igh_540558	540558	IGHV3-30-5	intergenic	intergenic	5671	IGH
igh_540647	540647	IGHV3-30-5	intergenic	intergenic	5760	IGH
igh_741145	741145	IGHV3-43	intergenic	intergenic	9934	IGH
igh_505639	505639	IGHV3-30-3	intergenic	intergenic	3677	IGH
igh_531263	531263	IGHV3-30-5	intergenic	intergenic	3052	IGH
igh_531274	531274	IGHV3-30-5	intergenic	intergenic	3041	IGH
igh_531287	531287	IGHV3-30-5	intergenic	intergenic	3028	IGH
igh_1091104	1091104	IGHV3-74	intergenic	intergenic	19732	IGH
igh_989530	989530	IGHV2-70D	intergenic	intergenic	5086	IGH
igh_991024	991024	IGHV1-69-2	intergenic	intergenic	6457	IGH
igh_991087	991087	IGHV1-69-2	intergenic	intergenic	6394	IGH
igh_991847	991847	IGHV1-69-2	intergenic	intergenic	5634	IGH
igh_992855	992855	IGHV1-69-2	intergenic	intergenic	4626	IGH
igh_993362	993362	IGHV1-69-2	intergenic	intergenic	4119	IGH
igh_998466	998466	IGHV1-69-2	intergenic	intergenic	452	IGH
igh_999501	999501	IGHV1-69-2	intergenic	intergenic	1487	IGH
igh_502057	502057	IGHV4-30-2	intergenic	intergenic	1960	IGH
igh_502880	502880	IGHV4-30-2	intergenic	intergenic	2783	IGH
igh_501747	501747	IGHV4-30-2	intergenic	intergenic	1650	IGH
igh_552181	552181	IGHV4-31	intergenic	intergenic	3151	IGH
igh_552197	552197	IGHV4-31	intergenic	intergenic	3167	IGH
igh_629998	629998	IGHV3-43D	intergenic	intergenic	6273	IGH
igh_630004	630004	IGHV3-43D	intergenic	intergenic	6267	IGH
igh_630009	630009	IGHV3-43D	intergenic	intergenic	6262	IGH
igh_553155	553155	IGHV4-31	intergenic	intergenic	4125	IGH
igh_500114	500114	IGHV4-30-2	intergenic	intergenic	17	IGH
igh_552805	552805	IGHV4-31	intergenic	intergenic	3775	IGH
igh_553082	553082	IGHV4-31	intergenic	intergenic	4052	IGH
igh_553085	553085	IGHV4-31	intergenic	intergenic	4055	IGH
igh_553159	553159	IGHV4-31	intergenic	intergenic	4129	IGH
igh_553244	553244	IGHV4-31	intergenic	intergenic	4214	IGH
igh_553287	553287	IGHV4-31	intergenic	intergenic	4257	IGH
igh_553361	553361	IGHV4-31	intergenic	intergenic	4331	IGH
igh_553377	553377	IGHV4-31	intergenic	intergenic	4347	IGH
igh_553384	553384	IGHV4-31	intergenic	intergenic	4354	IGH
igh_553385	553385	IGHV4-31	intergenic	intergenic	4355	IGH
igh_553448	553448	IGHV4-31	intergenic	intergenic	4418	IGH
igh_553622	553622	IGHV4-31	intergenic	intergenic	4592	IGH
igh_553640	553640	IGHV4-31	intergenic	intergenic	4610	IGH
igh_553835	553835	IGHV4-31	intergenic	intergenic	4805	IGH
igh_553844	553844	IGHV4-31	intergenic	intergenic	4814	IGH
igh_553854	553854	IGHV4-31	intergenic	intergenic	4824	IGH
igh_553865	553865	IGHV4-31	intergenic	intergenic	4835	IGH
igh_1001744	1001744	IGHV1-69-2	intergenic	intergenic	3730	IGH
igh_966660	966660	IGHV1-69	intergenic	intergenic	8393	IGH
igh_785816	785816	IGHV3-48	intergenic	intergenic	12365	IGH
igh_529519	529519	IGHV3-30-5	intergenic	intergenic	4796	IGH
igh_553921	553921	IGHV4-31	intergenic	intergenic	4891	IGH
igh_554005	554005	IGHV4-31	intergenic	intergenic	4975	IGH
igh_554030	554030	IGHV3-33	intergenic	intergenic	4994	IGH
igh_554080	554080	IGHV3-33	intergenic	intergenic	4944	IGH
igh_554083	554083	IGHV3-33	intergenic	intergenic	4941	IGH
igh_500511	500511	IGHV4-30-2	intergenic	intergenic	414	IGH
igh_816673	816673	IGHV3-49	intergenic	intergenic	634	IGH
igh_474426	474426	IGHV4-28	intergenic	intergenic	131	IGH
igh_502530	502530	IGHV4-30-2	intergenic	intergenic	2433	IGH
igh_502567	502567	IGHV4-30-2	intergenic	intergenic	2470	IGH
igh_502573	502573	IGHV4-30-2	intergenic	intergenic	2476	IGH
igh_502592	502592	IGHV4-30-2	intergenic	intergenic	2495	IGH
igh_502807	502807	IGHV4-30-2	intergenic	intergenic	2710	IGH
igh_537583	537583	IGHV3-30-5	intergenic	intergenic	2696	IGH
igh_628676	628676	IGHV4-38-2	intergenic	intergenic	7238	IGH
igh_628704	628704	IGHV4-38-2	intergenic	intergenic	7266	IGH
igh_628804	628804	IGHV4-38-2	intergenic	intergenic	7366	IGH
igh_540358	540358	IGHV3-30-5	intergenic	intergenic	5471	IGH
igh_557991	557991	IGHV3-33	intergenic	intergenic	1033	IGH
igh_500148	500148	IGHV4-30-2	intergenic	intergenic	51	IGH
igh_500198	500198	IGHV4-30-2	intergenic	intergenic	101	IGH
igh_680717	680717	IGHV4-39	intergenic	intergenic	1363	IGH
igh_680840	680840	IGHV4-39	intergenic	intergenic	1240	IGH
igh_492481_1	492481	IGHV3-30	intergenic	intergenic	6526	IGH
igh_429642	429642	IGHV1-24	intergenic	intergenic	2259	IGH
igh_1018294	1018294	IGHV1-69D	intergenic	intergenic	4169	IGH
igh_533578	533578	IGHV3-30-5	intergenic	intergenic	737	IGH
igh_680822	680822	IGHV4-39	intergenic	intergenic	1258	IGH
igh_680926	680926	IGHV4-39	intergenic	intergenic	1154	IGH
igh_621567	621567	IGHV4-38-2	intergenic	intergenic	129	IGH
igh_966143	966143	IGHV1-69	intergenic	intergenic	8910	IGH
igh_171221	171221	IGHV7-4-1	intergenic	intergenic	6085	IGH
igh_531425	531425	IGHV3-30-5	intergenic	intergenic	2890	IGH
igh_529544	529544	IGHV3-30-5	intergenic	intergenic	4771	IGH
igh_538079	538079	IGHV3-30-5	intergenic	intergenic	3192	IGH
igh_538226	538226	IGHV3-30-5	intergenic	intergenic	3339	IGH
igh_539030	539030	IGHV3-30-5	intergenic	intergenic	4143	IGH
igh_539034	539034	IGHV3-30-5	intergenic	intergenic	4147	IGH
igh_505664	505664	IGHV3-30-3	intergenic	intergenic	3652	IGH
igh_551836	551836	IGHV4-31	intergenic	intergenic	2806	IGH
igh_551894	551894	IGHV4-31	intergenic	intergenic	2864	IGH
igh_552105	552105	IGHV4-31	intergenic	intergenic	3075	IGH
igh_552109	552109	IGHV4-31	intergenic	intergenic	3079	IGH
igh_552155	552155	IGHV4-31	intergenic	intergenic	3125	IGH
igh_552169	552169	IGHV4-31	intergenic	intergenic	3139	IGH
igh_554561	554561	IGHV3-33	intergenic	intergenic	4463	IGH
igh_564347	564347	IGHV3-33	intergenic	intergenic	4751	IGH
igh_564383	564383	IGHV3-33	intergenic	intergenic	4787	IGH
igh_506203	506203	IGHV3-30-3	intergenic	intergenic	3113	IGH
igh_529498	529498	IGHV3-30-5	intergenic	intergenic	4817	IGH
igh_1013588	1013588	IGHV1-69D	intergenic	intergenic	8875	IGH
igh_529552	529552	IGHV3-30-5	intergenic	intergenic	4763	IGH
igh_966241	966241	IGHV1-69	intergenic	intergenic	8812	IGH
igh_551690	551690	IGHV4-31	intergenic	intergenic	2660	IGH
igh_681006	681006	IGHV4-39	intergenic	intergenic	1074	IGH
igh_594469	594469	IGHV3-35	intergenic	intergenic	5279	IGH
igh_551688	551688	IGHV4-31	intergenic	intergenic	2658	IGH
igh_533791	533791	IGHV3-30-5	intergenic	intergenic	524	IGH
igh_552658	552658	IGHV4-31	intergenic	intergenic	3628	IGH
igh_552687	552687	IGHV4-31	intergenic	intergenic	3657	IGH
igh_553318	553318	IGHV4-31	intergenic	intergenic	4288	IGH
igh_553337	553337	IGHV4-31	intergenic	intergenic	4307	IGH
igh_553370	553370	IGHV4-31	intergenic	intergenic	4340	IGH
igh_553610	553610	IGHV4-31	intergenic	intergenic	4580	IGH
igh_505310	505310	IGHV3-30-3	intergenic	intergenic	4006	IGH
igh_1013633	1013633	IGHV1-69D	intergenic	intergenic	8830	IGH
igh_681458	681458	IGHV4-39	intergenic	intergenic	622	IGH
igh_551751	551751	IGHV4-31	intergenic	intergenic	2721	IGH
igh_506191	506191	IGHV3-30-3	intergenic	intergenic	3125	IGH
igh_1002507	1002507	IGHV1-69-2	intergenic	intergenic	4493	IGH
igh_556092	556092	IGHV3-33	intergenic	intergenic	2932	IGH
igh_395631	395631	IGHV3-23	intergenic	intergenic	12433	IGH
igh_396187	396187	IGHV3-23	intergenic	intergenic	11877	IGH
igh_560096	560096	IGHV3-33	intergenic	intergenic	500	IGH
igh_681349	681349	IGHV4-39	intergenic	intergenic	731	IGH
igh_505303	505303	IGHV3-30-3	intergenic	intergenic	4013	IGH
igh_539350	539350	IGHV3-30-5	intergenic	intergenic	4463	IGH
igh_557077	557077	IGHV3-33	intergenic	intergenic	1947	IGH
igh_552004	552004	IGHV4-31	intergenic	intergenic	2974	IGH
igh_552038	552038	IGHV4-31	intergenic	intergenic	3008	IGH
igh_567958	567958	IGHV4-34	intergenic	intergenic	4936	IGH
igh_420667	420667	IGHV3-23D	intergenic	intergenic	1188	IGH
igh_599236	599236	IGHV3-35	intergenic	intergenic	10046	IGH
igh_405133	405133	IGHV3-23	intergenic	intergenic	2931	IGH
igh_1128826	1128826	IGHV7-81	intergenic	intergenic	6126	IGH
igh_637498	637498	IGHV3-43D	intergenic	intergenic	652	IGH
igh_433030	433030	IGHV1-24	intergenic	intergenic	5647	IGH
igh_553700	553700	IGHV4-31	intergenic	intergenic	4670	IGH
igh_1004865	1004865	IGHV1-69-2	intergenic	intergenic	6851	IGH
igh_527398	527398	IGHV4-30-4	intergenic	intergenic	3370	IGH
igh_564050	564050	IGHV3-33	intergenic	intergenic	4454	IGH
igh_564288	564288	IGHV3-33	intergenic	intergenic	4692	IGH
igh_539736	539736	IGHV3-30-5	intergenic	intergenic	4849	IGH
igh_539738	539738	IGHV3-30-5	intergenic	intergenic	4851	IGH
igh_416631	416631	IGHV3-23D	intergenic	intergenic	2274	IGH
igh_681268	681268	IGHV4-39	intergenic	intergenic	812	IGH
igh_1012942	1012942	IGHV1-69D	intergenic	intergenic	9521	IGH
igh_556010	556010	IGHV3-33	intergenic	intergenic	3014	IGH
igh_556305	556305	IGHV3-33	intergenic	intergenic	2719	IGH
igh_556318	556318	IGHV3-33	intergenic	intergenic	2706	IGH
igh_556866	556866	IGHV3-33	intergenic	intergenic	2158	IGH
igh_564653	564653	IGHV3-33	intergenic	intergenic	5057	IGH
igh_538298	538298	IGHV3-30-5	intergenic	intergenic	3411	IGH
igh_554177	554177	IGHV3-33	intergenic	intergenic	4847	IGH
igh_541713	541713	IGHV4-31	intergenic	intergenic	6803	IGH
igh_537586	537586	IGHV3-30-5	intergenic	intergenic	2699	IGH
igh_537603	537603	IGHV3-30-5	intergenic	intergenic	2716	IGH
igh_218013	218013	IGHV3-64D	intergenic	intergenic	9570	IGH
igh_218281	218281	IGHV3-64D	intergenic	intergenic	9302	IGH
igh_502106	502106	IGHV4-30-2	intergenic	intergenic	2009	IGH
igh_562311	562311	IGHV3-33	intergenic	intergenic	2715	IGH
igh_562667	562667	IGHV3-33	intergenic	intergenic	3071	IGH
igh_543239	543239	IGHV4-31	intergenic	intergenic	5277	IGH
igh_543240	543240	IGHV4-31	intergenic	intergenic	5276	IGH
igh_554515	554515	IGHV3-33	intergenic	intergenic	4509	IGH
igh_559006	559006	IGHV3-33	intergenic	intergenic	18	IGH
igh_554881	554881	IGHV3-33	intergenic	intergenic	4143	IGH
igh_633908	633908	IGHV3-43D	intergenic	intergenic	2363	IGH
igh_562271	562271	IGHV3-33	intergenic	intergenic	2675	IGH
igh_562292	562292	IGHV3-33	intergenic	intergenic	2696	IGH
igh_681271	681271	IGHV4-39	intergenic	intergenic	809	IGH
igh_529577	529577	IGHV3-30-5	intergenic	intergenic	4738	IGH
igh_529901	529901	IGHV3-30-5	intergenic	intergenic	4414	IGH
igh_530073_1	530073	IGHV3-30-5	intergenic	intergenic	4242	IGH
igh_530075	530075	IGHV3-30-5	intergenic	intergenic	4240	IGH
igh_530114	530114	IGHV3-30-5	intergenic	intergenic	4201	IGH
igh_530212	530212	IGHV3-30-5	intergenic	intergenic	4103	IGH
igh_566861	566861	IGHV4-34	intergenic	intergenic	6033	IGH
igh_555942	555942	IGHV3-33	intergenic	intergenic	3082	IGH
igh_555977	555977	IGHV3-33	intergenic	intergenic	3047	IGH
igh_556294	556294	IGHV3-33	intergenic	intergenic	2730	IGH
igh_556494	556494	IGHV3-33	intergenic	intergenic	2530	IGH
igh_1020350	1020350	IGHV1-69D	intergenic	intergenic	2113	IGH
igh_527468	527468	IGHV4-30-4	intergenic	intergenic	3440	IGH
igh_553450	553450	IGHV4-31	intergenic	intergenic	4420	IGH
igh_504880	504880	IGHV3-30-3	intergenic	intergenic	4436	IGH
igh_404837	404837	IGHV3-23	intergenic	intergenic	3227	IGH
igh_636009	636009	IGHV3-43D	intergenic	intergenic	262	IGH
igh_636055	636055	IGHV3-43D	intergenic	intergenic	216	IGH
igh_636124	636124	IGHV3-43D	intergenic	intergenic	147	IGH
igh_506435	506435	IGHV3-30-3	intergenic	intergenic	2881	IGH
igh_504671	504671	IGHV4-30-2	intergenic	intergenic	4574	IGH
igh_504672	504672	IGHV4-30-2	intergenic	intergenic	4575	IGH
igh_554616	554616	IGHV3-33	intergenic	intergenic	4408	IGH
igh_493846	493846	IGHV4-30-2	intergenic	intergenic	5740	IGH
igh_904619	904619	IGHV3-62	intergenic	intergenic	573	IGH
igh_550954	550954	IGHV4-31	intergenic	intergenic	1924	IGH
igh_557292	557292	IGHV3-33	intergenic	intergenic	1732	IGH
igh_557562	557562	IGHV3-33	intergenic	intergenic	1462	IGH
igh_557599	557599	IGHV3-33	intergenic	intergenic	1425	IGH
igh_557933	557933	IGHV3-33	intergenic	intergenic	1091	IGH
igh_562192	562192	IGHV3-33	intergenic	intergenic	2596	IGH
igh_539147	539147	IGHV3-30-5	intergenic	intergenic	4260	IGH
igh_424625	424625	IGHV1-24	intergenic	intergenic	2224	IGH
igh_541543	541543	IGHV3-30-5	intergenic	intergenic	6656	IGH
igh_503484	503484	IGHV4-30-2	intergenic	intergenic	3387	IGH
igh_494714	494714	IGHV4-30-2	intergenic	intergenic	4872	IGH
igh_497812	497812	IGHV4-30-2	intergenic	intergenic	1774	IGH
igh_502870	502870	IGHV4-30-2	intergenic	intergenic	2773	IGH
igh_505295	505295	IGHV3-30-3	intergenic	intergenic	4021	IGH
igh_566474	566474	IGHV4-34	intergenic	intergenic	6420	IGH
igh_971089	971089	IGHV1-69	intergenic	intergenic	3964	IGH
igh_553275	553275	IGHV4-31	intergenic	intergenic	4245	IGH
igh_553301	553301	IGHV4-31	intergenic	intergenic	4271	IGH
igh_553324	553324	IGHV4-31	intergenic	intergenic	4294	IGH
igh_553353	553353	IGHV4-31	intergenic	intergenic	4323	IGH
igh_553446	553446	IGHV4-31	intergenic	intergenic	4416	IGH
igh_553600	553600	IGHV4-31	intergenic	intergenic	4570	IGH
igh_553601	553601	IGHV4-31	intergenic	intergenic	4571	IGH
igh_553602	553602	IGHV4-31	intergenic	intergenic	4572	IGH
igh_553630	553630	IGHV4-31	intergenic	intergenic	4600	IGH
igh_629551	629551	IGHV3-43D	intergenic	intergenic	6720	IGH
igh_219443	219443	IGHV3-64D	intergenic	intergenic	8140	IGH
igh_556319	556319	IGHV3-33	intergenic	intergenic	2705	IGH
igh_556452	556452	IGHV3-33	intergenic	intergenic	2572	IGH
igh_556495	556495	IGHV3-33	intergenic	intergenic	2529	IGH
igh_556813	556813	IGHV3-33	intergenic	intergenic	2211	IGH
igh_505323	505323	IGHV3-30-3	intergenic	intergenic	3993	IGH
igh_551599	551599	IGHV4-31	intergenic	intergenic	2569	IGH
igh_549277	549277	IGHV4-31	intergenic	intergenic	247	IGH
igh_549489	549489	IGHV4-31	intergenic	intergenic	459	IGH
igh_549540	549540	IGHV4-31	intergenic	intergenic	510	IGH
igh_549645	549645	IGHV4-31	intergenic	intergenic	615	IGH
igh_549646	549646	IGHV4-31	intergenic	intergenic	616	IGH
igh_550762	550762	IGHV4-31	intergenic	intergenic	1732	IGH
igh_550995	550995	IGHV4-31	intergenic	intergenic	1965	IGH
igh_551002	551002	IGHV4-31	intergenic	intergenic	1972	IGH
igh_551003	551003	IGHV4-31	intergenic	intergenic	1973	IGH
igh_551015	551015	IGHV4-31	intergenic	intergenic	1985	IGH
igh_551088	551088	IGHV4-31	intergenic	intergenic	2058	IGH
igh_551251	551251	IGHV4-31	intergenic	intergenic	2221	IGH
igh_551467	551467	IGHV4-31	intergenic	intergenic	2437	IGH
igh_551496	551496	IGHV4-31	intergenic	intergenic	2466	IGH
igh_551503	551503	IGHV4-31	intergenic	intergenic	2473	IGH
igh_551620	551620	IGHV4-31	intergenic	intergenic	2590	IGH
igh_551662	551662	IGHV4-31	intergenic	intergenic	2632	IGH
igh_551732	551732	IGHV4-31	intergenic	intergenic	2702	IGH
igh_551775	551775	IGHV4-31	intergenic	intergenic	2745	IGH
igh_816656	816656	IGHV3-49	intergenic	intergenic	651	IGH
igh_504670	504670	IGHV4-30-2	intergenic	intergenic	4573	IGH
igh_504692	504692	IGHV4-30-2	intergenic	intergenic	4595	IGH
igh_504700	504700	IGHV4-30-2	intergenic	intergenic	4603	IGH
igh_504710	504710	IGHV3-30-3	intergenic	intergenic	4606	IGH
igh_1013590	1013590	IGHV1-69D	intergenic	intergenic	8873	IGH
igh_407995	407995	IGHV3-23	intergenic	intergenic	69	IGH
igh_557632	557632	IGHV3-33	intergenic	intergenic	1392	IGH
igh_557846	557846	IGHV3-33	intergenic	intergenic	1178	IGH
igh_680578	680578	IGHV4-39	intergenic	intergenic	1502	IGH
igh_633471	633471	IGHV3-43D	intergenic	intergenic	2800	IGH
igh_633815	633815	IGHV3-43D	intergenic	intergenic	2456	IGH
igh_634504	634504	IGHV3-43D	intergenic	intergenic	1767	IGH
igh_637754	637754	IGHV3-43D	intergenic	intergenic	908	IGH
igh_553237	553237	IGHV4-31	intergenic	intergenic	4207	IGH
igh_560801	560801	IGHV3-33	intergenic	intergenic	1205	IGH
igh_560829	560829	IGHV3-33	intergenic	intergenic	1233	IGH
igh_564084	564084	IGHV3-33	intergenic	intergenic	4488	IGH
igh_432665	432665	IGHV1-24	intergenic	intergenic	5282	IGH
igh_816674	816674	IGHV3-49	intergenic	intergenic	633	IGH
igh_407496	407496	IGHV3-23	intergenic	intergenic	568	IGH
igh_564089	564089	IGHV3-33	intergenic	intergenic	4493	IGH
igh_549078	549078	IGHV4-31	intergenic	intergenic	48	IGH
igh_549128	549128	IGHV4-31	intergenic	intergenic	98	IGH
igh_549130	549130	IGHV4-31	intergenic	intergenic	100	IGH
igh_549383	549383	IGHV4-31	intergenic	intergenic	353	IGH
igh_549395	549395	IGHV4-31	intergenic	intergenic	365	IGH
igh_549415	549415	IGHV4-31	intergenic	intergenic	385	IGH
igh_549418	549418	IGHV4-31	intergenic	intergenic	388	IGH
igh_549442	549442	IGHV4-31	intergenic	intergenic	412	IGH
igh_549549	549549	IGHV4-31	intergenic	intergenic	519	IGH
igh_549552	549552	IGHV4-31	intergenic	intergenic	522	IGH
igh_549572	549572	IGHV4-31	intergenic	intergenic	542	IGH
igh_549575	549575	IGHV4-31	intergenic	intergenic	545	IGH
igh_549763	549763	IGHV4-31	intergenic	intergenic	733	IGH
igh_549787	549787	IGHV4-31	intergenic	intergenic	757	IGH
igh_549854	549854	IGHV4-31	intergenic	intergenic	824	IGH
igh_550055	550055	IGHV4-31	intergenic	intergenic	1025	IGH
igh_550085	550085	IGHV4-31	intergenic	intergenic	1055	IGH
igh_550089	550089	IGHV4-31	intergenic	intergenic	1059	IGH
igh_550104	550104	IGHV4-31	intergenic	intergenic	1074	IGH
igh_550110	550110	IGHV4-31	intergenic	intergenic	1080	IGH
igh_550130	550130	IGHV4-31	intergenic	intergenic	1100	IGH
igh_550194	550194	IGHV4-31	intergenic	intergenic	1164	IGH
igh_550217	550217	IGHV4-31	intergenic	intergenic	1187	IGH
igh_550255	550255	IGHV4-31	intergenic	intergenic	1225	IGH
igh_550263	550263	IGHV4-31	intergenic	intergenic	1233	IGH
igh_550265	550265	IGHV4-31	intergenic	intergenic	1235	IGH
igh_550313	550313	IGHV4-31	intergenic	intergenic	1283	IGH
igh_550335	550335	IGHV4-31	intergenic	intergenic	1305	IGH
igh_550517	550517	IGHV4-31	intergenic	intergenic	1487	IGH
igh_550644	550644	IGHV4-31	intergenic	intergenic	1614	IGH
igh_550685	550685	IGHV4-31	intergenic	intergenic	1655	IGH
igh_550871	550871	IGHV4-31	intergenic	intergenic	1841	IGH
igh_550881	550881	IGHV4-31	intergenic	intergenic	1851	IGH
igh_550923	550923	IGHV4-31	intergenic	intergenic	1893	IGH
igh_550928	550928	IGHV4-31	intergenic	intergenic	1898	IGH
igh_551044	551044	IGHV4-31	intergenic	intergenic	2014	IGH
igh_551087	551087	IGHV4-31	intergenic	intergenic	2057	IGH
igh_551096	551096	IGHV4-31	intergenic	intergenic	2066	IGH
igh_551101	551101	IGHV4-31	intergenic	intergenic	2071	IGH
igh_551105	551105	IGHV4-31	intergenic	intergenic	2075	IGH
igh_551218	551218	IGHV4-31	intergenic	intergenic	2188	IGH
igh_551223	551223	IGHV4-31	intergenic	intergenic	2193	IGH
igh_551550	551550	IGHV4-31	intergenic	intergenic	2520	IGH
igh_551626	551626	IGHV4-31	intergenic	intergenic	2596	IGH
igh_551647	551647	IGHV4-31	intergenic	intergenic	2617	IGH
igh_551657	551657	IGHV4-31	intergenic	intergenic	2627	IGH
igh_549044	549044	IGHV4-31	intergenic	intergenic	14	IGH
igh_551723	551723	IGHV4-31	intergenic	intergenic	2693	IGH
igh_551814	551814	IGHV4-31	intergenic	intergenic	2784	IGH
igh_557500	557500	IGHV3-33	intergenic	intergenic	1524	IGH
igh_548492	548492	IGHV4-31	intergenic	intergenic	24	IGH
igh_548494	548494	IGHV4-31	intergenic	intergenic	22	IGH
igh_555822	555822	IGHV3-33	intergenic	intergenic	3202	IGH
igh_505488	505488	IGHV3-30-3	intergenic	intergenic	3828	IGH
igh_551691	551691	IGHV4-31	intergenic	intergenic	2661	IGH
igh_554004	554004	IGHV4-31	intergenic	intergenic	4974	IGH
igh_531327	531327	IGHV3-30-5	intergenic	intergenic	2988	IGH
igh_553439	553439	IGHV4-31	intergenic	intergenic	4409	IGH
igh_629026	629026	IGHV3-43D	intergenic	intergenic	7245	IGH
igh_539967	539967	IGHV3-30-5	intergenic	intergenic	5080	IGH
igh_539972	539972	IGHV3-30-5	intergenic	intergenic	5085	IGH
igh_540632	540632	IGHV3-30-5	intergenic	intergenic	5745	IGH
igh_538718	538718	IGHV3-30-5	intergenic	intergenic	3831	IGH
igh_556043	556043	IGHV3-33	intergenic	intergenic	2981	IGH
igh_220000	220000	IGHV3-64D	intergenic	intergenic	7583	IGH
igh_629337	629337	IGHV3-43D	intergenic	intergenic	6934	IGH
igh_629406	629406	IGHV3-43D	intergenic	intergenic	6865	IGH
igh_629408	629408	IGHV3-43D	intergenic	intergenic	6863	IGH
igh_629460	629460	IGHV3-43D	intergenic	intergenic	6811	IGH
igh_629478	629478	IGHV3-43D	intergenic	intergenic	6793	IGH
igh_629484	629484	IGHV3-43D	intergenic	intergenic	6787	IGH
igh_557295	557295	IGHV3-33	intergenic	intergenic	1729	IGH
igh_557387	557387	IGHV3-33	intergenic	intergenic	1637	IGH
igh_557586	557586	IGHV3-33	intergenic	intergenic	1438	IGH
igh_557801	557801	IGHV3-33	intergenic	intergenic	1223	IGH
igh_407752	407752	IGHV3-23	intergenic	intergenic	312	IGH
igh_529635	529635	IGHV3-30-5	intergenic	intergenic	4680	IGH
igh_540047	540047	IGHV3-30-5	intergenic	intergenic	5160	IGH
igh_555381	555381	IGHV3-33	intergenic	intergenic	3643	IGH
igh_552491	552491	IGHV4-31	intergenic	intergenic	3461	IGH
igh_406999	406999	IGHV3-23	intergenic	intergenic	1065	IGH
igh_476730	476730	IGHV4-28	intergenic	intergenic	1663	IGH
igh_538922	538922	IGHV3-30-5	intergenic	intergenic	4035	IGH
igh_629011	629011	IGHV3-43D	intergenic	intergenic	7260	IGH
igh_629125	629125	IGHV3-43D	intergenic	intergenic	7146	IGH
igh_629230	629230	IGHV3-43D	intergenic	intergenic	7041	IGH
igh_629258	629258	IGHV3-43D	intergenic	intergenic	7013	IGH
igh_629264	629264	IGHV3-43D	intergenic	intergenic	7007	IGH
igh_629632	629632	IGHV3-43D	intergenic	intergenic	6639	IGH
igh_629655	629655	IGHV3-43D	intergenic	intergenic	6616	IGH
igh_629678	629678	IGHV3-43D	intergenic	intergenic	6593	IGH
igh_629685	629685	IGHV3-43D	intergenic	intergenic	6586	IGH
igh_629713	629713	IGHV3-43D	intergenic	intergenic	6558	IGH
igh_629778	629778	IGHV3-43D	intergenic	intergenic	6493	IGH
igh_629787	629787	IGHV3-43D	intergenic	intergenic	6484	IGH
igh_631444	631444	IGHV3-43D	intergenic	intergenic	4827	IGH
igh_631552	631552	IGHV3-43D	intergenic	intergenic	4719	IGH
igh_631626	631626	IGHV3-43D	intergenic	intergenic	4645	IGH
igh_631635	631635	IGHV3-43D	intergenic	intergenic	4636	IGH
igh_631875	631875	IGHV3-43D	intergenic	intergenic	4396	IGH
igh_631887	631887	IGHV3-43D	intergenic	intergenic	4384	IGH
igh_631964	631964	IGHV3-43D	intergenic	intergenic	4307	IGH
igh_632081	632081	IGHV3-43D	intergenic	intergenic	4190	IGH
igh_632087	632087	IGHV3-43D	intergenic	intergenic	4184	IGH
igh_632105	632105	IGHV3-43D	intergenic	intergenic	4166	IGH
igh_632330	632330	IGHV3-43D	intergenic	intergenic	3941	IGH
igh_632331	632331	IGHV3-43D	intergenic	intergenic	3940	IGH
igh_632333	632333	IGHV3-43D	intergenic	intergenic	3938	IGH
igh_632652	632652	IGHV3-43D	intergenic	intergenic	3619	IGH
igh_632676	632676	IGHV3-43D	intergenic	intergenic	3595	IGH
igh_632733	632733	IGHV3-43D	intergenic	intergenic	3538	IGH
igh_632827	632827	IGHV3-43D	intergenic	intergenic	3444	IGH
igh_632834	632834	IGHV3-43D	intergenic	intergenic	3437	IGH
igh_632873	632873	IGHV3-43D	intergenic	intergenic	3398	IGH
igh_630163	630163	IGHV3-43D	intergenic	intergenic	6108	IGH
igh_630279	630279	IGHV3-43D	intergenic	intergenic	5992	IGH
igh_630311	630311	IGHV3-43D	intergenic	intergenic	5960	IGH
igh_630532	630532	IGHV3-43D	intergenic	intergenic	5739	IGH
igh_630609	630609	IGHV3-43D	intergenic	intergenic	5662	IGH
igh_630674	630674	IGHV3-43D	intergenic	intergenic	5597	IGH
igh_630745	630745	IGHV3-43D	intergenic	intergenic	5526	IGH
igh_630866	630866	IGHV3-43D	intergenic	intergenic	5405	IGH
igh_631199	631199	IGHV3-43D	intergenic	intergenic	5072	IGH
igh_633097	633097	IGHV3-43D	intergenic	intergenic	3174	IGH
igh_633153	633153	IGHV3-43D	intergenic	intergenic	3118	IGH
igh_633265	633265	IGHV3-43D	intergenic	intergenic	3006	IGH
igh_634038	634038	IGHV3-43D	intergenic	intergenic	2233	IGH
igh_634055	634055	IGHV3-43D	intergenic	intergenic	2216	IGH
igh_634230	634230	IGHV3-43D	intergenic	intergenic	2041	IGH
igh_634312	634312	IGHV3-43D	intergenic	intergenic	1959	IGH
igh_634436	634436	IGHV3-43D	intergenic	intergenic	1835	IGH
igh_634500	634500	IGHV3-43D	intergenic	intergenic	1771	IGH
igh_634742	634742	IGHV3-43D	intergenic	intergenic	1529	IGH
igh_634886	634886	IGHV3-43D	intergenic	intergenic	1385	IGH
igh_634894	634894	IGHV3-43D	intergenic	intergenic	1377	IGH
igh_634910	634910	IGHV3-43D	intergenic	intergenic	1361	IGH
igh_635056	635056	IGHV3-43D	intergenic	intergenic	1215	IGH
igh_635280	635280	IGHV3-43D	intergenic	intergenic	991	IGH
igh_635314	635314	IGHV3-43D	intergenic	intergenic	957	IGH
igh_635369	635369	IGHV3-43D	intergenic	intergenic	902	IGH
igh_635378	635378	IGHV3-43D	intergenic	intergenic	893	IGH
igh_635642	635642	IGHV3-43D	intergenic	intergenic	629	IGH
igh_635685	635685	IGHV3-43D	intergenic	intergenic	586	IGH
igh_635720	635720	IGHV3-43D	intergenic	intergenic	551	IGH
igh_636269	636269	IGHV3-43D	intergenic	intergenic	2	IGH
igh_637000	637000	IGHV3-43D	intergenic	intergenic	154	IGH
igh_637095	637095	IGHV3-43D	intergenic	intergenic	249	IGH
igh_637151	637151	IGHV3-43D	intergenic	intergenic	305	IGH
igh_637158	637158	IGHV3-43D	intergenic	intergenic	312	IGH
igh_637211	637211	IGHV3-43D	intergenic	intergenic	365	IGH
igh_637289	637289	IGHV3-43D	intergenic	intergenic	443	IGH
igh_637422	637422	IGHV3-43D	intergenic	intergenic	576	IGH
igh_637530	637530	IGHV3-43D	intergenic	intergenic	684	IGH
igh_638315	638315	IGHV3-43D	intergenic	intergenic	1469	IGH
igh_640078	640078	IGHV3-43D	intergenic	intergenic	3232	IGH
igh_640122	640122	IGHV3-43D	intergenic	intergenic	3276	IGH
igh_640127	640127	IGHV3-43D	intergenic	intergenic	3281	IGH
igh_640317	640317	IGHV3-43D	intergenic	intergenic	3471	IGH
igh_640643	640643	IGHV3-43D	intergenic	intergenic	3797	IGH
igh_640658	640658	IGHV3-43D	intergenic	intergenic	3812	IGH
igh_640679	640679	IGHV3-43D	intergenic	intergenic	3833	IGH
igh_640726	640726	IGHV3-43D	intergenic	intergenic	3880	IGH
igh_640896	640896	IGHV3-43D	intergenic	intergenic	4050	IGH
igh_640921	640921	IGHV3-43D	intergenic	intergenic	4075	IGH
igh_640928	640928	IGHV3-43D	intergenic	intergenic	4082	IGH
igh_641087	641087	IGHV3-43D	intergenic	intergenic	4241	IGH
igh_641131	641131	IGHV3-43D	intergenic	intergenic	4285	IGH
igh_641161	641161	IGHV3-43D	intergenic	intergenic	4315	IGH
igh_641205	641205	IGHV3-43D	intergenic	intergenic	4359	IGH
igh_641224	641224	IGHV3-43D	intergenic	intergenic	4378	IGH
igh_641468	641468	IGHV3-43D	intergenic	intergenic	4622	IGH
igh_641498	641498	IGHV3-43D	intergenic	intergenic	4652	IGH
igh_641516	641516	IGHV3-43D	intergenic	intergenic	4670	IGH
igh_641524	641524	IGHV3-43D	intergenic	intergenic	4678	IGH
igh_641561	641561	IGHV3-43D	intergenic	intergenic	4715	IGH
igh_641695	641695	IGHV3-43D	intergenic	intergenic	4849	IGH
igh_641711	641711	IGHV3-43D	intergenic	intergenic	4865	IGH
igh_1013120	1013120	IGHV1-69D	intergenic	intergenic	9343	IGH
igh_540114	540114	IGHV3-30-5	intergenic	intergenic	5227	IGH
igh_540121	540121	IGHV3-30-5	intergenic	intergenic	5234	IGH
igh_540122	540122	IGHV3-30-5	intergenic	intergenic	5235	IGH
igh_540273	540273	IGHV3-30-5	intergenic	intergenic	5386	IGH
igh_540301	540301	IGHV3-30-5	intergenic	intergenic	5414	IGH
igh_540676	540676	IGHV3-30-5	intergenic	intergenic	5789	IGH
igh_558369	558369	IGHV3-33	intergenic	intergenic	655	IGH
igh_629115	629115	IGHV3-43D	intergenic	intergenic	7156	IGH
igh_629954	629954	IGHV3-43D	intergenic	intergenic	6317	IGH
igh_556445	556445	IGHV3-33	intergenic	intergenic	2579	IGH
igh_533946	533946	IGHV3-30-5	intergenic	intergenic	369	IGH
igh_966322	966322	IGHV1-69	intergenic	intergenic	8731	IGH
igh_966326	966326	IGHV1-69	intergenic	intergenic	8727	IGH
chr2_88861557	88861557	IGKJ2	coding	region	0	IGK
chr2_88886138	88886138	IGKV4-1	coding	region	0	IGK
chr2_88897390	88897390	IGKV5-2	leader	leader_intron	0	IGK
chr2_88897674	88897674	IGKV5-2	coding	region	0	IGK
chr2_88947424	88947424	IGKV1-5	coding	region	0	IGK
chr2_88947430	88947430	IGKV1-5	coding	region	0	IGK
chr2_88947433	88947433	IGKV1-5	coding	region	0	IGK
chr2_88947433_2	88947433	IGKV1-5	coding	region	0	IGK
chr2_88947436	88947436	IGKV1-5	coding	region	0	IGK
chr2_88947438	88947438	IGKV1-5	coding	region	0	IGK
chr2_88966242	88966242	IGKV1-6	rss	spacer	0	IGK
chr2_88978584	88978584	IGKV3-7	coding	region	0	IGK
chr2_88978970	88978970	IGKV3-7	leader	l_part1	0	IGK
chr2_88992663	88992663	IGKV1-8	coding	region	0	IGK
chr2_88992682	88992682	IGKV1-8	coding	region	0	IGK
chr2_89010045	89010045	IGKV1-9	coding	region	0	IGK
chr2_89010057	89010057	IGKV1-9	coding	region	0	IGK
chr2_89010238	89010238	IGKV1-9	coding	region	0	IGK
chr2_89010265	89010265	IGKV1-9	coding	region	0	IGK
chr2_89046170	89046170	IGKV1-13	coding	region	0	IGK
chr2_89046392	89046392	IGKV1-13	leader	leader_intron	0	IGK
chr2_89100283	89100283	IGKV1-16	leader	l_part1	0	IGK
chr2_89117499	89117499	IGKV1-17	coding	region	0	IGK
chr2_89117520	89117520	IGKV1-17	coding	region	0	IGK
chr2_89117526	89117526	IGKV1-17	coding	region	0	IGK
chr2_89117533	89117533	IGKV1-17	coding	region	0	IGK
chr2_89117537	89117537	IGKV1-17	coding	region	0	IGK
chr2_89117552	89117552	IGKV1-17	coding	region	0	IGK
chr2_89117558	89117558	IGKV1-17	coding	region	0	IGK
chr2_89117596	89117596	IGKV1-17	coding	region	0	IGK
chr2_89117599	89117599	IGKV1-17	coding	region	0	IGK
chr2_89117600	89117600	IGKV1-17	coding	region	0	IGK
chr2_89159873	89159873	IGKV6-21	coding	region	0	IGK
chr2_89176347	89176347	IGKV2-24	coding	region	0	IGK
chr2_89213519	89213519	IGKV1-27	coding	region	0	IGK
chr2_89213880	89213880	IGKV1-27	leader	l_part1	0	IGK
chr2_89222103	89222103	IGKV2-28	leader	leader_intron	0	IGK
chr2_89234206	89234206	IGKV2-29	coding	region	0	IGK
chr2_89234329	89234329	IGKV2-29	coding	region	0	IGK
chr2_89244990	89244990	IGKV2-30	coding	region	0	IGK
chr2_89245365	89245365	IGKV2-30	leader	leader_intron	0	IGK
chr2_89268382	89268382	IGKV1-33	leader	leader_intron	0	IGK
chr2_89268401	89268401	IGKV1-33	leader	leader_intron	0	IGK
chr2_89297720	89297720	IGKV1-37	leader	l_part1	0	IGK
chr2_89330210	89330210	IGKV2-40	coding	region	0	IGK
chr2_89330296	89330296	IGKV2-40	coding	region	0	IGK
chr2_89330299	89330299	IGKV2-40	coding	region	0	IGK
chr2_89330417	89330417	IGKV2-40	coding	region	0	IGK
chr2_89330569	89330569	IGKV2-40	leader	leader_intron	0	IGK
chr2_89330705	89330705	IGKV2-40	leader	leader_intron	0	IGK
chr2_89330715	89330715	IGKV2-40	leader	leader_intron	0	IGK
chr2_89330719	89330719	IGKV2-40	leader	leader_intron	0	IGK
chr2_89330769	89330769	IGKV2-40	leader	leader_intron	0	IGK
chr2_89851838	89851838	IGKV2D-40	leader	leader_intron	0	IGK
chr2_89851888	89851888	IGKV2D-40	leader	leader_intron	0	IGK
chr2_89851892	89851892	IGKV2D-40	leader	leader_intron	0	IGK
chr2_89851902	89851902	IGKV2D-40	leader	leader_intron	0	IGK
chr2_89852038	89852038	IGKV2D-40	leader	leader_intron	0	IGK
chr2_89852090	89852090	IGKV2D-40	leader	leader_intron	0	IGK
chr2_89852190	89852190	IGKV2D-40	coding	region	0	IGK
chr2_89852308	89852308	IGKV2D-40	coding	region	0	IGK
chr2_89852311	89852311	IGKV2D-40	coding	region	0	IGK
chr2_89852362	89852362	IGKV2D-40	coding	region	0	IGK
chr2_89852397	89852397	IGKV2D-40	coding	region	0	IGK
chr2_89862556	89862556	IGKV1D-39	leader	l_part1	0	IGK
chr2_89862723	89862723	IGKV1D-39	coding	region	0	IGK
chr2_89862952	89862952	IGKV1D-39	coding	region	0	IGK
chr2_89862961	89862961	IGKV1D-39	coding	region	0	IGK
chr2_89862962	89862962	IGKV1D-39	coding	region	0	IGK
chr2_89862963	89862963	IGKV1D-39	coding	region	0	IGK
chr2_89862964	89862964	IGKV1D-39	coding	region	0	IGK
chr2_89862965	89862965	IGKV1D-39	coding	region	0	IGK
chr2_89862976	89862976	IGKV1D-39	coding	region	0	IGK
chr2_89862998	89862998	IGKV1D-39	rss	spacer	0	IGK
chr2_89914145	89914145	IGKV1D-33	leader	leader_intron	0	IGK
chr2_89914164	89914164	IGKV1D-33	leader	leader_intron	0	IGK
chr2_89948111	89948111	IGKV2D-29	coding	region	0	IGK
chr2_89960266	89960266	IGKV2D-28	leader	leader_intron	0	IGK
chr2_89960538	89960538	IGKV2D-28	coding	region	0	IGK
chr2_89960586	89960586	IGKV2D-28	coding	region	0	IGK
chr2_89986064	89986064	IGKV2D-26	leader	leader_intron	0	IGK
chr2_89986465	89986465	IGKV2D-26	coding	region	0	IGK
chr2_90069936	90069936	IGKV6D-41	leader	leader_intron	0	IGK
chr2_90082833	90082833	IGKV1D-17	leader	l_part1	0	IGK
chr2_90115129	90115129	IGKV3D-15	coding	region	0	IGK
chr2_90115273	90115273	IGKV3D-15	coding	region	0	IGK
chr2_90115345	90115345	IGKV3D-15	coding	region	0	IGK
chr2_90154172	90154172	IGKV1D-13	leader	leader_intron	0	IGK
chr2_90154567	90154567	IGKV1D-13	coding	region	0	IGK
chr2_90154579	90154579	IGKV1D-13	rss	heptamer	0	IGK
chr2_90159870	90159870	IGKV1D-12	leader	l_part1	0	IGK
chr2_90159937	90159937	IGKV1D-12	leader	leader_intron	0	IGK
chr2_90159939	90159939	IGKV1D-12	leader	leader_intron	0	IGK
chr2_90159947	90159947	IGKV1D-12	leader	leader_intron	0	IGK
chr2_90159948	90159948	IGKV1D-12	leader	leader_intron	0	IGK
chr2_90160080	90160080	IGKV1D-12	coding	region	0	IGK
chr2_90160272	90160272	IGKV1D-12	coding	region	0	IGK
chr2_90160336	90160336	IGKV1D-12	coding	region	0	IGK
chr2_90172967	90172967	IGKV3D-11	leader	leader_intron	0	IGK
chr2_90172968	90172968	IGKV3D-11	leader	leader_intron	0	IGK
chr2_90173082	90173082	IGKV3D-11	leader	leader_intron	0	IGK
chr2_90173209	90173209	IGKV3D-11	coding	region	0	IGK
chr2_90190408	90190408	IGKV1D-42	coding	region	0	IGK
chr2_90220982	90220982	IGKV1D-8	leader	leader_intron	0	IGK
chr2_90221099	90221099	IGKV1D-8	coding	region	0	IGK
chr2_90221325	90221325	IGKV1D-8	coding	region	0	IGK
chr2_90219902	90219902	IGKV1D-8	intergenic	intergenic	1005	IGK
chr2_90253352	90253352	IGKV3D-7	intergenic	intergenic	6213	IGK
chr2_90255618	90255618	IGKV3D-7	intergenic	intergenic	3947	IGK
chr2_90119076	90119076	IGKV3D-15	intergenic	intergenic	3646	IGK
chr2_90119140	90119140	IGKV3D-15	intergenic	intergenic	3710	IGK
chr2_90159826	90159826	IGKV1D-12	intergenic	intergenic	33	IGK
chr2_90159827	90159827	IGKV1D-12	intergenic	intergenic	32	IGK
chr2_90159828	90159828	IGKV1D-12	intergenic	intergenic	31	IGK
chr2_90159829	90159829	IGKV1D-12	intergenic	intergenic	30	IGK
chr2_90159847	90159847	IGKV1D-12	intergenic	intergenic	12	IGK
chr2_90160662	90160662	IGKV1D-12	intergenic	intergenic	297	IGK
chr2_90160878	90160878	IGKV1D-12	intergenic	intergenic	513	IGK
chr2_90160927	90160927	IGKV1D-12	intergenic	intergenic	562	IGK
chr2_90161141	90161141	IGKV1D-12	intergenic	intergenic	776	IGK
chr2_90161150	90161150	IGKV1D-12	intergenic	intergenic	785	IGK
chr2_90161326	90161326	IGKV1D-12	intergenic	intergenic	961	IGK
chr2_90161537	90161537	IGKV1D-12	intergenic	intergenic	1172	IGK
chr2_90161809	90161809	IGKV1D-12	intergenic	intergenic	1444	IGK
chr2_90161839	90161839	IGKV1D-12	intergenic	intergenic	1474	IGK
chr2_90161862	90161862	IGKV1D-12	intergenic	intergenic	1497	IGK
chr2_90162040	90162040	IGKV1D-12	intergenic	intergenic	1675	IGK
chr2_90162300	90162300	IGKV1D-12	intergenic	intergenic	1935	IGK
chr2_90162349	90162349	IGKV1D-12	intergenic	intergenic	1984	IGK
chr2_90162474	90162474	IGKV1D-12	intergenic	intergenic	2109	IGK
chr2_90162817	90162817	IGKV1D-12	intergenic	intergenic	2452	IGK
chr2_90163236	90163236	IGKV1D-12	intergenic	intergenic	2871	IGK
chr2_90163238	90163238	IGKV1D-12	intergenic	intergenic	2873	IGK
chr2_90163309	90163309	IGKV1D-12	intergenic	intergenic	2944	IGK
chr2_90163486	90163486	IGKV1D-12	intergenic	intergenic	3121	IGK
chr2_90163943	90163943	IGKV1D-12	intergenic	intergenic	3578	IGK
chr2_90164033	90164033	IGKV1D-12	intergenic	intergenic	3668	IGK
chr2_90164118	90164118	IGKV1D-12	intergenic	intergenic	3753	IGK
chr2_90164217	90164217	IGKV1D-12	intergenic	intergenic	3852	IGK
chr2_90164582	90164582	IGKV1D-12	intergenic	intergenic	4217	IGK
chr2_90164877	90164877	IGKV1D-12	intergenic	intergenic	4512	IGK
chr2_90164949	90164949	IGKV1D-12	intergenic	intergenic	4584	IGK
chr2_90165237	90165237	IGKV1D-12	intergenic	intergenic	4872	IGK
chr2_90165271	90165271	IGKV1D-12	intergenic	intergenic	4906	IGK
chr2_90165303	90165303	IGKV1D-12	intergenic	intergenic	4938	IGK
chr2_90165413	90165413	IGKV1D-12	intergenic	intergenic	5048	IGK
chr2_90165466	90165466	IGKV1D-12	intergenic	intergenic	5101	IGK
chr2_90165576	90165576	IGKV1D-12	intergenic	intergenic	5211	IGK
chr2_90165606	90165606	IGKV1D-12	intergenic	intergenic	5241	IGK
chr2_90165656	90165656	IGKV1D-12	intergenic	intergenic	5291	IGK
chr2_90165721	90165721	IGKV1D-12	intergenic	intergenic	5356	IGK
chr2_90165853	90165853	IGKV1D-12	intergenic	intergenic	5488	IGK
chr2_90165897	90165897	IGKV1D-12	intergenic	intergenic	5532	IGK
chr2_90165995	90165995	IGKV1D-12	intergenic	intergenic	5630	IGK
chr2_90166078	90166078	IGKV1D-12	intergenic	intergenic	5713	IGK
chr2_90166171	90166171	IGKV1D-12	intergenic	intergenic	5806	IGK
chr2_90166366	90166366	IGKV1D-12	intergenic	intergenic	6001	IGK
chr2_90166601	90166601	IGKV1D-12	intergenic	intergenic	6236	IGK
chr2_90166659	90166659	IGKV3D-11	intergenic	intergenic	6239	IGK
chr2_90166738	90166738	IGKV3D-11	intergenic	intergenic	6160	IGK
chr2_90166762	90166762	IGKV3D-11	intergenic	intergenic	6136	IGK
chr2_90166951	90166951	IGKV3D-11	intergenic	intergenic	5947	IGK
chr2_90167001	90167001	IGKV3D-11	intergenic	intergenic	5897	IGK
chr2_90167090	90167090	IGKV3D-11	intergenic	intergenic	5808	IGK
chr2_90167136	90167136	IGKV3D-11	intergenic	intergenic	5762	IGK
chr2_90167213	90167213	IGKV3D-11	intergenic	intergenic	5685	IGK
chr2_90167245	90167245	IGKV3D-11	intergenic	intergenic	5653	IGK
chr2_90167347	90167347	IGKV3D-11	intergenic	intergenic	5551	IGK
chr2_90167431	90167431	IGKV3D-11	intergenic	intergenic	5467	IGK
chr2_90167432	90167432	IGKV3D-11	intergenic	intergenic	5466	IGK
chr2_90167520	90167520	IGKV3D-11	intergenic	intergenic	5378	IGK
chr2_90167528	90167528	IGKV3D-11	intergenic	intergenic	5370	IGK
chr2_90167576	90167576	IGKV3D-11	intergenic	intergenic	5322	IGK
chr2_90167617	90167617	IGKV3D-11	intergenic	intergenic	5281	IGK
chr2_90167942	90167942	IGKV3D-11	intergenic	intergenic	4956	IGK
chr2_90168001	90168001	IGKV3D-11	intergenic	intergenic	4897	IGK
chr2_90165081	90165081	IGKV1D-12	intergenic	intergenic	4716	IGK
chr2_90172286	90172286	IGKV3D-11	intergenic	intergenic	612	IGK
chr2_90158464	90158464	IGKV1D-12	intergenic	intergenic	1395	IGK
chr2_90168855	90168855	IGKV3D-11	intergenic	intergenic	4043	IGK
chr2_90169897	90169897	IGKV3D-11	intergenic	intergenic	3001	IGK
chr2_90195725	90195725	IGKV1D-42	intergenic	intergenic	5016	IGK
chr2_90130158	90130158	IGKV3D-15	intergenic	intergenic	14728	IGK
chr2_90136833	90136833	IGKV1D-13	intergenic	intergenic	17264	IGK
chr2_90155876	90155876	IGKV1D-13	intergenic	intergenic	1272	IGK
chr2_90156070	90156070	IGKV1D-13	intergenic	intergenic	1466	IGK
chr2_90156081	90156081	IGKV1D-13	intergenic	intergenic	1477	IGK
chr2_90156268	90156268	IGKV1D-13	intergenic	intergenic	1664	IGK
chr2_90156315	90156315	IGKV1D-13	intergenic	intergenic	1711	IGK
chr2_90156584	90156584	IGKV1D-13	intergenic	intergenic	1980	IGK
chr2_90156964	90156964	IGKV1D-13	intergenic	intergenic	2360	IGK
chr2_90157434	90157434	IGKV1D-12	intergenic	intergenic	2425	IGK
chr2_90157517	90157517	IGKV1D-12	intergenic	intergenic	2342	IGK
chr2_90157710	90157710	IGKV1D-12	intergenic	intergenic	2149	IGK
chr2_90157844	90157844	IGKV1D-12	intergenic	intergenic	2015	IGK
chr2_90158415	90158415	IGKV1D-12	intergenic	intergenic	1444	IGK
chr2_90158486	90158486	IGKV1D-12	intergenic	intergenic	1373	IGK
chr2_90158544	90158544	IGKV1D-12	intergenic	intergenic	1315	IGK
chr2_90158630	90158630	IGKV1D-12	intergenic	intergenic	1229	IGK
chr2_90158800	90158800	IGKV1D-12	intergenic	intergenic	1059	IGK
chr2_90158963	90158963	IGKV1D-12	intergenic	intergenic	896	IGK
chr2_90158976	90158976	IGKV1D-12	intergenic	intergenic	883	IGK
chr2_90159097	90159097	IGKV1D-12	intergenic	intergenic	762	IGK
chr2_90159228	90159228	IGKV1D-12	intergenic	intergenic	631	IGK
chr2_90159411	90159411	IGKV1D-12	intergenic	intergenic	448	IGK
chr2_90159432	90159432	IGKV1D-12	intergenic	intergenic	427	IGK
chr2_90159700	90159700	IGKV1D-12	intergenic	intergenic	159	IGK
chr2_90159740	90159740	IGKV1D-12	intergenic	intergenic	119	IGK
chr2_90159759	90159759	IGKV1D-12	intergenic	intergenic	100	IGK
chr2_90159774	90159774	IGKV1D-12	intergenic	intergenic	85	IGK
chr2_90159783	90159783	IGKV1D-12	intergenic	intergenic	76	IGK
chr2_90159788	90159788	IGKV1D-12	intergenic	intergenic	71	IGK
chr2_90159789	90159789	IGKV1D-12	intergenic	intergenic	70	IGK
chr2_90159807	90159807	IGKV1D-12	intergenic	intergenic	52	IGK
chr2_90159812	90159812	IGKV1D-12	intergenic	intergenic	47	IGK
chr2_90159819	90159819	IGKV1D-12	intergenic	intergenic	40	IGK
chr2_90157186	90157186	IGKV1D-13	intergenic	intergenic	2582	IGK
chr2_90213924	90213924	IGKV1D-43	intergenic	intergenic	3365	IGK
chr2_90213579	90213579	IGKV1D-43	intergenic	intergenic	3020	IGK
chr2_90165709	90165709	IGKV1D-12	intergenic	intergenic	5344	IGK
chr2_90167275	90167275	IGKV3D-11	intergenic	intergenic	5623	IGK
chr2_90153326	90153326	IGKV1D-13	intergenic	intergenic	771	IGK
chr2_90153442	90153442	IGKV1D-13	intergenic	intergenic	655	IGK
chr2_90153443	90153443	IGKV1D-13	intergenic	intergenic	654	IGK
chr2_90153448	90153448	IGKV1D-13	intergenic	intergenic	649	IGK
chr2_90153821	90153821	IGKV1D-13	intergenic	intergenic	276	IGK
chr2_90153979	90153979	IGKV1D-13	intergenic	intergenic	118	IGK
chr2_90154889	90154889	IGKV1D-13	intergenic	intergenic	285	IGK
chr2_90158430	90158430	IGKV1D-12	intergenic	intergenic	1429	IGK
chr2_90141898	90141898	IGKV1D-13	intergenic	intergenic	12199	IGK
chr2_90262156	90262156	IGKV3D-7	intergenic	intergenic	2029	IGK
chr2_90262780	90262780	IGKV3D-7	intergenic	intergenic	2653	IGK
chr2_90095062	90095062	IGKV1D-16	intergenic	intergenic	5200	IGK
chr2_90151813	90151813	IGKV1D-13	intergenic	intergenic	2284	IGK
chr2_90151876	90151876	IGKV1D-13	intergenic	intergenic	2221	IGK
chr2_90151947	90151947	IGKV1D-13	intergenic	intergenic	2150	IGK
chr2_90152027	90152027	IGKV1D-13	intergenic	intergenic	2070	IGK
chr2_90152037	90152037	IGKV1D-13	intergenic	intergenic	2060	IGK
chr2_90152038	90152038	IGKV1D-13	intergenic	intergenic	2059	IGK
chr2_90152214	90152214	IGKV1D-13	intergenic	intergenic	1883	IGK
chr2_90152359	90152359	IGKV1D-13	intergenic	intergenic	1738	IGK
chr2_90152402	90152402	IGKV1D-13	intergenic	intergenic	1695	IGK
chr2_90155737	90155737	IGKV1D-13	intergenic	intergenic	1133	IGK
chr2_90156633	90156633	IGKV1D-13	intergenic	intergenic	2029	IGK
chr2_90156664	90156664	IGKV1D-13	intergenic	intergenic	2060	IGK
chr2_90156807	90156807	IGKV1D-13	intergenic	intergenic	2203	IGK
chr2_90156898	90156898	IGKV1D-13	intergenic	intergenic	2294	IGK
chr2_90157047	90157047	IGKV1D-13	intergenic	intergenic	2443	IGK
chr2_90157200	90157200	IGKV1D-13	intergenic	intergenic	2596	IGK
chr2_90157940	90157940	IGKV1D-12	intergenic	intergenic	1919	IGK
chr2_90153833	90153833	IGKV1D-13	intergenic	intergenic	264	IGK
chr2_90123874	90123874	IGKV3D-15	intergenic	intergenic	8444	IGK
chr2_90152726	90152726	IGKV1D-13	intergenic	intergenic	1371	IGK
chr2_90152848	90152848	IGKV1D-13	intergenic	intergenic	1249	IGK
chr2_90152851	90152851	IGKV1D-13	intergenic	intergenic	1246	IGK
chr2_90153560	90153560	IGKV1D-13	intergenic	intergenic	537	IGK
chr2_90153624	90153624	IGKV1D-13	intergenic	intergenic	473	IGK
chr2_90154653	90154653	IGKV1D-13	intergenic	intergenic	49	IGK
chr2_90155495	90155495	IGKV1D-13	intergenic	intergenic	891	IGK
chr2_90158860	90158860	IGKV1D-12	intergenic	intergenic	999	IGK
chr2_90164475	90164475	IGKV1D-12	intergenic	intergenic	4110	IGK
chr2_90166485	90166485	IGKV1D-12	intergenic	intergenic	6120	IGK
chr2_90152128	90152128	IGKV1D-13	intergenic	intergenic	1969	IGK
chr2_90143854	90143854	IGKV1D-13	intergenic	intergenic	10243	IGK
chr2_90071348	90071348	IGKV6D-41	intergenic	intergenic	1080	IGK
chr2_90088986	90088986	IGKV1D-17	intergenic	intergenic	5665	IGK
chr2_90110563	90110563	IGKV3D-15	intergenic	intergenic	4323	IGK
chr2_90113033	90113033	IGKV3D-15	intergenic	intergenic	1853	IGK
chr2_90166478	90166478	IGKV1D-12	intergenic	intergenic	6113	IGK
chr2_90134134	90134134	IGKV3D-15	intergenic	intergenic	18704	IGK
chr2_90136704	90136704	IGKV1D-13	intergenic	intergenic	17393	IGK
chr2_90158182	90158182	IGKV1D-12	intergenic	intergenic	1677	IGK
chr2_90164544	90164544	IGKV1D-12	intergenic	intergenic	4179	IGK
chr2_90083511	90083511	IGKV1D-17	intergenic	intergenic	190	IGK
chr2_90154921	90154921	IGKV1D-13	intergenic	intergenic	317	IGK
chr2_90089670	90089670	IGKV1D-17	intergenic	intergenic	6349	IGK
chr2_90095478	90095478	IGKV1D-16	intergenic	intergenic	4784	IGK
chr2_90110540	90110540	IGKV3D-15	intergenic	intergenic	4346	IGK
chr2_90122200	90122200	IGKV3D-15	intergenic	intergenic	6770	IGK
chr2_90265222	90265222	IGKV3D-7	intergenic	intergenic	5095	IGK
chr2_90169808	90169808	IGKV3D-11	intergenic	intergenic	3090	IGK
chr2_90170682	90170682	IGKV3D-11	intergenic	intergenic	2216	IGK
chr2_90178778	90178778	IGKV3D-11	intergenic	intergenic	5336	IGK
chr2_90189501	90189501	IGKV1D-42	intergenic	intergenic	711	IGK
chr2_90193356	90193356	IGKV1D-42	intergenic	intergenic	2647	IGK
chr2_90071542	90071542	IGKV6D-41	intergenic	intergenic	1274	IGK
chr2_90081309	90081309	IGKV1D-17	intergenic	intergenic	1506	IGK
chr2_90142928	90142928	IGKV1D-13	intergenic	intergenic	11169	IGK
chr2_89320815	89320815	IGKV1-39	intergenic	intergenic	716	IGK
chr2_89328982	89328982	IGKV2-40	intergenic	intergenic	1103	IGK
chr2_89329014	89329014	IGKV2-40	intergenic	intergenic	1071	IGK
chr2_89329160	89329160	IGKV2-40	intergenic	intergenic	925	IGK
chr2_89329262	89329262	IGKV2-40	intergenic	intergenic	823	IGK
chr2_89329263	89329263	IGKV2-40	intergenic	intergenic	822	IGK
chr2_89329336	89329336	IGKV2-40	intergenic	intergenic	749	IGK
chr2_89329429	89329429	IGKV2-40	intergenic	intergenic	656	IGK
chr2_89329799	89329799	IGKV2-40	intergenic	intergenic	286	IGK
chr2_89329870	89329870	IGKV2-40	intergenic	intergenic	215	IGK
chr2_89329884	89329884	IGKV2-40	intergenic	intergenic	201	IGK
chr2_89329941	89329941	IGKV2-40	intergenic	intergenic	144	IGK
chr2_89329949	89329949	IGKV2-40	intergenic	intergenic	136	IGK
chr2_89330009	89330009	IGKV2-40	intergenic	intergenic	76	IGK
chr2_89330018	89330018	IGKV2-40	intergenic	intergenic	67	IGK
chr2_89330024	89330024	IGKV2-40	intergenic	intergenic	61	IGK
chr2_89331066	89331066	IGKV2-40	intergenic	intergenic	217	IGK
chr2_89331148	89331148	IGKV2-40	intergenic	intergenic	299	IGK
chr2_89331221	89331221	IGKV2-40	intergenic	intergenic	372	IGK
chr2_89331400	89331400	IGKV2-40	intergenic	intergenic	551	IGK
chr2_89331406	89331406	IGKV2-40	intergenic	intergenic	557	IGK
chr2_89331413	89331413	IGKV2-40	intergenic	intergenic	564	IGK
chr2_89331426	89331426	IGKV2-40	intergenic	intergenic	577	IGK
chr2_89331474	89331474	IGKV2-40	intergenic	intergenic	625	IGK
chr2_89331535	89331535	IGKV2-40	intergenic	intergenic	686	IGK
chr2_89331643	89331643	IGKV2-40	intergenic	intergenic	794	IGK
chr2_89331644	89331644	IGKV2-40	intergenic	intergenic	795	IGK
chr2_89331651	89331651	IGKV2-40	intergenic	intergenic	802	IGK
chr2_89331690	89331690	IGKV2-40	intergenic	intergenic	841	IGK
chr2_89331753	89331753	IGKV2-40	intergenic	intergenic	904	IGK
chr2_89331754	89331754	IGKV2-40	intergenic	intergenic	905	IGK
chr2_89332008	89332008	IGKV2-40	intergenic	intergenic	1159	IGK
chr2_89331968	89331968	IGKV2-40	intergenic	intergenic	1119	IGK
chr2_90252829	90252829	IGKV1-NL1	intergenic	intergenic	6582	IGK
chr2_89216230	89216230	IGKV1-27	intergenic	intergenic	2333	IGK
chr2_89218978	89218978	IGKV2-28	intergenic	intergenic	2689	IGK
chr2_89219218	89219218	IGKV2-28	intergenic	intergenic	2449	IGK
chr2_89219767	89219767	IGKV2-28	intergenic	intergenic	1900	IGK
chr2_89223204	89223204	IGKV2-28	intergenic	intergenic	773	IGK
chr2_89223959	89223959	IGKV2-28	intergenic	intergenic	1528	IGK
chr2_89224954	89224954	IGKV2-28	intergenic	intergenic	2523	IGK
chr2_89236533	89236533	IGKV2-29	intergenic	intergenic	1622	IGK
chr2_90218835	90218835	IGKV1D-8	intergenic	intergenic	2072	IGK
chr2_90219567	90219567	IGKV1D-8	intergenic	intergenic	1340	IGK
chr2_90255453	90255453	IGKV3D-7	intergenic	intergenic	4112	IGK
chr2_90256880	90256880	IGKV3D-7	intergenic	intergenic	2685	IGK
chr2_89328203	89328203	IGKV2-40	intergenic	intergenic	1882	IGK
chr2_89328300	89328300	IGKV2-40	intergenic	intergenic	1785	IGK
chr2_89328372	89328372	IGKV2-40	intergenic	intergenic	1713	IGK
chr2_88924532	88924532	IGKV1-5	intergenic	intergenic	22738	IGK
chr2_88924933	88924933	IGKV1-5	intergenic	intergenic	22337	IGK
chr2_88980924	88980924	IGKV3-7	intergenic	intergenic	1940	IGK
chr2_88981461	88981461	IGKV3-7	intergenic	intergenic	2477	IGK
chr2_88981573	88981573	IGKV3-7	intergenic	intergenic	2589	IGK
chr2_88982000	88982000	IGKV3-7	intergenic	intergenic	3016	IGK
chr2_88982080	88982080	IGKV3-7	intergenic	intergenic	3096	IGK
chr2_88926355	88926355	IGKV1-5	intergenic	intergenic	20915	IGK
chr2_88928902	88928902	IGKV1-5	intergenic	intergenic	18368	IGK
chr2_88929908	88929908	IGKV1-5	intergenic	intergenic	17362	IGK
chr2_88930020	88930020	IGKV1-5	intergenic	intergenic	17250	IGK
chr2_88931597	88931597	IGKV1-5	intergenic	intergenic	15673	IGK
chr2_88946431	88946431	IGKV1-5	intergenic	intergenic	839	IGK
chr2_90215745	90215745	IGKV1D-8	intergenic	intergenic	5162	IGK
chr2_90217973	90217973	IGKV1D-8	intergenic	intergenic	2934	IGK
chr2_90253662	90253662	IGKV3D-7	intergenic	intergenic	5903	IGK
chr2_90254093	90254093	IGKV3D-7	intergenic	intergenic	5472	IGK
chr2_90091498	90091498	IGKV1D-17	intergenic	intergenic	8177	IGK
chr2_90107199	90107199	IGKV1D-16	intergenic	intergenic	6431	IGK
chr2_90113652	90113652	IGKV3D-15	intergenic	intergenic	1234	IGK
chr2_90120064	90120064	IGKV3D-15	intergenic	intergenic	4634	IGK
chr2_90176138	90176138	IGKV3D-11	intergenic	intergenic	2696	IGK
chr2_90183827	90183827	IGKV1D-42	intergenic	intergenic	6385	IGK
chr2_90188410	90188410	IGKV1D-42	intergenic	intergenic	1802	IGK
chr2_90193959	90193959	IGKV1D-42	intergenic	intergenic	3250	IGK
chr2_90194825	90194825	IGKV1D-42	intergenic	intergenic	4116	IGK
chr2_90197503	90197503	IGKV1D-42	intergenic	intergenic	6794	IGK
chr2_90198576	90198576	IGKV1D-42	intergenic	intergenic	7867	IGK
chr2_90200424	90200424	IGKV1D-43	intergenic	intergenic	9629	IGK
chr2_90203053	90203053	IGKV1D-43	intergenic	intergenic	7000	IGK
chr2_90205826	90205826	IGKV1D-43	intergenic	intergenic	4227	IGK
chr2_90080901	90080901	IGKV1D-17	intergenic	intergenic	1914	IGK
chr2_90083731	90083731	IGKV1D-17	intergenic	intergenic	410	IGK
chr2_90159217	90159217	IGKV1D-12	intergenic	intergenic	642	IGK
chr2_89220011	89220011	IGKV2-28	intergenic	intergenic	1656	IGK
chr2_90166613	90166613	IGKV1D-12	intergenic	intergenic	6248	IGK
chr2_90142094	90142094	IGKV1D-13	intergenic	intergenic	12003	IGK
chr2_90183325	90183325	IGKV1D-42	intergenic	intergenic	6887	IGK
chr2_89239854	89239854	IGKV2-30	intergenic	intergenic	4896	IGK
chr2_89240512	89240512	IGKV2-30	intergenic	intergenic	4238	IGK
chr2_89248174	89248174	IGKV2-30	intergenic	intergenic	2608	IGK
chr2_89248692	89248692	IGKV2-30	intergenic	intergenic	3126	IGK
chr2_89248934	89248934	IGKV2-30	intergenic	intergenic	3368	IGK
chr2_89238391	89238391	IGKV2-29	intergenic	intergenic	3480	IGK
chr2_90116467	90116467	IGKV3D-15	intergenic	intergenic	1037	IGK
chr2_90157413	90157413	IGKV1D-12	intergenic	intergenic	2446	IGK
chr2_89328622	89328622	IGKV2-40	intergenic	intergenic	1463	IGK
chr2_89328624	89328624	IGKV2-40	intergenic	intergenic	1461	IGK
chr2_90217497	90217497	IGKV1D-8	intergenic	intergenic	3410	IGK
chr2_90254364	90254364	IGKV3D-7	intergenic	intergenic	5201	IGK
chr2_90254636	90254636	IGKV3D-7	intergenic	intergenic	4929	IGK
chr2_88909537	88909537	IGKV5-2	intergenic	intergenic	11723	IGK
chr2_88910674	88910674	IGKV5-2	intergenic	intergenic	12860	IGK
chr2_89230347	89230347	IGKV2-29	intergenic	intergenic	3807	IGK
chr2_89230822	89230822	IGKV2-29	intergenic	intergenic	3332	IGK
chr2_89233135	89233135	IGKV2-29	intergenic	intergenic	1019	IGK
chr2_89233981	89233981	IGKV2-29	intergenic	intergenic	173	IGK
chr2_89075433	89075433	IGKV3-15	intergenic	intergenic	9713	IGK
chr2_89256719	89256719	IGKV2-30	intergenic	intergenic	11153	IGK
chr2_90255415	90255415	IGKV3D-7	intergenic	intergenic	4150	IGK
chr2_90258822	90258822	IGKV3D-7	intergenic	intergenic	743	IGK
chr2_90097984	90097984	IGKV1D-16	intergenic	intergenic	2278	IGK
chr2_90126141	90126141	IGKV3D-15	intergenic	intergenic	10711	IGK
chr2_90127258	90127258	IGKV3D-15	intergenic	intergenic	11828	IGK
chr2_89228933	89228933	IGKV2-29	intergenic	intergenic	5221	IGK
chr2_88906816	88906816	IGKV5-2	intergenic	intergenic	9002	IGK
chr2_88912249	88912249	IGKV5-2	intergenic	intergenic	14435	IGK
chr2_89884331	89884331	IGKV1D-37	intergenic	intergenic	408	IGK
chr2_90137845	90137845	IGKV1D-13	intergenic	intergenic	16252	IGK
chr2_89223646	89223646	IGKV2-28	intergenic	intergenic	1215	IGK
chr2_89225390	89225390	IGKV2-28	intergenic	intergenic	2959	IGK
chr2_89052971	89052971	IGKV1-13	intergenic	intergenic	6510	IGK
chr2_89053625	89053625	IGKV1-13	intergenic	intergenic	7164	IGK
chr2_89055941	89055941	IGKV1-13	intergenic	intergenic	9480	IGK
chr2_89056679	89056679	IGKV1-13	intergenic	intergenic	10218	IGK
chr2_89065588	89065588	IGKV1-13	intergenic	intergenic	19127	IGK
chr2_89068166	89068166	IGKV3-15	intergenic	intergenic	16980	IGK
chr2_89076942	89076942	IGKV3-15	intergenic	intergenic	8204	IGK
chr2_89083117	89083117	IGKV3-15	intergenic	intergenic	2029	IGK
chr2_89087918	89087918	IGKV3-15	intergenic	intergenic	2228	IGK
chr2_90261406	90261406	IGKV3D-7	intergenic	intergenic	1279	IGK
chr2_90093242	90093242	IGKV1D-16	intergenic	intergenic	7020	IGK
chr2_90095363	90095363	IGKV1D-16	intergenic	intergenic	4899	IGK
chr2_90096134	90096134	IGKV1D-16	intergenic	intergenic	4128	IGK
chr2_90110707	90110707	IGKV3D-15	intergenic	intergenic	4179	IGK
chr2_90114469	90114469	IGKV3D-15	intergenic	intergenic	417	IGK
chr2_89939155	89939155	IGKV2D-30	intergenic	intergenic	1446	IGK
chr2_89961322	89961322	IGKV2D-28	intergenic	intergenic	544	IGK
chr2_89962678	89962678	IGKV2D-28	intergenic	intergenic	1900	IGK
chr2_89962789	89962789	IGKV2D-28	intergenic	intergenic	2011	IGK
chr2_90171982	90171982	IGKV3D-11	intergenic	intergenic	916	IGK
chr2_90142031	90142031	IGKV1D-13	intergenic	intergenic	12066	IGK
chr2_90143935	90143935	IGKV1D-13	intergenic	intergenic	10162	IGK
chr2_90133779	90133779	IGKV3D-15	intergenic	intergenic	18349	IGK
chr2_90135869	90135869	IGKV1D-13	intergenic	intergenic	18228	IGK
chr2_90137108	90137108	IGKV1D-13	intergenic	intergenic	16989	IGK
chr2_90139144	90139144	IGKV1D-13	intergenic	intergenic	14953	IGK
chr2_90139559	90139559	IGKV1D-13	intergenic	intergenic	14538	IGK
chr2_90151672	90151672	IGKV1D-13	intergenic	intergenic	2425	IGK
chr2_90151844	90151844	IGKV1D-13	intergenic	intergenic	2253	IGK
chr2_90152131	90152131	IGKV1D-13	intergenic	intergenic	1966	IGK
chr2_88896546	88896546	IGKV5-2	intergenic	intergenic	748	IGK
chr2_88906630	88906630	IGKV5-2	intergenic	intergenic	8816	IGK
chr2_88906651	88906651	IGKV5-2	intergenic	intergenic	8837	IGK
chr2_88906672	88906672	IGKV5-2	intergenic	intergenic	8858	IGK
chr2_90265380	90265380	IGKV3D-7	intergenic	intergenic	5253	IGK
chr2_90201891	90201891	IGKV1D-43	intergenic	intergenic	8162	IGK
chr2_90208982	90208982	IGKV1D-43	intergenic	intergenic	1071	IGK
chr2_90213874	90213874	IGKV1D-43	intergenic	intergenic	3315	IGK
chr2_89321678	89321678	IGKV1-39	intergenic	intergenic	1579	IGK
chr2_90196549	90196549	IGKV1D-42	intergenic	intergenic	5840	IGK
chr2_89250404	89250404	IGKV2-30	intergenic	intergenic	4838	IGK
chr2_89240472	89240472	IGKV2-30	intergenic	intergenic	4278	IGK
chr2_89240910	89240910	IGKV2-30	intergenic	intergenic	3840	IGK
chr2_89241087	89241087	IGKV2-30	intergenic	intergenic	3663	IGK
chr2_89285760	89285760	IGKV1-37	intergenic	intergenic	11473	IGK
chr2_89873105	89873105	IGKV1D-39	intergenic	intergenic	10096	IGK
chr2_89874582	89874582	IGKV1D-37	intergenic	intergenic	10157	IGK
chr2_89927456	89927456	IGKV2D-30	intergenic	intergenic	9437	IGK
chr2_89253052	89253052	IGKV2-30	intergenic	intergenic	7486	IGK
chr2_89246140	89246140	IGKV2-30	intergenic	intergenic	574	IGK
chr2_89880672	89880672	IGKV1D-37	intergenic	intergenic	4067	IGK
chr2_89239396	89239396	IGKV2-29	intergenic	intergenic	4485	IGK
chr2_90212665	90212665	IGKV1D-43	intergenic	intergenic	2106	IGK
chr2_89869901	89869901	IGKV1D-39	intergenic	intergenic	6892	IGK
chr2_90073474	90073474	IGKV6D-41	intergenic	intergenic	3206	IGK
chr2_89984213	89984213	IGKV2D-26	intergenic	intergenic	1738	IGK
chr2_89286557	89286557	IGKV1-37	intergenic	intergenic	10676	IGK
chr2_89286906	89286906	IGKV1-37	intergenic	intergenic	10327	IGK
chr2_89316319	89316319	IGKV1-39	intergenic	intergenic	3275	IGK
chr2_89317988	89317988	IGKV1-39	intergenic	intergenic	1606	IGK
chr2_89325866	89325866	IGKV2-40	intergenic	intergenic	4219	IGK
chr2_89326004	89326004	IGKV2-40	intergenic	intergenic	4081	IGK
chr2_89961351	89961351	IGKV2D-28	intergenic	intergenic	573	IGK
chr2_90214753	90214753	IGKV1D-43	intergenic	intergenic	4194	IGK
chr2_89244680	89244680	IGKV2-30	intergenic	intergenic	70	IGK
chr2_89855245	89855245	IGKV2D-40	intergenic	intergenic	2724	IGK
chr2_89985546	89985546	IGKV2D-26	intergenic	intergenic	405	IGK
chr2_89867852	89867852	IGKV1D-39	intergenic	intergenic	4843	IGK
chr2_89260212	89260212	IGKV1-33	intergenic	intergenic	7758	IGK
chr2_89879855	89879855	IGKV1D-37	intergenic	intergenic	4884	IGK
chr2_89993390	89993390	IGKV2D-26	intergenic	intergenic	6658	IGK
chr2_89286079	89286079	IGKV1-37	intergenic	intergenic	11154	IGK
chr2_89286161	89286161	IGKV1-37	intergenic	intergenic	11072	IGK
chr2_89286337	89286337	IGKV1-37	intergenic	intergenic	10896	IGK
chr2_89286342	89286342	IGKV1-37	intergenic	intergenic	10891	IGK
chr2_89220247	89220247	IGKV2-28	intergenic	intergenic	1420	IGK
chr2_90003940	90003940	IGKV2D-24	intergenic	intergenic	886	IGK
chr2_89243603	89243603	IGKV2-30	intergenic	intergenic	1147	IGK
chr2_89251665	89251665	IGKV2-30	intergenic	intergenic	6099	IGK
chr2_89861790	89861790	IGKV1D-39	intergenic	intergenic	714	IGK
chr2_89262783	89262783	IGKV1-33	intergenic	intergenic	5187	IGK
chr2_89262907	89262907	IGKV1-33	intergenic	intergenic	5063	IGK
chr2_89286927	89286927	IGKV1-37	intergenic	intergenic	10306	IGK
chr2_89260954	89260954	IGKV1-33	intergenic	intergenic	7016	IGK
chr2_90081906	90081906	IGKV1D-17	intergenic	intergenic	909	IGK
chr2_90081939	90081939	IGKV1D-17	intergenic	intergenic	876	IGK
chr2_90120687	90120687	IGKV3D-15	intergenic	intergenic	5257	IGK
chr2_89852811	89852811	IGKV2D-40	intergenic	intergenic	290	IGK
chr2_89895927	89895927	IGKV1D-37	intergenic	intergenic	10683	IGK
chr2_89136769	89136769	IGKV3-20	intergenic	intergenic	5774	IGK
chr2_89333535	89333535	IGKV2-40	intergenic	intergenic	2686	IGK
chr2_90220052	90220052	IGKV1D-8	intergenic	intergenic	855	IGK
chr2_89238745	89238745	IGKV2-29	intergenic	intergenic	3834	IGK
chr2_89895578	89895578	IGKV1D-37	intergenic	intergenic	10334	IGK
chr2_89917597	89917597	IGKV1D-33	intergenic	intergenic	3022	IGK
chr2_90062340	90062340	IGKV6D-41	intergenic	intergenic	7347	IGK
chr2_90022310	90022310	IGKV6D-21	intergenic	intergenic	95	IGK
chr2_89333172	89333172	IGKV2-40	intergenic	intergenic	2323	IGK
chr2_89260480	89260480	IGKV1-33	intergenic	intergenic	7490	IGK
chr2_89127231	89127231	IGKV1-17	intergenic	intergenic	9414	IGK
chr2_89132942	89132942	IGKV3-20	intergenic	intergenic	9601	IGK
chr2_89137424	89137424	IGKV3-20	intergenic	intergenic	5119	IGK
chr2_89146856	89146856	IGKV3-20	intergenic	intergenic	3748	IGK
chr2_89850599	89850599	IGKV2D-40	intergenic	intergenic	1158	IGK
chr2_89850853	89850853	IGKV2D-40	intergenic	intergenic	904	IGK
chr2_89850854	89850854	IGKV2D-40	intergenic	intergenic	903	IGK
chr2_89850917	89850917	IGKV2D-40	intergenic	intergenic	840	IGK
chr2_89850956	89850956	IGKV2D-40	intergenic	intergenic	801	IGK
chr2_89850963	89850963	IGKV2D-40	intergenic	intergenic	794	IGK
chr2_89850964	89850964	IGKV2D-40	intergenic	intergenic	793	IGK
chr2_89851072	89851072	IGKV2D-40	intergenic	intergenic	685	IGK
chr2_89851133	89851133	IGKV2D-40	intergenic	intergenic	624	IGK
chr2_89851181	89851181	IGKV2D-40	intergenic	intergenic	576	IGK
chr2_89851194	89851194	IGKV2D-40	intergenic	intergenic	563	IGK
chr2_89851201	89851201	IGKV2D-40	intergenic	intergenic	556	IGK
chr2_89851207	89851207	IGKV2D-40	intergenic	intergenic	550	IGK
chr2_89851386	89851386	IGKV2D-40	intergenic	intergenic	371	IGK
chr2_89851459	89851459	IGKV2D-40	intergenic	intergenic	298	IGK
chr2_89851541	89851541	IGKV2D-40	intergenic	intergenic	216	IGK
chr2_89852583	89852583	IGKV2D-40	intergenic	intergenic	62	IGK
chr2_89852589	89852589	IGKV2D-40	intergenic	intergenic	68	IGK
chr2_89852598	89852598	IGKV2D-40	intergenic	intergenic	77	IGK
chr2_89852658	89852658	IGKV2D-40	intergenic	intergenic	137	IGK
chr2_89852666	89852666	IGKV2D-40	intergenic	intergenic	145	IGK
chr2_89852723	89852723	IGKV2D-40	intergenic	intergenic	202	IGK
chr2_89852737	89852737	IGKV2D-40	intergenic	intergenic	216	IGK
chr2_89852808	89852808	IGKV2D-40	intergenic	intergenic	287	IGK
chr2_89853271	89853271	IGKV2D-40	intergenic	intergenic	750	IGK
chr2_89853344	89853344	IGKV2D-40	intergenic	intergenic	823	IGK
chr2_89853345	89853345	IGKV2D-40	intergenic	intergenic	824	IGK
chr2_89853447	89853447	IGKV2D-40	intergenic	intergenic	926	IGK
chr2_89853593	89853593	IGKV2D-40	intergenic	intergenic	1072	IGK
chr2_89853625	89853625	IGKV2D-40	intergenic	intergenic	1104	IGK
chr2_89848978	89848978	IGKV2D-40	intergenic	intergenic	2779	IGK
chr2_90040779	90040779	IGKV3D-20	intergenic	intergenic	1270	IGK
chr2_89290201	89290201	IGKV1-37	intergenic	intergenic	7032	IGK
chr2_90093024	90093024	IGKV1D-16	intergenic	intergenic	7238	IGK
chr2_89318969	89318969	IGKV1-39	intergenic	intergenic	625	IGK
chr2_90069098	90069098	IGKV6D-41	intergenic	intergenic	589	IGK
chr2_90043744	90043744	IGKV3D-20	intergenic	intergenic	4235	IGK
chr2_90011454	90011454	IGKV2D-24	intergenic	intergenic	5795	IGK
chr2_90062328	90062328	IGKV6D-41	intergenic	intergenic	7359	IGK
chr2_89922080	89922080	IGKV1D-33	intergenic	intergenic	7505	IGK
chr2_90026590	90026590	IGKV6D-21	intergenic	intergenic	4375	IGK
chr2_89850639	89850639	IGKV2D-40	intergenic	intergenic	1118	IGK
chr2_89871989	89871989	IGKV1D-39	intergenic	intergenic	8980	IGK
chr2_89287138	89287138	IGKV1-37	intergenic	intergenic	10095	IGK
chr2_89287544	89287544	IGKV1-37	intergenic	intergenic	9689	IGK
chr2_89921302	89921302	IGKV1D-33	intergenic	intergenic	6727	IGK
chr2_89921694	89921694	IGKV1D-33	intergenic	intergenic	7119	IGK
chr2_89921784	89921784	IGKV1D-33	intergenic	intergenic	7209	IGK
chr2_89853178	89853178	IGKV2D-40	intergenic	intergenic	657	IGK
chr2_89922710	89922710	IGKV1D-33	intergenic	intergenic	8135	IGK
chr2_89289408	89289408	IGKV1-37	intergenic	intergenic	7825	IGK
chr2_89933870	89933870	IGKV2D-30	intergenic	intergenic	3023	IGK
chr2_89846104	89846104	IGKV2D-40	intergenic	intergenic	5653	IGK
chr2_89149515	89149515	IGKV3-20	intergenic	intergenic	6407	IGK
chr2_90009066	90009066	IGKV2D-24	intergenic	intergenic	3407	IGK
chr2_89921429	89921429	IGKV1D-33	intergenic	intergenic	6854	IGK
chr2_89239935	89239935	IGKV2-30	intergenic	intergenic	4815	IGK
chr2_90132351	90132351	IGKV3D-15	intergenic	intergenic	16921	IGK
chr2_88886878	88886878	IGKV4-1	intergenic	intergenic	695	IGK
chr2_89289677	89289677	IGKV1-37	intergenic	intergenic	7556	IGK
chr2_90130467	90130467	IGKV3D-15	intergenic	intergenic	15037	IGK
chr2_89868560	89868560	IGKV1D-39	intergenic	intergenic	5551	IGK
chr2_90075377	90075377	IGKV6D-41	intergenic	intergenic	5109	IGK
chr2_90032450	90032450	IGKV3D-20	intergenic	intergenic	6494	IGK
chr2_89883539	89883539	IGKV1D-37	intergenic	intergenic	1200	IGK
chr2_89214013	89214013	IGKV1-27	intergenic	intergenic	116	IGK
chr2_89313564	89313564	IGKV1-39	intergenic	intergenic	6030	IGK
chr2_89988799	89988799	IGKV2D-26	intergenic	intergenic	2067	IGK
chr2_89996901	89996901	IGKV2D-24	intergenic	intergenic	7925	IGK
chr2_89998176	89998176	IGKV2D-24	intergenic	intergenic	6650	IGK
chr2_89998326	89998326	IGKV2D-24	intergenic	intergenic	6500	IGK
chr2_89263488	89263488	IGKV1-33	intergenic	intergenic	4482	IGK
chr2_89263546	89263546	IGKV1-33	intergenic	intergenic	4424	IGK
chr2_89313999	89313999	IGKV1-39	intergenic	intergenic	5595	IGK
chr2_89325054	89325054	IGKV1-39	intergenic	intergenic	4955	IGK
chr2_89302611	89302611	IGKV1-37	intergenic	intergenic	4873	IGK
chr2_89312994	89312994	IGKV1-39	intergenic	intergenic	6600	IGK
chr2_89313147	89313147	IGKV1-39	intergenic	intergenic	6447	IGK
chr2_89313198	89313198	IGKV1-39	intergenic	intergenic	6396	IGK
chr2_89974033	89974033	IGKV2D-26	intergenic	intergenic	11918	IGK
chr2_89308026	89308026	IGKV1-37	intergenic	intergenic	10288	IGK
chr2_89308132	89308132	IGKV1-37	intergenic	intergenic	10394	IGK
chr2_90259397	90259397	IGKV3D-7	intergenic	intergenic	168	IGK
chr2_89312063	89312063	IGKV1-39	intergenic	intergenic	7531	IGK
chr2_89059421	89059421	IGKV1-13	intergenic	intergenic	12960	IGK
chr2_89090346	89090346	IGKV3-15	intergenic	intergenic	4656	IGK
chr2_89091618	89091618	IGKV3-15	intergenic	intergenic	5928	IGK
chr2_90161041	90161041	IGKV1D-12	intergenic	intergenic	676	IGK
chr2_90195660	90195660	IGKV1D-42	intergenic	intergenic	4951	IGK
chr2_89318666	89318666	IGKV1-39	intergenic	intergenic	928	IGK
chr2_89298147	89298147	IGKV1-37	intergenic	intergenic	409	IGK
chr2_90162984	90162984	IGKV1D-12	intergenic	intergenic	2619	IGK
chr2_90129148	90129148	IGKV3D-15	intergenic	intergenic	13718	IGK
chr2_89860868	89860868	IGKV1D-39	intergenic	intergenic	1636	IGK
chr2_89338088	89338088	IGKV2-40	intergenic	intergenic	7239	IGK
chr2_90155711	90155711	IGKV1D-13	intergenic	intergenic	1107	IGK
chr2_90157989	90157989	IGKV1D-12	intergenic	intergenic	1870	IGK
chr2_89260936	89260936	IGKV1-33	intergenic	intergenic	7034	IGK
chr2_89968860	89968860	IGKV2D-28	intergenic	intergenic	8082	IGK
chr2_89322520	89322520	IGKV1-39	intergenic	intergenic	2421	IGK
chr2_89288909	89288909	IGKV1-37	intergenic	intergenic	8324	IGK
chr2_89233791	89233791	IGKV2-29	intergenic	intergenic	363	IGK
chr2_89237792	89237792	IGKV2-29	intergenic	intergenic	2881	IGK
chr2_89884080	89884080	IGKV1D-37	intergenic	intergenic	659	IGK
chr2_89955621	89955621	IGKV2D-28	intergenic	intergenic	4393	IGK
chr2_89312719	89312719	IGKV1-39	intergenic	intergenic	6875	IGK
chr2_89312806	89312806	IGKV1-39	intergenic	intergenic	6788	IGK
chr2_89261550	89261550	IGKV1-33	intergenic	intergenic	6420	IGK
chr2_89119285	89119285	IGKV1-17	intergenic	intergenic	1468	IGK
chr2_89124931	89124931	IGKV1-17	intergenic	intergenic	7114	IGK
chr2_89126465	89126465	IGKV1-17	intergenic	intergenic	8648	IGK
chr2_89141076	89141076	IGKV3-20	intergenic	intergenic	1467	IGK
chr2_89144600	89144600	IGKV3-20	intergenic	intergenic	1492	IGK
chr2_89147749	89147749	IGKV3-20	intergenic	intergenic	4641	IGK
chr2_89316940	89316940	IGKV1-39	intergenic	intergenic	2654	IGK
chr2_89295767	89295767	IGKV1-37	intergenic	intergenic	1466	IGK
chr2_90268460	90268460	IGKV3D-7	intergenic	intergenic	8333	IGK
chr2_89241606	89241606	IGKV2-30	intergenic	intergenic	3144	IGK
chr2_89243978	89243978	IGKV2-30	intergenic	intergenic	772	IGK
chr2_89110929	89110929	IGKV1-17	intergenic	intergenic	6382	IGK
chr2_89246751	89246751	IGKV2-30	intergenic	intergenic	1185	IGK
chr2_89247048	89247048	IGKV2-30	intergenic	intergenic	1482	IGK
chr2_89328508	89328508	IGKV2-40	intergenic	intergenic	1577	IGK
chr2_89156090	89156090	IGKV6-21	intergenic	intergenic	3630	IGK
chr2_90031451	90031451	IGKV3D-20	intergenic	intergenic	7493	IGK
chr2_89242311	89242311	IGKV2-30	intergenic	intergenic	2439	IGK
chr2_89955783	89955783	IGKV2D-28	intergenic	intergenic	4231	IGK
chr2_89254885	89254885	IGKV2-30	intergenic	intergenic	9319	IGK
chr2_89301807	89301807	IGKV1-37	intergenic	intergenic	4069	IGK
chr2_89244339	89244339	IGKV2-30	intergenic	intergenic	411	IGK
chr2_89247409	89247409	IGKV2-30	intergenic	intergenic	1843	IGK
chr2_89251985	89251985	IGKV2-30	intergenic	intergenic	6419	IGK
chr2_89252859	89252859	IGKV2-30	intergenic	intergenic	7293	IGK
chr2_90110890	90110890	IGKV3D-15	intergenic	intergenic	3996	IGK
chr2_89310353	89310353	IGKV1-39	intergenic	intergenic	9241	IGK
chr2_89310473	89310473	IGKV1-39	intergenic	intergenic	9121	IGK
chr2_89310735	89310735	IGKV1-39	intergenic	intergenic	8859	IGK
chr2_89310953	89310953	IGKV1-39	intergenic	intergenic	8641	IGK
chr2_89311136	89311136	IGKV1-39	intergenic	intergenic	8458	IGK
chr2_89311242	89311242	IGKV1-39	intergenic	intergenic	8352	IGK
chr2_89311410	89311410	IGKV1-39	intergenic	intergenic	8184	IGK
chr2_89311681	89311681	IGKV1-39	intergenic	intergenic	7913	IGK
chr2_89311796	89311796	IGKV1-39	intergenic	intergenic	7798	IGK
chr2_89290468	89290468	IGKV1-37	intergenic	intergenic	6765	IGK
chr2_89055760	89055760	IGKV1-13	intergenic	intergenic	9299	IGK
chr2_89309302	89309302	IGKV1-39	intergenic	intergenic	10292	IGK
chr2_89950226	89950226	IGKV2D-29	intergenic	intergenic	1927	IGK
chr2_88886429	88886429	IGKV4-1	intergenic	intergenic	246	IGK
chr2_89178485	89178485	IGKV2-24	intergenic	intergenic	1355	IGK
chr2_89180425	89180425	IGKV2-24	intergenic	intergenic	3295	IGK
chr2_89182352	89182352	IGKV2-24	intergenic	intergenic	5222	IGK
chr2_89184234	89184234	IGKV2-24	intergenic	intergenic	7104	IGK
chr2_89194131	89194131	IGKV2-24	intergenic	intergenic	17001	IGK
chr2_89195887	89195887	IGKV1-27	intergenic	intergenic	17505	IGK
chr2_89197446	89197446	IGKV1-27	intergenic	intergenic	15946	IGK
chr2_89197805	89197805	IGKV1-27	intergenic	intergenic	15587	IGK
chr2_89203199	89203199	IGKV1-27	intergenic	intergenic	10193	IGK
chr2_89211164	89211164	IGKV1-27	intergenic	intergenic	2228	IGK
chr2_90165704_2	90165704	IGKV1D-12	intergenic	intergenic	5339	IGK
chr2_89224218	89224218	IGKV2-28	intergenic	intergenic	1787	IGK
chr2_89225133	89225133	IGKV2-28	intergenic	intergenic	2702	IGK
chr2_89226309	89226309	IGKV2-28	intergenic	intergenic	3878	IGK
chr2_89304901	89304901	IGKV1-37	intergenic	intergenic	7163	IGK
chr2_89304946	89304946	IGKV1-37	intergenic	intergenic	7208	IGK
chr2_89305162	89305162	IGKV1-37	intergenic	intergenic	7424	IGK
chr2_89305244	89305244	IGKV1-37	intergenic	intergenic	7506	IGK
chr2_89305364	89305364	IGKV1-37	intergenic	intergenic	7626	IGK
chr2_89305392	89305392	IGKV1-37	intergenic	intergenic	7654	IGK
chr2_89305405	89305405	IGKV1-37	intergenic	intergenic	7667	IGK
chr2_89305497	89305497	IGKV1-37	intergenic	intergenic	7759	IGK
chr2_89305801	89305801	IGKV1-37	intergenic	intergenic	8063	IGK
chr2_89307460	89307460	IGKV1-37	intergenic	intergenic	9722	IGK
chr2_89307774	89307774	IGKV1-37	intergenic	intergenic	10036	IGK
chr2_89307810	89307810	IGKV1-37	intergenic	intergenic	10072	IGK
chr2_89874336	89874336	IGKV1D-37	intergenic	intergenic	10403	IGK
chr2_88902376	88902376	IGKV5-2	intergenic	intergenic	4562	IGK
chr2_89866263	89866263	IGKV1D-39	intergenic	intergenic	3254	IGK
chr2_89866277	89866277	IGKV1D-39	intergenic	intergenic	3268	IGK
chr2_89866284	89866284	IGKV1D-39	intergenic	intergenic	3275	IGK
chr2_89866373	89866373	IGKV1D-39	intergenic	intergenic	3364	IGK
chr2_89866393	89866393	IGKV1D-39	intergenic	intergenic	3384	IGK
chr2_89866422	89866422	IGKV1D-39	intergenic	intergenic	3413	IGK
chr2_89866499	89866499	IGKV1D-39	intergenic	intergenic	3490	IGK
chr2_89866504	89866504	IGKV1D-39	intergenic	intergenic	3495	IGK
chr2_89866509	89866509	IGKV1D-39	intergenic	intergenic	3500	IGK
chr2_89866583	89866583	IGKV1D-39	intergenic	intergenic	3574	IGK
chr2_89866904	89866904	IGKV1D-39	intergenic	intergenic	3895	IGK
chr2_89867118	89867118	IGKV1D-39	intergenic	intergenic	4109	IGK
chr2_89867122	89867122	IGKV1D-39	intergenic	intergenic	4113	IGK
chr2_89867255	89867255	IGKV1D-39	intergenic	intergenic	4246	IGK
chr2_89867280	89867280	IGKV1D-39	intergenic	intergenic	4271	IGK
chr2_89867497	89867497	IGKV1D-39	intergenic	intergenic	4488	IGK
chr2_89867646	89867646	IGKV1D-39	intergenic	intergenic	4637	IGK
chr2_89867706	89867706	IGKV1D-39	intergenic	intergenic	4697	IGK
chr2_89867745	89867745	IGKV1D-39	intergenic	intergenic	4736	IGK
chr2_89867778	89867778	IGKV1D-39	intergenic	intergenic	4769	IGK
chr2_89867781	89867781	IGKV1D-39	intergenic	intergenic	4772	IGK
chr2_89867856	89867856	IGKV1D-39	intergenic	intergenic	4847	IGK
chr2_89868052	89868052	IGKV1D-39	intergenic	intergenic	5043	IGK
chr2_89868651	89868651	IGKV1D-39	intergenic	intergenic	5642	IGK
chr2_89869010	89869010	IGKV1D-39	intergenic	intergenic	6001	IGK
chr2_89248380	89248380	IGKV2-30	intergenic	intergenic	2814	IGK
chr2_89257185	89257185	IGKV1-33	intergenic	intergenic	10785	IGK
chr2_89131597	89131597	IGKV3-20	intergenic	intergenic	10946	IGK
chr2_89336363	89336363	IGKV2-40	intergenic	intergenic	5514	IGK
chr2_89337169	89337169	IGKV2-40	intergenic	intergenic	6320	IGK
chr2_89302221	89302221	IGKV1-37	intergenic	intergenic	4483	IGK
chr2_89299563	89299563	IGKV1-37	intergenic	intergenic	1825	IGK
chr2_89299595	89299595	IGKV1-37	intergenic	intergenic	1857	IGK
chr2_89299699	89299699	IGKV1-37	intergenic	intergenic	1961	IGK
chr2_89299721	89299721	IGKV1-37	intergenic	intergenic	1983	IGK
chr2_89299807	89299807	IGKV1-37	intergenic	intergenic	2069	IGK
chr2_89309637	89309637	IGKV1-39	intergenic	intergenic	9957	IGK
chr2_89311009	89311009	IGKV1-39	intergenic	intergenic	8585	IGK
chr2_89298215	89298215	IGKV1-37	intergenic	intergenic	477	IGK
chr2_89298308	89298308	IGKV1-37	intergenic	intergenic	570	IGK
chr2_89298774	89298774	IGKV1-37	intergenic	intergenic	1036	IGK
chr2_89298788	89298788	IGKV1-37	intergenic	intergenic	1050	IGK
chr2_89299072	89299072	IGKV1-37	intergenic	intergenic	1334	IGK
chr2_89299366	89299366	IGKV1-37	intergenic	intergenic	1628	IGK
chr2_89325482	89325482	IGKV2-40	intergenic	intergenic	4603	IGK
chr2_89298292	89298292	IGKV1-37	intergenic	intergenic	554	IGK
chr2_90268919	90268919	IGKV3D-7	intergenic	intergenic	8792	IGK
chr2_89113137	89113137	IGKV1-17	intergenic	intergenic	4174	IGK
chr2_89117855	89117855	IGKV1-17	intergenic	intergenic	38	IGK
chr2_89120803	89120803	IGKV1-17	intergenic	intergenic	2986	IGK
chr2_89121914	89121914	IGKV1-17	intergenic	intergenic	4097	IGK
chr2_89123581	89123581	IGKV1-17	intergenic	intergenic	5764	IGK
chr2_89123853	89123853	IGKV1-17	intergenic	intergenic	6036	IGK
chr2_89129376	89129376	IGKV1-17	intergenic	intergenic	11559	IGK
chr2_89134701	89134701	IGKV3-20	intergenic	intergenic	7842	IGK
chr2_89139753	89139753	IGKV3-20	intergenic	intergenic	2790	IGK
chr2_89142320	89142320	IGKV3-20	intergenic	intergenic	223	IGK
chr2_89300099	89300099	IGKV1-37	intergenic	intergenic	2361	IGK
chr2_89300505	89300505	IGKV1-37	intergenic	intergenic	2767	IGK
chr2_89301478	89301478	IGKV1-37	intergenic	intergenic	3740	IGK
chr2_89156111	89156111	IGKV6-21	intergenic	intergenic	3609	IGK
chr2_89168469	89168469	IGKV2-24	intergenic	intergenic	7828	IGK
chr2_89168976	89168976	IGKV2-24	intergenic	intergenic	7321	IGK
chr2_89939338	89939338	IGKV2D-30	intergenic	intergenic	1629	IGK
chr2_90058279	90058279	IGKV6D-41	intergenic	intergenic	11408	IGK
chr2_89884009	89884009	IGKV1D-37	intergenic	intergenic	730	IGK
chr2_89295439	89295439	IGKV1-37	intergenic	intergenic	1794	IGK
chr2_89296557	89296557	IGKV1-37	intergenic	intergenic	676	IGK
chr2_89296622	89296622	IGKV1-37	intergenic	intergenic	611	IGK
chr2_89296878	89296878	IGKV1-37	intergenic	intergenic	355	IGK
chr2_89066398	89066398	IGKV3-15	intergenic	intergenic	18748	IGK
chr2_89301017	89301017	IGKV1-37	intergenic	intergenic	3279	IGK
chr2_89843499	89843499	IGKV2D-40	intergenic	intergenic	8258	IGK
chr2_89882839	89882839	IGKV1D-37	intergenic	intergenic	1900	IGK
chr2_89868642	89868642	IGKV1D-39	intergenic	intergenic	5633	IGK
chr2_89305843	89305843	IGKV1-37	intergenic	intergenic	8105	IGK
chr2_89296256	89296256	IGKV1-37	intergenic	intergenic	977	IGK
chr2_90165704	90165704	IGKV1D-12	intergenic	intergenic	5339	IGK
chr2_89919282	89919282	IGKV1D-33	intergenic	intergenic	4707	IGK
chr2_89340311	89340311	IGKV2-40	intergenic	intergenic	9462	IGK
chr2_89307879	89307879	IGKV1-37	intergenic	intergenic	10141	IGK
chr2_89295945	89295945	IGKV1-37	intergenic	intergenic	1288	IGK
chr2_89858893	89858893	IGKV1D-39	intergenic	intergenic	3611	IGK
chr2_89859196	89859196	IGKV1D-39	intergenic	intergenic	3308	IGK
chr2_89859504	89859504	IGKV1D-39	intergenic	intergenic	3000	IGK
chr2_89859626	89859626	IGKV1D-39	intergenic	intergenic	2878	IGK
chr2_89859660	89859660	IGKV1D-39	intergenic	intergenic	2844	IGK
chr2_89859866	89859866	IGKV1D-39	intergenic	intergenic	2638	IGK
chr2_89859875	89859875	IGKV1D-39	intergenic	intergenic	2629	IGK
chr2_89860167	89860167	IGKV1D-39	intergenic	intergenic	2337	IGK
chr2_89860186	89860186	IGKV1D-39	intergenic	intergenic	2318	IGK
chr2_89860244	89860244	IGKV1D-39	intergenic	intergenic	2260	IGK
chr2_89860472	89860472	IGKV1D-39	intergenic	intergenic	2032	IGK
chr2_89860927	89860927	IGKV1D-39	intergenic	intergenic	1577	IGK
chr2_89861573	89861573	IGKV1D-39	intergenic	intergenic	931	IGK
chr2_89861703	89861703	IGKV1D-39	intergenic	intergenic	801	IGK
chr2_89861706	89861706	IGKV1D-39	intergenic	intergenic	798	IGK
chr2_89861870	89861870	IGKV1D-39	intergenic	intergenic	634	IGK
chr2_89861929	89861929	IGKV1D-39	intergenic	intergenic	575	IGK
chr2_89862140	89862140	IGKV1D-39	intergenic	intergenic	364	IGK
chr2_89862201	89862201	IGKV1D-39	intergenic	intergenic	303	IGK
chr2_89862223	89862223	IGKV1D-39	intergenic	intergenic	281	IGK
chr2_89862458	89862458	IGKV1D-39	intergenic	intergenic	46	IGK
chr2_89862471	89862471	IGKV1D-39	intergenic	intergenic	33	IGK
chr2_89863496	89863496	IGKV1D-39	intergenic	intergenic	487	IGK
chr2_89863679	89863679	IGKV1D-39	intergenic	intergenic	670	IGK
chr2_89863696	89863696	IGKV1D-39	intergenic	intergenic	687	IGK
chr2_89863826	89863826	IGKV1D-39	intergenic	intergenic	817	IGK
chr2_89864168	89864168	IGKV1D-39	intergenic	intergenic	1159	IGK
chr2_89864181	89864181	IGKV1D-39	intergenic	intergenic	1172	IGK
chr2_89864204	89864204	IGKV1D-39	intergenic	intergenic	1195	IGK
chr2_89864214	89864214	IGKV1D-39	intergenic	intergenic	1205	IGK
chr2_89864223	89864223	IGKV1D-39	intergenic	intergenic	1214	IGK
chr2_89864371	89864371	IGKV1D-39	intergenic	intergenic	1362	IGK
chr2_89864616	89864616	IGKV1D-39	intergenic	intergenic	1607	IGK
chr2_89302621	89302621	IGKV1-37	intergenic	intergenic	4883	IGK
chr2_89263959	89263959	IGKV1-33	intergenic	intergenic	4011	IGK
chr2_89862309	89862309	IGKV1D-39	intergenic	intergenic	195	IGK
chr2_89252269	89252269	IGKV2-30	intergenic	intergenic	6703	IGK
chr2_89295323	89295323	IGKV1-37	intergenic	intergenic	1910	IGK
chr2_89329796	89329796	IGKV2-40	intergenic	intergenic	289	IGK
chr2_89994951	89994951	IGKV2D-26	intergenic	intergenic	8219	IGK
chr2_89339045	89339045	IGKV2-40	intergenic	intergenic	8196	IGK
chr2_90054232	90054232	IGKV3D-20	intergenic	intergenic	14723	IGK
chr2_90062592	90062592	IGKV6D-41	intergenic	intergenic	7095	IGK
chr2_89921087	89921087	IGKV1D-33	intergenic	intergenic	6512	IGK
chr2_89921126	89921126	IGKV1D-33	intergenic	intergenic	6551	IGK
chr2_89921447	89921447	IGKV1D-33	intergenic	intergenic	6872	IGK
chr2_90141740	90141740	IGKV1D-13	intergenic	intergenic	12357	IGK
chr2_89083250	89083250	IGKV3-15	intergenic	intergenic	1896	IGK
chr2_89087374	89087374	IGKV3-15	intergenic	intergenic	1684	IGK
chr2_89090342	89090342	IGKV3-15	intergenic	intergenic	4652	IGK
chr2_89092807	89092807	IGKV1-16	intergenic	intergenic	7021	IGK
chr2_89093968	89093968	IGKV1-16	intergenic	intergenic	5860	IGK
chr2_89156439	89156439	IGKV6-21	intergenic	intergenic	3281	IGK
chr2_89959102	89959102	IGKV2D-28	intergenic	intergenic	912	IGK
chr2_89095244	89095244	IGKV1-16	intergenic	intergenic	4584	IGK
chr2_89136696	89136696	IGKV3-20	intergenic	intergenic	5847	IGK
chr2_89285882	89285882	IGKV1-37	intergenic	intergenic	11351	IGK
chr2_89150263	89150263	IGKV3-20	intergenic	intergenic	7155	IGK
chr2_90013796	90013796	IGKV6D-21	intergenic	intergenic	7837	IGK
chr2_90065868	90065868	IGKV6D-41	intergenic	intergenic	3819	IGK
chr2_90067545	90067545	IGKV6D-41	intergenic	intergenic	2142	IGK
chr2_89302053	89302053	IGKV1-37	intergenic	intergenic	4315	IGK
chr2_89302107	89302107	IGKV1-37	intergenic	intergenic	4369	IGK
chr2_89302839	89302839	IGKV1-37	intergenic	intergenic	5101	IGK
chr2_89302887	89302887	IGKV1-37	intergenic	intergenic	5149	IGK
chr2_89273679	89273679	IGKV1-33	intergenic	intergenic	5204	IGK
chr2_89173102	89173102	IGKV2-24	intergenic	intergenic	3195	IGK
chr2_89921904	89921904	IGKV1D-33	intergenic	intergenic	7329	IGK
chr2_90268502	90268502	IGKV3D-7	intergenic	intergenic	8375	IGK
chr2_89863635	89863635	IGKV1D-39	intergenic	intergenic	626	IGK
chr2_89065567	89065567	IGKV1-13	intergenic	intergenic	19106	IGK
chr2_89082400	89082400	IGKV3-15	intergenic	intergenic	2746	IGK
chr2_89089477	89089477	IGKV3-15	intergenic	intergenic	3787	IGK
chr2_89273034	89273034	IGKV1-33	intergenic	intergenic	4559	IGK
chr2_89273563	89273563	IGKV1-33	intergenic	intergenic	5088	IGK
chr2_89333342	89333342	IGKV2-40	intergenic	intergenic	2493	IGK
chr2_89333352	89333352	IGKV2-40	intergenic	intergenic	2503	IGK
chr2_89333522	89333522	IGKV2-40	intergenic	intergenic	2673	IGK
chr2_89333749	89333749	IGKV2-40	intergenic	intergenic	2900	IGK
chr2_89333862	89333862	IGKV2-40	intergenic	intergenic	3013	IGK
chr2_89334136	89334136	IGKV2-40	intergenic	intergenic	3287	IGK
chr2_89334221	89334221	IGKV2-40	intergenic	intergenic	3372	IGK
chr2_89334305	89334305	IGKV2-40	intergenic	intergenic	3456	IGK
chr2_89334572	89334572	IGKV2-40	intergenic	intergenic	3723	IGK
chr2_89334638	89334638	IGKV2-40	intergenic	intergenic	3789	IGK
chr2_89335179	89335179	IGKV2-40	intergenic	intergenic	4330	IGK
chr2_89335213	89335213	IGKV2-40	intergenic	intergenic	4364	IGK
chr2_89335237	89335237	IGKV2-40	intergenic	intergenic	4388	IGK
chr2_89335272	89335272	IGKV2-40	intergenic	intergenic	4423	IGK
chr2_89335293	89335293	IGKV2-40	intergenic	intergenic	4444	IGK
chr2_89335308	89335308	IGKV2-40	intergenic	intergenic	4459	IGK
chr2_89335324	89335324	IGKV2-40	intergenic	intergenic	4475	IGK
chr2_89335421	89335421	IGKV2-40	intergenic	intergenic	4572	IGK
chr2_89335425	89335425	IGKV2-40	intergenic	intergenic	4576	IGK
chr2_89335437	89335437	IGKV2-40	intergenic	intergenic	4588	IGK
chr2_89335721	89335721	IGKV2-40	intergenic	intergenic	4872	IGK
chr2_89335738	89335738	IGKV2-40	intergenic	intergenic	4889	IGK
chr2_89335756	89335756	IGKV2-40	intergenic	intergenic	4907	IGK
chr2_89335781	89335781	IGKV2-40	intergenic	intergenic	4932	IGK
chr2_89336471	89336471	IGKV2-40	intergenic	intergenic	5622	IGK
chr2_89336600	89336600	IGKV2-40	intergenic	intergenic	5751	IGK
chr2_89336609	89336609	IGKV2-40	intergenic	intergenic	5760	IGK
chr2_89336789	89336789	IGKV2-40	intergenic	intergenic	5940	IGK
chr2_89336935	89336935	IGKV2-40	intergenic	intergenic	6086	IGK
chr2_89336946	89336946	IGKV2-40	intergenic	intergenic	6097	IGK
chr2_89337055	89337055	IGKV2-40	intergenic	intergenic	6206	IGK
chr2_89337121	89337121	IGKV2-40	intergenic	intergenic	6272	IGK
chr2_89337172	89337172	IGKV2-40	intergenic	intergenic	6323	IGK
chr2_89337175	89337175	IGKV2-40	intergenic	intergenic	6326	IGK
chr2_89337219	89337219	IGKV2-40	intergenic	intergenic	6370	IGK
chr2_89337257	89337257	IGKV2-40	intergenic	intergenic	6408	IGK
chr2_89337299	89337299	IGKV2-40	intergenic	intergenic	6450	IGK
chr2_89337410	89337410	IGKV2-40	intergenic	intergenic	6561	IGK
chr2_89337431	89337431	IGKV2-40	intergenic	intergenic	6582	IGK
chr2_89337468	89337468	IGKV2-40	intergenic	intergenic	6619	IGK
chr2_89337478	89337478	IGKV2-40	intergenic	intergenic	6629	IGK
chr2_89337506	89337506	IGKV2-40	intergenic	intergenic	6657	IGK
chr2_89337508	89337508	IGKV2-40	intergenic	intergenic	6659	IGK
chr2_89337517	89337517	IGKV2-40	intergenic	intergenic	6668	IGK
chr2_89337534	89337534	IGKV2-40	intergenic	intergenic	6685	IGK
chr2_89337625	89337625	IGKV2-40	intergenic	intergenic	6776	IGK
chr2_89337728	89337728	IGKV2-40	intergenic	intergenic	6879	IGK
chr2_89337731	89337731	IGKV2-40	intergenic	intergenic	6882	IGK
chr2_89337745	89337745	IGKV2-40	intergenic	intergenic	6896	IGK
chr2_89337845	89337845	IGKV2-40	intergenic	intergenic	6996	IGK
chr2_89337884	89337884	IGKV2-40	intergenic	intergenic	7035	IGK
chr2_89337977	89337977	IGKV2-40	intergenic	intergenic	7128	IGK
chr2_89337980	89337980	IGKV2-40	intergenic	intergenic	7131	IGK
chr2_89338009	89338009	IGKV2-40	intergenic	intergenic	7160	IGK
chr2_89338019	89338019	IGKV2-40	intergenic	intergenic	7170	IGK
chr2_89338042	89338042	IGKV2-40	intergenic	intergenic	7193	IGK
chr2_89338102	89338102	IGKV2-40	intergenic	intergenic	7253	IGK
chr2_89338109	89338109	IGKV2-40	intergenic	intergenic	7260	IGK
chr2_89338110	89338110	IGKV2-40	intergenic	intergenic	7261	IGK
chr2_89338113	89338113	IGKV2-40	intergenic	intergenic	7264	IGK
chr2_89338184	89338184	IGKV2-40	intergenic	intergenic	7335	IGK
chr2_89338188	89338188	IGKV2-40	intergenic	intergenic	7339	IGK
chr2_89338415	89338415	IGKV2-40	intergenic	intergenic	7566	IGK
chr2_89338425	89338425	IGKV2-40	intergenic	intergenic	7576	IGK
chr2_89338436	89338436	IGKV2-40	intergenic	intergenic	7587	IGK
chr2_89338480	89338480	IGKV2-40	intergenic	intergenic	7631	IGK
chr2_89338514	89338514	IGKV2-40	intergenic	intergenic	7665	IGK
chr2_89338611	89338611	IGKV2-40	intergenic	intergenic	7762	IGK
chr2_89338670	89338670	IGKV2-40	intergenic	intergenic	7821	IGK
chr2_89338697	89338697	IGKV2-40	intergenic	intergenic	7848	IGK
chr2_89338771	89338771	IGKV2-40	intergenic	intergenic	7922	IGK
chr2_89338853	89338853	IGKV2-40	intergenic	intergenic	8004	IGK
chr2_89338858	89338858	IGKV2-40	intergenic	intergenic	8009	IGK
chr2_89338870	89338870	IGKV2-40	intergenic	intergenic	8021	IGK
chr2_89338925	89338925	IGKV2-40	intergenic	intergenic	8076	IGK
chr2_89338964	89338964	IGKV2-40	intergenic	intergenic	8115	IGK
chr2_89338986	89338986	IGKV2-40	intergenic	intergenic	8137	IGK
chr2_89339001	89339001	IGKV2-40	intergenic	intergenic	8152	IGK
chr2_89339005	89339005	IGKV2-40	intergenic	intergenic	8156	IGK
chr2_89339013	89339013	IGKV2-40	intergenic	intergenic	8164	IGK
chr2_89339034	89339034	IGKV2-40	intergenic	intergenic	8185	IGK
chr2_89339056	89339056	IGKV2-40	intergenic	intergenic	8207	IGK
chr2_89339067	89339067	IGKV2-40	intergenic	intergenic	8218	IGK
chr2_89339111	89339111	IGKV2-40	intergenic	intergenic	8262	IGK
chr2_89339114	89339114	IGKV2-40	intergenic	intergenic	8265	IGK
chr2_89339120	89339120	IGKV2-40	intergenic	intergenic	8271	IGK
chr2_89339122	89339122	IGKV2-40	intergenic	intergenic	8273	IGK
chr2_89339123	89339123	IGKV2-40	intergenic	intergenic	8274	IGK
chr2_89339124	89339124	IGKV2-40	intergenic	intergenic	8275	IGK
chr2_89339238	89339238	IGKV2-40	intergenic	intergenic	8389	IGK
chr2_89339255	89339255	IGKV2-40	intergenic	intergenic	8406	IGK
chr2_89339258	89339258	IGKV2-40	intergenic	intergenic	8409	IGK
chr2_89339260	89339260	IGKV2-40	intergenic	intergenic	8411	IGK
chr2_89339336	89339336	IGKV2-40	intergenic	intergenic	8487	IGK
chr2_89339339	89339339	IGKV2-40	intergenic	intergenic	8490	IGK
chr2_89339344	89339344	IGKV2-40	intergenic	intergenic	8495	IGK
chr2_89339353	89339353	IGKV2-40	intergenic	intergenic	8504	IGK
chr2_89339452	89339452	IGKV2-40	intergenic	intergenic	8603	IGK
chr2_89339461	89339461	IGKV2-40	intergenic	intergenic	8612	IGK
chr2_89339468	89339468	IGKV2-40	intergenic	intergenic	8619	IGK
chr2_89339470	89339470	IGKV2-40	intergenic	intergenic	8621	IGK
chr2_89339579	89339579	IGKV2-40	intergenic	intergenic	8730	IGK
chr2_89339673	89339673	IGKV2-40	intergenic	intergenic	8824	IGK
chr2_89339777	89339777	IGKV2-40	intergenic	intergenic	8928	IGK
chr2_89339782	89339782	IGKV2-40	intergenic	intergenic	8933	IGK
chr2_89339798	89339798	IGKV2-40	intergenic	intergenic	8949	IGK
chr2_89339814	89339814	IGKV2-40	intergenic	intergenic	8965	IGK
chr2_89339927	89339927	IGKV2-40	intergenic	intergenic	9078	IGK
chr2_89339970	89339970	IGKV2-40	intergenic	intergenic	9121	IGK
chr2_89339985	89339985	IGKV2-40	intergenic	intergenic	9136	IGK
chr2_89340011	89340011	IGKV2-40	intergenic	intergenic	9162	IGK
chr2_89340067	89340067	IGKV2-40	intergenic	intergenic	9218	IGK
chr2_89340074	89340074	IGKV2-40	intergenic	intergenic	9225	IGK
chr2_89340101	89340101	IGKV2-40	intergenic	intergenic	9252	IGK
chr2_89340117	89340117	IGKV2-40	intergenic	intergenic	9268	IGK
chr2_89340149	89340149	IGKV2-40	intergenic	intergenic	9300	IGK
chr2_89340173	89340173	IGKV2-40	intergenic	intergenic	9324	IGK
chr2_89340208	89340208	IGKV2-40	intergenic	intergenic	9359	IGK
chr2_89340231	89340231	IGKV2-40	intergenic	intergenic	9382	IGK
chr2_89340332	89340332	IGKV2-40	intergenic	intergenic	9483	IGK
chr2_89340349	89340349	IGKV2-40	intergenic	intergenic	9500	IGK
chr2_89340357	89340357	IGKV2-40	intergenic	intergenic	9508	IGK
chr2_89944172	89944172	IGKV2D-29	intergenic	intergenic	3369	IGK
chr2_89847602	89847602	IGKV2D-40	intergenic	intergenic	4155	IGK
chr2_89848035	89848035	IGKV2D-40	intergenic	intergenic	3722	IGK
chr2_89848302	89848302	IGKV2D-40	intergenic	intergenic	3455	IGK
chr2_89848386	89848386	IGKV2D-40	intergenic	intergenic	3371	IGK
chr2_89848471	89848471	IGKV2D-40	intergenic	intergenic	3286	IGK
chr2_89848745	89848745	IGKV2D-40	intergenic	intergenic	3012	IGK
chr2_89848858	89848858	IGKV2D-40	intergenic	intergenic	2899	IGK
chr2_89849072	89849072	IGKV2D-40	intergenic	intergenic	2685	IGK
chr2_89849085	89849085	IGKV2D-40	intergenic	intergenic	2672	IGK
chr2_89849149	89849149	IGKV2D-40	intergenic	intergenic	2608	IGK
chr2_89849255	89849255	IGKV2D-40	intergenic	intergenic	2502	IGK
chr2_89849265	89849265	IGKV2D-40	intergenic	intergenic	2492	IGK
chr2_89850047	89850047	IGKV2D-40	intergenic	intergenic	1710	IGK
chr2_89850087	89850087	IGKV2D-40	intergenic	intergenic	1670	IGK
chr2_89850194	89850194	IGKV2D-40	intergenic	intergenic	1563	IGK
chr2_89850242	89850242	IGKV2D-40	intergenic	intergenic	1515	IGK
chr2_89850247	89850247	IGKV2D-40	intergenic	intergenic	1510	IGK
chr2_89850289	89850289	IGKV2D-40	intergenic	intergenic	1468	IGK
chr2_89854798	89854798	IGKV2D-40	intergenic	intergenic	2277	IGK
chr2_89854867	89854867	IGKV2D-40	intergenic	intergenic	2346	IGK
chr2_89855020	89855020	IGKV2D-40	intergenic	intergenic	2499	IGK
chr2_89855034	89855034	IGKV2D-40	intergenic	intergenic	2513	IGK
chr2_89855035	89855035	IGKV2D-40	intergenic	intergenic	2514	IGK
chr2_89855142	89855142	IGKV2D-40	intergenic	intergenic	2621	IGK
chr2_89855164	89855164	IGKV2D-40	intergenic	intergenic	2643	IGK
chr2_89855471	89855471	IGKV2D-40	intergenic	intergenic	2950	IGK
chr2_89855616	89855616	IGKV2D-40	intergenic	intergenic	3095	IGK
chr2_89855617	89855617	IGKV2D-40	intergenic	intergenic	3096	IGK
chr2_89855793	89855793	IGKV2D-40	intergenic	intergenic	3272	IGK
chr2_89855843	89855843	IGKV2D-40	intergenic	intergenic	3322	IGK
chr2_89856602	89856602	IGKV2D-40	intergenic	intergenic	4081	IGK
chr2_89856740	89856740	IGKV2D-40	intergenic	intergenic	4219	IGK
chr2_89857450	89857450	IGKV2D-40	intergenic	intergenic	4929	IGK
chr2_89857488	89857488	IGKV2D-40	intergenic	intergenic	4967	IGK
chr2_89857611	89857611	IGKV1D-39	intergenic	intergenic	4893	IGK
chr2_89857791	89857791	IGKV1D-39	intergenic	intergenic	4713	IGK
chr2_89858229	89858229	IGKV1D-39	intergenic	intergenic	4275	IGK
chr2_89858281	89858281	IGKV1D-39	intergenic	intergenic	4223	IGK
chr2_89858473	89858473	IGKV1D-39	intergenic	intergenic	4031	IGK
chr2_89858544	89858544	IGKV1D-39	intergenic	intergenic	3960	IGK
chr2_89858561	89858561	IGKV1D-39	intergenic	intergenic	3943	IGK
chr2_89858566	89858566	IGKV1D-39	intergenic	intergenic	3938	IGK
chr2_89858602	89858602	IGKV1D-39	intergenic	intergenic	3902	IGK
chr2_89858681	89858681	IGKV1D-39	intergenic	intergenic	3823	IGK
chr2_89858707	89858707	IGKV1D-39	intergenic	intergenic	3797	IGK
chr2_89974385	89974385	IGKV2D-26	intergenic	intergenic	11566	IGK
chr2_89303399	89303399	IGKV1-37	intergenic	intergenic	5661	IGK
chr2_89339331	89339331	IGKV2-40	intergenic	intergenic	8482	IGK
chr2_89336481	89336481	IGKV2-40	intergenic	intergenic	5632	IGK
chr2_89920739	89920739	IGKV1D-33	intergenic	intergenic	6164	IGK
chr2_89272981	89272981	IGKV1-33	intergenic	intergenic	4506	IGK
chr2_89963932	89963932	IGKV2D-28	intergenic	intergenic	3154	IGK
chr2_89050610	89050610	IGKV1-13	intergenic	intergenic	4149	IGK
chr2_89051602	89051602	IGKV1-13	intergenic	intergenic	5141	IGK
chr2_89052626	89052626	IGKV1-13	intergenic	intergenic	6165	IGK
chr2_89311380	89311380	IGKV1-39	intergenic	intergenic	8214	IGK
chr2_89311456	89311456	IGKV1-39	intergenic	intergenic	8138	IGK
chr2_89973935	89973935	IGKV2D-26	intergenic	intergenic	12016	IGK
chr2_89260710	89260710	IGKV1-33	intergenic	intergenic	7260	IGK
chr2_89993407	89993407	IGKV2D-26	intergenic	intergenic	6675	IGK
chr2_89910216	89910216	IGKV1D-33	intergenic	intergenic	3854	IGK
chr2_89977447	89977447	IGKV2D-26	intergenic	intergenic	8504	IGK
chr2_89271677	89271677	IGKV1-33	intergenic	intergenic	3202	IGK
chr2_89271477	89271477	IGKV1-33	intergenic	intergenic	3002	IGK
chr2_89271660	89271660	IGKV1-33	intergenic	intergenic	3185	IGK
chr2_89859452	89859452	IGKV1D-39	intergenic	intergenic	3052	IGK
chr2_89323154	89323154	IGKV1-39	intergenic	intergenic	3055	IGK
chr2_89909784	89909784	IGKV1D-33	intergenic	intergenic	4286	IGK
chr2_89303480	89303480	IGKV1-37	intergenic	intergenic	5742	IGK
chr2_89038510	89038510	IGKV1-12	intergenic	intergenic	1683	IGK
chr2_89044841	89044841	IGKV1-13	intergenic	intergenic	1118	IGK
chr2_89045783	89045783	IGKV1-13	intergenic	intergenic	176	IGK
chr2_89339108	89339108	IGKV2-40	intergenic	intergenic	8259	IGK
chr2_89855306	89855306	IGKV2D-40	intergenic	intergenic	2785	IGK
chr2_89855464	89855464	IGKV2D-40	intergenic	intergenic	2943	IGK
chr2_89988573	89988573	IGKV2D-26	intergenic	intergenic	1841	IGK
chr2_89920825	89920825	IGKV1D-33	intergenic	intergenic	6250	IGK
chr2_89272515	89272515	IGKV1-33	intergenic	intergenic	4040	IGK
chr2_89272532	89272532	IGKV1-33	intergenic	intergenic	4057	IGK
chr2_89272638	89272638	IGKV1-33	intergenic	intergenic	4163	IGK
chr2_90028788	90028788	IGKV6D-21	intergenic	intergenic	6573	IGK
chr2_90009023	90009023	IGKV2D-24	intergenic	intergenic	3364	IGK
chr2_89035018	89035018	IGKV1-12	intergenic	intergenic	5175	IGK
chr2_89898399	89898399	IGKV1D-37	intergenic	intergenic	13155	IGK
chr2_89213290	89213290	IGKV1-27	intergenic	intergenic	102	IGK
chr2_89845552	89845552	IGKV2D-40	intergenic	intergenic	6205	IGK
chr2_89845661	89845661	IGKV2D-40	intergenic	intergenic	6096	IGK
chr2_89845672	89845672	IGKV2D-40	intergenic	intergenic	6085	IGK
chr2_89845818	89845818	IGKV2D-40	intergenic	intergenic	5939	IGK
chr2_89845998	89845998	IGKV2D-40	intergenic	intergenic	5759	IGK
chr2_89846007	89846007	IGKV2D-40	intergenic	intergenic	5750	IGK
chr2_89846126	89846126	IGKV2D-40	intergenic	intergenic	5631	IGK
chr2_89846136	89846136	IGKV2D-40	intergenic	intergenic	5621	IGK
chr2_89846826	89846826	IGKV2D-40	intergenic	intergenic	4931	IGK
chr2_89846851	89846851	IGKV2D-40	intergenic	intergenic	4906	IGK
chr2_89846869	89846869	IGKV2D-40	intergenic	intergenic	4888	IGK
chr2_89846886	89846886	IGKV2D-40	intergenic	intergenic	4871	IGK
chr2_89914983	89914983	IGKV1D-33	intergenic	intergenic	408	IGK
chr2_89337319	89337319	IGKV2-40	intergenic	intergenic	6470	IGK
chr2_89920671	89920671	IGKV1D-33	intergenic	intergenic	6096	IGK
chr2_89273124	89273124	IGKV1-33	intergenic	intergenic	4649	IGK
chr2_89273128	89273128	IGKV1-33	intergenic	intergenic	4653	IGK
chr2_89273106	89273106	IGKV1-33	intergenic	intergenic	4631	IGK
chr2_89853983	89853983	IGKV2D-40	intergenic	intergenic	1462	IGK
chr2_89853985	89853985	IGKV2D-40	intergenic	intergenic	1464	IGK
chr2_89854235	89854235	IGKV2D-40	intergenic	intergenic	1714	IGK
chr2_89854307	89854307	IGKV2D-40	intergenic	intergenic	1786	IGK
chr2_89854404	89854404	IGKV2D-40	intergenic	intergenic	1883	IGK
chr2_89857712	89857712	IGKV1D-39	intergenic	intergenic	4792	IGK
chr2_89270902	89270902	IGKV1-33	intergenic	intergenic	2427	IGK
chr2_89215432	89215432	IGKV1-27	intergenic	intergenic	1535	IGK
chr2_89222986	89222986	IGKV2-28	intergenic	intergenic	555	IGK
chr2_89229925	89229925	IGKV2-29	intergenic	intergenic	4229	IGK
chr2_89238073	89238073	IGKV2-29	intergenic	intergenic	3162	IGK
chr2_89845486	89845486	IGKV2D-40	intergenic	intergenic	6271	IGK
chr2_89270285	89270285	IGKV1-33	intergenic	intergenic	1810	IGK
chr2_89270383	89270383	IGKV1-33	intergenic	intergenic	1908	IGK
chr2_89270386	89270386	IGKV1-33	intergenic	intergenic	1911	IGK
chr2_89270426	89270426	IGKV1-33	intergenic	intergenic	1951	IGK
chr2_89270489	89270489	IGKV1-33	intergenic	intergenic	2014	IGK
chr2_89270788	89270788	IGKV1-33	intergenic	intergenic	2313	IGK
chr2_89270879	89270879	IGKV1-33	intergenic	intergenic	2404	IGK
chr2_89920410	89920410	IGKV1D-33	intergenic	intergenic	5835	IGK
chr2_89920443	89920443	IGKV1D-33	intergenic	intergenic	5868	IGK
chr2_90188588	90188588	IGKV1D-42	intergenic	intergenic	1624	IGK
chr2_89978879	89978879	IGKV2D-26	intergenic	intergenic	7072	IGK
chr2_89980185	89980185	IGKV2D-26	intergenic	intergenic	5766	IGK
chr2_89980750	89980750	IGKV2D-26	intergenic	intergenic	5201	IGK
chr2_89988640	89988640	IGKV2D-26	intergenic	intergenic	1908	IGK
chr2_89989767	89989767	IGKV2D-26	intergenic	intergenic	3035	IGK
chr2_89999154	89999154	IGKV2D-24	intergenic	intergenic	5672	IGK
chr2_90011440	90011440	IGKV2D-24	intergenic	intergenic	5781	IGK
chr2_90012775	90012775	IGKV2D-24	intergenic	intergenic	7116	IGK
chr2_90037991	90037991	IGKV3D-20	intergenic	intergenic	953	IGK
chr2_90042610	90042610	IGKV3D-20	intergenic	intergenic	3101	IGK
chr2_90052868	90052868	IGKV3D-20	intergenic	intergenic	13359	IGK
chr2_90057971	90057971	IGKV6D-41	intergenic	intergenic	11716	IGK
chr2_90062559	90062559	IGKV6D-41	intergenic	intergenic	7128	IGK
chr2_90008509	90008509	IGKV2D-24	intergenic	intergenic	2850	IGK
chr2_89297163	89297163	IGKV1-37	intergenic	intergenic	70	IGK
chr2_89845073	89845073	IGKV2D-40	intergenic	intergenic	6684	IGK
chr2_89845090	89845090	IGKV2D-40	intergenic	intergenic	6667	IGK
chr2_89845099	89845099	IGKV2D-40	intergenic	intergenic	6658	IGK
chr2_89845101	89845101	IGKV2D-40	intergenic	intergenic	6656	IGK
chr2_89845129	89845129	IGKV2D-40	intergenic	intergenic	6628	IGK
chr2_89845139	89845139	IGKV2D-40	intergenic	intergenic	6618	IGK
chr2_89845176	89845176	IGKV2D-40	intergenic	intergenic	6581	IGK
chr2_89845197	89845197	IGKV2D-40	intergenic	intergenic	6560	IGK
chr2_89845308	89845308	IGKV2D-40	intergenic	intergenic	6449	IGK
chr2_89845350	89845350	IGKV2D-40	intergenic	intergenic	6407	IGK
chr2_89845388	89845388	IGKV2D-40	intergenic	intergenic	6369	IGK
chr2_89845432	89845432	IGKV2D-40	intergenic	intergenic	6325	IGK
chr2_89845435	89845435	IGKV2D-40	intergenic	intergenic	6322	IGK
chr2_89298939	89298939	IGKV1-37	intergenic	intergenic	1201	IGK
chr2_89847170	89847170	IGKV2D-40	intergenic	intergenic	4587	IGK
chr2_89847182	89847182	IGKV2D-40	intergenic	intergenic	4575	IGK
chr2_89847186	89847186	IGKV2D-40	intergenic	intergenic	4571	IGK
chr2_89847283	89847283	IGKV2D-40	intergenic	intergenic	4474	IGK
chr2_89847299	89847299	IGKV2D-40	intergenic	intergenic	4458	IGK
chr2_89847314	89847314	IGKV2D-40	intergenic	intergenic	4443	IGK
chr2_89847335	89847335	IGKV2D-40	intergenic	intergenic	4422	IGK
chr2_89847370	89847370	IGKV2D-40	intergenic	intergenic	4387	IGK
chr2_89847394	89847394	IGKV2D-40	intergenic	intergenic	4363	IGK
chr2_89847428	89847428	IGKV2D-40	intergenic	intergenic	4329	IGK
chr2_89910625	89910625	IGKV1D-33	intergenic	intergenic	3445	IGK
chr2_89856482	89856482	IGKV2D-40	intergenic	intergenic	3961	IGK
chr2_90002831	90002831	IGKV2D-24	intergenic	intergenic	1995	IGK
chr2_89114764	89114764	IGKV1-17	intergenic	intergenic	2547	IGK
chr2_89116107	89116107	IGKV1-17	intergenic	intergenic	1204	IGK
chr2_89117992	89117992	IGKV1-17	intergenic	intergenic	175	IGK
chr2_89121120	89121120	IGKV1-17	intergenic	intergenic	3303	IGK
chr2_89121461	89121461	IGKV1-17	intergenic	intergenic	3644	IGK
chr2_89138355	89138355	IGKV3-20	intergenic	intergenic	4188	IGK
chr2_89269760	89269760	IGKV1-33	intergenic	intergenic	1285	IGK
chr2_89270147	89270147	IGKV1-33	intergenic	intergenic	1672	IGK
chr2_89281540	89281540	IGKV1-33	intergenic	intergenic	13065	IGK
chr2_89847969	89847969	IGKV2D-40	intergenic	intergenic	3788	IGK
chr2_90028907	90028907	IGKV6D-21	intergenic	intergenic	6692	IGK
chr2_90104228	90104228	IGKV1D-16	intergenic	intergenic	3460	IGK
chr2_89869752	89869752	IGKV1D-39	intergenic	intergenic	6743	IGK
chr2_89843420	89843420	IGKV2D-40	intergenic	intergenic	8337	IGK
chr2_89247410	89247410	IGKV2-30	intergenic	intergenic	1844	IGK
chr2_88896665	88896665	IGKV5-2	intergenic	intergenic	629	IGK
chr2_88912941	88912941	IGKV5-2	intergenic	intergenic	15127	IGK
chr2_88922334	88922334	IGKV5-2	intergenic	intergenic	24520	IGK
chr2_89312578	89312578	IGKV1-39	intergenic	intergenic	7016	IGK
chr2_89217290	89217290	IGKV1-27	intergenic	intergenic	3393	IGK
chr2_89226026	89226026	IGKV2-28	intergenic	intergenic	3595	IGK
chr2_89244532	89244532	IGKV2-30	intergenic	intergenic	218	IGK
chr2_89303005	89303005	IGKV1-37	intergenic	intergenic	5267	IGK
chr2_89969802	89969802	IGKV2D-28	intergenic	intergenic	9024	IGK
chr2_89303973	89303973	IGKV1-37	intergenic	intergenic	6235	IGK
chr2_89303991	89303991	IGKV1-37	intergenic	intergenic	6253	IGK
chr2_89938140	89938140	IGKV2D-30	intergenic	intergenic	431	IGK
chr2_89325156	89325156	IGKV2-40	intergenic	intergenic	4929	IGK
chr2_89972870	89972870	IGKV2D-28	intergenic	intergenic	12092	IGK
chr2_89846359	89846359	IGKV2D-40	intergenic	intergenic	5398	IGK
chr2_89288762	89288762	IGKV1-37	intergenic	intergenic	8471	IGK
chr2_89045930	89045930	IGKV1-13	intergenic	intergenic	29	IGK
chr2_89036864	89036864	IGKV1-12	intergenic	intergenic	3329	IGK
chr2_89022925	89022925	IGKV3-11	intergenic	intergenic	4215	IGK
chr2_89028715	89028715	IGKV3-11	intergenic	intergenic	1031	IGK
chr2_89969477	89969477	IGKV2D-28	intergenic	intergenic	8699	IGK
chr2_89267652	89267652	IGKV1-33	intergenic	intergenic	318	IGK
chr2_89281490	89281490	IGKV1-33	intergenic	intergenic	13015	IGK
chr2_89038175	89038175	IGKV1-12	intergenic	intergenic	2018	IGK
chr2_89843910	89843910	IGKV2D-40	intergenic	intergenic	7847	IGK
chr2_89843937	89843937	IGKV2D-40	intergenic	intergenic	7820	IGK
chr2_89843996	89843996	IGKV2D-40	intergenic	intergenic	7761	IGK
chr2_89844093	89844093	IGKV2D-40	intergenic	intergenic	7664	IGK
chr2_89844127	89844127	IGKV2D-40	intergenic	intergenic	7630	IGK
chr2_89844171	89844171	IGKV2D-40	intergenic	intergenic	7586	IGK
chr2_89844182	89844182	IGKV2D-40	intergenic	intergenic	7575	IGK
chr2_89844192	89844192	IGKV2D-40	intergenic	intergenic	7565	IGK
chr2_89928469	89928469	IGKV2D-30	intergenic	intergenic	8424	IGK
chr2_89276885	89276885	IGKV1-33	intergenic	intergenic	8410	IGK
chr2_89302532	89302532	IGKV1-37	intergenic	intergenic	4794	IGK
chr2_89917460	89917460	IGKV1D-33	intergenic	intergenic	2885	IGK
chr2_88899322	88899322	IGKV5-2	intergenic	intergenic	1508	IGK
chr2_89844723	89844723	IGKV2D-40	intergenic	intergenic	7034	IGK
chr2_89844762	89844762	IGKV2D-40	intergenic	intergenic	6995	IGK
chr2_89844862	89844862	IGKV2D-40	intergenic	intergenic	6895	IGK
chr2_89844876	89844876	IGKV2D-40	intergenic	intergenic	6881	IGK
chr2_89844879	89844879	IGKV2D-40	intergenic	intergenic	6878	IGK
chr2_89844982	89844982	IGKV2D-40	intergenic	intergenic	6775	IGK
chr2_89843737	89843737	IGKV2D-40	intergenic	intergenic	8020	IGK
chr2_89843749	89843749	IGKV2D-40	intergenic	intergenic	8008	IGK
chr2_89843754	89843754	IGKV2D-40	intergenic	intergenic	8003	IGK
chr2_89843836	89843836	IGKV2D-40	intergenic	intergenic	7921	IGK
chr2_89269244	89269244	IGKV1-33	intergenic	intergenic	769	IGK
chr2_89302274	89302274	IGKV1-37	intergenic	intergenic	4536	IGK
chr2_89018805	89018805	IGKV3-11	intergenic	intergenic	8335	IGK
chr2_89843343	89843343	IGKV2D-40	intergenic	intergenic	8414	IGK
chr2_89843347	89843347	IGKV2D-40	intergenic	intergenic	8410	IGK
chr2_89843349	89843349	IGKV2D-40	intergenic	intergenic	8408	IGK
chr2_89843352	89843352	IGKV2D-40	intergenic	intergenic	8405	IGK
chr2_89843369	89843369	IGKV2D-40	intergenic	intergenic	8388	IGK
chr2_89843483	89843483	IGKV2D-40	intergenic	intergenic	8274	IGK
chr2_89843484	89843484	IGKV2D-40	intergenic	intergenic	8273	IGK
chr2_89843485	89843485	IGKV2D-40	intergenic	intergenic	8272	IGK
chr2_89843487	89843487	IGKV2D-40	intergenic	intergenic	8270	IGK
chr2_89843493	89843493	IGKV2D-40	intergenic	intergenic	8264	IGK
chr2_89843496	89843496	IGKV2D-40	intergenic	intergenic	8261	IGK
chr2_89843540	89843540	IGKV2D-40	intergenic	intergenic	8217	IGK
chr2_89843551	89843551	IGKV2D-40	intergenic	intergenic	8206	IGK
chr2_89843573	89843573	IGKV2D-40	intergenic	intergenic	8184	IGK
chr2_89843594	89843594	IGKV2D-40	intergenic	intergenic	8163	IGK
chr2_89843602	89843602	IGKV2D-40	intergenic	intergenic	8155	IGK
chr2_89843606	89843606	IGKV2D-40	intergenic	intergenic	8151	IGK
chr2_89843621	89843621	IGKV2D-40	intergenic	intergenic	8136	IGK
chr2_89843643	89843643	IGKV2D-40	intergenic	intergenic	8114	IGK
chr2_89843682	89843682	IGKV2D-40	intergenic	intergenic	8075	IGK
chr2_89844419	89844419	IGKV2D-40	intergenic	intergenic	7338	IGK
chr2_89844423	89844423	IGKV2D-40	intergenic	intergenic	7334	IGK
chr2_89844494	89844494	IGKV2D-40	intergenic	intergenic	7263	IGK
chr2_89844497	89844497	IGKV2D-40	intergenic	intergenic	7260	IGK
chr2_89844498	89844498	IGKV2D-40	intergenic	intergenic	7259	IGK
chr2_89844505	89844505	IGKV2D-40	intergenic	intergenic	7252	IGK
chr2_89844565	89844565	IGKV2D-40	intergenic	intergenic	7192	IGK
chr2_89844588	89844588	IGKV2D-40	intergenic	intergenic	7169	IGK
chr2_89844598	89844598	IGKV2D-40	intergenic	intergenic	7159	IGK
chr2_89844627	89844627	IGKV2D-40	intergenic	intergenic	7130	IGK
chr2_89844630	89844630	IGKV2D-40	intergenic	intergenic	7127	IGK
chr2_89270249	89270249	IGKV1-33	intergenic	intergenic	1774	IGK
chr2_89955431	89955431	IGKV2D-28	intergenic	intergenic	4583	IGK
chr2_89179908	89179908	IGKV2-24	intergenic	intergenic	2778	IGK
chr2_89928686	89928686	IGKV2D-30	intergenic	intergenic	8207	IGK
chr2_89295844	89295844	IGKV1-37	intergenic	intergenic	1389	IGK
chr2_89842250	89842250	IGKV2D-40	intergenic	intergenic	9507	IGK
chr2_89842258	89842258	IGKV2D-40	intergenic	intergenic	9499	IGK
chr2_89842275	89842275	IGKV2D-40	intergenic	intergenic	9482	IGK
chr2_89842376	89842376	IGKV2D-40	intergenic	intergenic	9381	IGK
chr2_89842399	89842399	IGKV2D-40	intergenic	intergenic	9358	IGK
chr2_89842434	89842434	IGKV2D-40	intergenic	intergenic	9323	IGK
chr2_89842458	89842458	IGKV2D-40	intergenic	intergenic	9299	IGK
chr2_89842490	89842490	IGKV2D-40	intergenic	intergenic	9267	IGK
chr2_89842506	89842506	IGKV2D-40	intergenic	intergenic	9251	IGK
chr2_89842533	89842533	IGKV2D-40	intergenic	intergenic	9224	IGK
chr2_89842540	89842540	IGKV2D-40	intergenic	intergenic	9217	IGK
chr2_89842596	89842596	IGKV2D-40	intergenic	intergenic	9161	IGK
chr2_89842622	89842622	IGKV2D-40	intergenic	intergenic	9135	IGK
chr2_89842637	89842637	IGKV2D-40	intergenic	intergenic	9120	IGK
chr2_89842680	89842680	IGKV2D-40	intergenic	intergenic	9077	IGK
chr2_89842793	89842793	IGKV2D-40	intergenic	intergenic	8964	IGK
chr2_89842809	89842809	IGKV2D-40	intergenic	intergenic	8948	IGK
chr2_89842825	89842825	IGKV2D-40	intergenic	intergenic	8932	IGK
chr2_89842830	89842830	IGKV2D-40	intergenic	intergenic	8927	IGK
chr2_89842934	89842934	IGKV2D-40	intergenic	intergenic	8823	IGK
chr2_89843028	89843028	IGKV2D-40	intergenic	intergenic	8729	IGK
chr2_89843137	89843137	IGKV2D-40	intergenic	intergenic	8620	IGK
chr2_89843139	89843139	IGKV2D-40	intergenic	intergenic	8618	IGK
chr2_89843146	89843146	IGKV2D-40	intergenic	intergenic	8611	IGK
chr2_89843155	89843155	IGKV2D-40	intergenic	intergenic	8602	IGK
chr2_89843254	89843254	IGKV2D-40	intergenic	intergenic	8503	IGK
chr2_89843263	89843263	IGKV2D-40	intergenic	intergenic	8494	IGK
chr2_89843268	89843268	IGKV2D-40	intergenic	intergenic	8489	IGK
chr2_89843271	89843271	IGKV2D-40	intergenic	intergenic	8486	IGK
chr2_89225084	89225084	IGKV2-28	intergenic	intergenic	2653	IGK
chr2_89320295	89320295	IGKV1-39	intergenic	intergenic	196	IGK
chr2_88888274	88888274	IGKV4-1	intergenic	intergenic	2091	IGK
chr2_88890717	88890717	IGKV4-1	intergenic	intergenic	4534	IGK
chr2_89221301	89221301	IGKV2-28	intergenic	intergenic	366	IGK
chr2_90007522	90007522	IGKV2D-24	intergenic	intergenic	1863	IGK
chr2_90155332	90155332	IGKV1D-13	intergenic	intergenic	728	IGK
chr2_89959791	89959791	IGKV2D-28	intergenic	intergenic	223	IGK
chr2_89968288	89968288	IGKV2D-28	intergenic	intergenic	7510	IGK
chr2_88918587	88918587	IGKV5-2	intergenic	intergenic	20773	IGK
chr2_89303947	89303947	IGKV1-37	intergenic	intergenic	6209	IGK
chr2_89074498	89074498	IGKV3-15	intergenic	intergenic	10648	IGK
chr2_89845288	89845288	IGKV2D-40	intergenic	intergenic	6469	IGK
chr2_89004291	89004291	IGKV1-9	intergenic	intergenic	5660	IGK
chr2_90228069	90228069	IGKV1D-8	intergenic	intergenic	6657	IGK
chr2_89318908	89318908	IGKV1-39	intergenic	intergenic	686	IGK
chr2_90070606	90070606	IGKV6D-41	intergenic	intergenic	338	IGK
chr2_89317991	89317991	IGKV1-39	intergenic	intergenic	1603	IGK
chr2_89877223	89877223	IGKV1D-37	intergenic	intergenic	7516	IGK
chr2_89864804	89864804	IGKV1D-39	intergenic	intergenic	1795	IGK
chr2_89862025	89862025	IGKV1D-39	intergenic	intergenic	479	IGK
chr2_89159240	89159240	IGKV6-21	intergenic	intergenic	480	IGK
chr2_89884020	89884020	IGKV1D-37	intergenic	intergenic	719	IGK
chr2_89197835	89197835	IGKV1-27	intergenic	intergenic	15557	IGK
chr2_89310616	89310616	IGKV1-39	intergenic	intergenic	8978	IGK
chr2_89889907	89889907	IGKV1D-37	intergenic	intergenic	4663	IGK
chr2_89105661	89105661	IGKV1-16	intergenic	intergenic	5327	IGK
chr2_89019123	89019123	IGKV3-11	intergenic	intergenic	8017	IGK
chr2_89020059	89020059	IGKV3-11	intergenic	intergenic	7081	IGK
chr2_88908564	88908564	IGKV5-2	intergenic	intergenic	10750	IGK
chr2_89849435	89849435	IGKV2D-40	intergenic	intergenic	2322	IGK
chr2_90067648	90067648	IGKV6D-41	intergenic	intergenic	2039	IGK
chr2_90188585	90188585	IGKV1D-42	intergenic	intergenic	1627	IGK
chr2_89303949	89303949	IGKV1-37	intergenic	intergenic	6211	IGK
chr2_89179127	89179127	IGKV2-24	intergenic	intergenic	1997	IGK
chr2_89179685	89179685	IGKV2-24	intergenic	intergenic	2555	IGK
chr2_89184231	89184231	IGKV2-24	intergenic	intergenic	7101	IGK
chr2_89187193	89187193	IGKV2-24	intergenic	intergenic	10063	IGK
chr2_89193510	89193510	IGKV2-24	intergenic	intergenic	16380	IGK
chr2_89195832	89195832	IGKV1-27	intergenic	intergenic	17560	IGK
chr2_89196398	89196398	IGKV1-27	intergenic	intergenic	16994	IGK
chr2_89209249	89209249	IGKV1-27	intergenic	intergenic	4143	IGK
chr2_89209369	89209369	IGKV1-27	intergenic	intergenic	4023	IGK
chr2_89211042	89211042	IGKV1-27	intergenic	intergenic	2350	IGK
chr2_89213334	89213334	IGKV1-27	intergenic	intergenic	58	IGK
chr2_89161394	89161394	IGKV6-21	intergenic	intergenic	1092	IGK
chr2_89164046	89164046	IGKV6-21	intergenic	intergenic	3744	IGK
chr2_89164194	89164194	IGKV6-21	intergenic	intergenic	3892	IGK
chr2_89168437	89168437	IGKV2-24	intergenic	intergenic	7860	IGK
chr2_89171785	89171785	IGKV2-24	intergenic	intergenic	4512	IGK
chr2_89009927	89009927	IGKV1-9	intergenic	intergenic	24	IGK
chr2_89954372	89954372	IGKV2D-28	intergenic	intergenic	5642	IGK
chr2_89956608	89956608	IGKV2D-28	intergenic	intergenic	3406	IGK
chr2_89961648	89961648	IGKV2D-28	intergenic	intergenic	870	IGK
chr2_89178268	89178268	IGKV2-24	intergenic	intergenic	1138	IGK
chr2_89180565	89180565	IGKV2-24	intergenic	intergenic	3435	IGK
chr2_89181405	89181405	IGKV2-24	intergenic	intergenic	4275	IGK
chr2_89181459	89181459	IGKV2-24	intergenic	intergenic	4329	IGK
chr2_89184380	89184380	IGKV2-24	intergenic	intergenic	7250	IGK
chr2_89184385	89184385	IGKV2-24	intergenic	intergenic	7255	IGK
chr2_89187508	89187508	IGKV2-24	intergenic	intergenic	10378	IGK
chr2_89187836	89187836	IGKV2-24	intergenic	intergenic	10706	IGK
chr2_89195408	89195408	IGKV1-27	intergenic	intergenic	17984	IGK
chr2_89199040	89199040	IGKV1-27	intergenic	intergenic	14352	IGK
chr2_89200073	89200073	IGKV1-27	intergenic	intergenic	13319	IGK
chr2_89202520	89202520	IGKV1-27	intergenic	intergenic	10872	IGK
chr2_89203823	89203823	IGKV1-27	intergenic	intergenic	9569	IGK
chr2_89204289	89204289	IGKV1-27	intergenic	intergenic	9103	IGK
chr2_89919104	89919104	IGKV1D-33	intergenic	intergenic	4529	IGK
chr2_89170725	89170725	IGKV2-24	intergenic	intergenic	5572	IGK
chr2_89893722	89893722	IGKV1D-37	intergenic	intergenic	8478	IGK
chr2_88925100	88925100	IGKV1-5	intergenic	intergenic	22170	IGK
chr2_88940187	88940187	IGKV1-5	intergenic	intergenic	7083	IGK
chr2_88942616	88942616	IGKV1-5	intergenic	intergenic	4654	IGK
chr2_88951612	88951612	IGKV1-5	intergenic	intergenic	3836	IGK
chr2_88956245	88956245	IGKV1-5	intergenic	intergenic	8469	IGK
chr2_89156084	89156084	IGKV6-21	intergenic	intergenic	3636	IGK
chr2_89156127	89156127	IGKV6-21	intergenic	intergenic	3593	IGK
chr2_89156135	89156135	IGKV6-21	intergenic	intergenic	3585	IGK
chr2_89016440	89016440	IGKV1-9	intergenic	intergenic	5983	IGK
chr2_88964322	88964322	IGKV1-6	intergenic	intergenic	1909	IGK
chr2_88965525	88965525	IGKV1-6	intergenic	intergenic	706	IGK
chr2_88968882	88968882	IGKV1-6	intergenic	intergenic	2144	IGK
chr2_88974599	88974599	IGKV3-7	intergenic	intergenic	3838	IGK
chr2_88983148	88983148	IGKV3-7	intergenic	intergenic	4164	IGK
chr2_88984098	88984098	IGKV3-7	intergenic	intergenic	5114	IGK
chr2_88984615	88984615	IGKV3-7	intergenic	intergenic	5631	IGK
chr2_88984759	88984759	IGKV3-7	intergenic	intergenic	5775	IGK
chr2_88988608	88988608	IGKV1-8	intergenic	intergenic	3770	IGK
chr2_88994729	88994729	IGKV1-8	intergenic	intergenic	1851	IGK
chr2_88995341	88995341	IGKV1-8	intergenic	intergenic	2463	IGK
chr2_89000228	89000228	IGKV1-8	intergenic	intergenic	7350	IGK
chr2_89001974	89001974	IGKV1-9	intergenic	intergenic	7977	IGK
chr2_89003324	89003324	IGKV1-9	intergenic	intergenic	6627	IGK
chr2_89003747	89003747	IGKV1-9	intergenic	intergenic	6204	IGK
chr2_89927552	89927552	IGKV2D-30	intergenic	intergenic	9341	IGK
chr2_89281850	89281850	IGKV1-33	intergenic	intergenic	13375	IGK
chr2_90062656	90062656	IGKV6D-41	intergenic	intergenic	7031	IGK
chr2_89911316	89911316	IGKV1D-33	intergenic	intergenic	2754	IGK
chr2_89902998	89902998	IGKV1D-33	intergenic	intergenic	11072	IGK
chr2_89058053	89058053	IGKV1-13	intergenic	intergenic	11592	IGK
chr2_89089907	89089907	IGKV3-15	intergenic	intergenic	4217	IGK
chr2_89090225	89090225	IGKV3-15	intergenic	intergenic	4535	IGK
chr2_89090226	89090226	IGKV3-15	intergenic	intergenic	4536	IGK
chr2_89103019	89103019	IGKV1-16	intergenic	intergenic	2685	IGK
chr2_88924138	88924138	IGKV1-5	intergenic	intergenic	23132	IGK
chr2_89120060	89120060	IGKV1-17	intergenic	intergenic	2243	IGK
chr2_89125559	89125559	IGKV1-17	intergenic	intergenic	7742	IGK
chr2_89128961	89128961	IGKV1-17	intergenic	intergenic	11144	IGK
chr2_89134161	89134161	IGKV3-20	intergenic	intergenic	8382	IGK
chr2_89150117	89150117	IGKV3-20	intergenic	intergenic	7009	IGK
chr2_89150383	89150383	IGKV3-20	intergenic	intergenic	7275	IGK
chr2_89162853	89162853	IGKV6-21	intergenic	intergenic	2551	IGK
chr2_89886153	89886153	IGKV1D-37	intergenic	intergenic	909	IGK
chr2_89920946	89920946	IGKV1D-33	intergenic	intergenic	6371	IGK
chr2_88948731	88948731	IGKV1-5	intergenic	intergenic	955	IGK
chr2_89205716	89205716	IGKV1-27	intergenic	intergenic	7676	IGK
chr2_89119570	89119570	IGKV1-17	intergenic	intergenic	1753	IGK
chr2_89125435	89125435	IGKV1-17	intergenic	intergenic	7618	IGK
chr2_89126903	89126903	IGKV1-17	intergenic	intergenic	9086	IGK
chr2_88992963	88992963	IGKV1-8	intergenic	intergenic	85	IGK
chr2_89173790	89173790	IGKV2-24	intergenic	intergenic	2507	IGK
chr2_89001777	89001777	IGKV1-9	intergenic	intergenic	8174	IGK
chr2_89885633	89885633	IGKV1D-37	intergenic	intergenic	389	IGK
chr2_89886046	89886046	IGKV1D-37	intergenic	intergenic	802	IGK
chr2_89154359	89154359	IGKV6-21	intergenic	intergenic	5361	IGK
chr2_89156191	89156191	IGKV6-21	intergenic	intergenic	3529	IGK
chr2_89156591	89156591	IGKV6-21	intergenic	intergenic	3129	IGK
chr2_89160700	89160700	IGKV6-21	intergenic	intergenic	398	IGK
chr2_89165300	89165300	IGKV6-21	intergenic	intergenic	4998	IGK
chr2_89942439	89942439	IGKV2D-30	intergenic	intergenic	4730	IGK
chr2_89880249	89880249	IGKV1D-37	intergenic	intergenic	4490	IGK
chr2_89881555	89881555	IGKV1D-37	intergenic	intergenic	3184	IGK
chr2_89920945	89920945	IGKV1D-33	intergenic	intergenic	6370	IGK
chr2_89921510	89921510	IGKV1D-33	intergenic	intergenic	6935	IGK
chr2_89943337	89943337	IGKV2D-29	intergenic	intergenic	4204	IGK
chr2_89853889	89853889	IGKV2D-40	intergenic	intergenic	1368	IGK
chr2_89303945	89303945	IGKV1-37	intergenic	intergenic	6207	IGK
chr2_89110952	89110952	IGKV1-17	intergenic	intergenic	6359	IGK
chr2_89228414	89228414	IGKV2-29	intergenic	intergenic	5740	IGK
chr2_89228717	89228717	IGKV2-29	intergenic	intergenic	5437	IGK
chr2_89917378	89917378	IGKV1D-33	intergenic	intergenic	2803	IGK
chr2_89883361	89883361	IGKV1D-37	intergenic	intergenic	1378	IGK
chr2_89276169	89276169	IGKV1-33	intergenic	intergenic	7694	IGK
chr2_89292571	89292571	IGKV1-37	intergenic	intergenic	4662	IGK
chr2_89079863	89079863	IGKV3-15	intergenic	intergenic	5283	IGK
chr2_89894940	89894940	IGKV1D-37	intergenic	intergenic	9696	IGK
chr2_89915688	89915688	IGKV1D-33	intergenic	intergenic	1113	IGK
chr2_89917406	89917406	IGKV1D-33	intergenic	intergenic	2831	IGK
chr2_89935057	89935057	IGKV2D-30	intergenic	intergenic	1836	IGK
chr2_89035371	89035371	IGKV1-12	intergenic	intergenic	4822	IGK
chr2_90188586	90188586	IGKV1D-42	intergenic	intergenic	1626	IGK
chr2_89868746	89868746	IGKV1D-39	intergenic	intergenic	5737	IGK
chr2_89955630	89955630	IGKV2D-28	intergenic	intergenic	4384	IGK
chr2_89955638	89955638	IGKV2D-28	intergenic	intergenic	4376	IGK
chr2_89891418	89891418	IGKV1D-37	intergenic	intergenic	6174	IGK
chr2_89891940	89891940	IGKV1D-37	intergenic	intergenic	6696	IGK
chr2_89892143	89892143	IGKV1D-37	intergenic	intergenic	6899	IGK
chr2_89127913	89127913	IGKV1-17	intergenic	intergenic	10096	IGK
chr2_89977775	89977775	IGKV2D-26	intergenic	intergenic	8176	IGK
chr2_89999730	89999730	IGKV2D-24	intergenic	intergenic	5096	IGK
chr2_90011873	90011873	IGKV2D-24	intergenic	intergenic	6214	IGK
chr2_90036172	90036172	IGKV3D-20	intergenic	intergenic	2772	IGK
chr2_90058484	90058484	IGKV6D-41	intergenic	intergenic	11203	IGK
chr2_89895346	89895346	IGKV1D-37	intergenic	intergenic	10102	IGK
chr2_89920739_2	89920739	IGKV1D-33	intergenic	intergenic	6164	IGK
chr2_89920280	89920280	IGKV1D-33	intergenic	intergenic	5705	IGK
chr2_89115943	89115943	IGKV1-17	intergenic	intergenic	1368	IGK
chr2_90104428	90104428	IGKV1D-16	intergenic	intergenic	3660	IGK
chr2_89248933	89248933	IGKV2-30	intergenic	intergenic	3367	IGK
chr2_89917432	89917432	IGKV1D-33	intergenic	intergenic	2857	IGK
chr2_89321079	89321079	IGKV1-39	intergenic	intergenic	980	IGK
chr2_89298398	89298398	IGKV1-37	intergenic	intergenic	660	IGK
chr2_90067318	90067318	IGKV6D-41	intergenic	intergenic	2369	IGK
chr2_89162954	89162954	IGKV6-21	intergenic	intergenic	2652	IGK
chr2_89876351	89876351	IGKV1D-37	intergenic	intergenic	8388	IGK
chr2_89146473	89146473	IGKV3-20	intergenic	intergenic	3365	IGK
chr2_89312975	89312975	IGKV1-39	intergenic	intergenic	6619	IGK
chr2_89855319	89855319	IGKV2D-40	intergenic	intergenic	2798	IGK
chr2_88991362	88991362	IGKV1-8	intergenic	intergenic	1016	IGK
chr2_88875667	88875667	IGKV4-1	intergenic	intergenic	9904	IGK
chr2_89851319	89851319	IGKV2D-40	intergenic	intergenic	438	IGK
chr2_89865224	89865224	IGKV1D-39	intergenic	intergenic	2215	IGK
chr2_89113366	89113366	IGKV1-17	intergenic	intergenic	3945	IGK
chr2_89926294	89926294	IGKV2D-30	intergenic	intergenic	10599	IGK
chr2_89114631	89114631	IGKV1-17	intergenic	intergenic	2680	IGK
chr2_89848977	89848977	IGKV2D-40	intergenic	intergenic	2780	IGK
chr2_88986565	88986565	IGKV1-8	intergenic	intergenic	5813	IGK
chr2_89301685	89301685	IGKV1-37	intergenic	intergenic	3947	IGK
chr2_90073194	90073194	IGKV6D-41	intergenic	intergenic	2926	IGK
chr2_89317464	89317464	IGKV1-39	intergenic	intergenic	2130	IGK
chr2_89295617	89295617	IGKV1-37	intergenic	intergenic	1616	IGK
chr2_89295009	89295009	IGKV1-37	intergenic	intergenic	2224	IGK
chr2_90188590	90188590	IGKV1D-42	intergenic	intergenic	1622	IGK
chr2_90126993	90126993	IGKV3D-15	intergenic	intergenic	11563	IGK
chr2_89919592	89919592	IGKV1D-33	intergenic	intergenic	5017	IGK
chr2_89301676	89301676	IGKV1-37	intergenic	intergenic	3938	IGK
chr2_89955389	89955389	IGKV2D-28	intergenic	intergenic	4625	IGK
chr2_89879590	89879590	IGKV1D-37	intergenic	intergenic	5149	IGK
chr2_89115477	89115477	IGKV1-17	intergenic	intergenic	1834	IGK
chr2_89906840	89906840	IGKV1D-33	intergenic	intergenic	7230	IGK
chr2_89856638	89856638	IGKV2D-40	intergenic	intergenic	4117	IGK
chr2_89882648	89882648	IGKV1D-37	intergenic	intergenic	2091	IGK
chr2_89884417	89884417	IGKV1D-37	intergenic	intergenic	322	IGK
chr2_89093979	89093979	IGKV1-16	intergenic	intergenic	5849	IGK
chr2_89909125	89909125	IGKV1D-33	intergenic	intergenic	4945	IGK
chr2_89919468	89919468	IGKV1D-33	intergenic	intergenic	4893	IGK
chr2_89893302	89893302	IGKV1D-37	intergenic	intergenic	8058	IGK
chr2_90077265	90077265	IGKV1D-17	intergenic	intergenic	5550	IGK
chr2_90112895	90112895	IGKV3D-15	intergenic	intergenic	1991	IGK
chr2_90117916	90117916	IGKV3D-15	intergenic	intergenic	2486	IGK
chr2_90203081	90203081	IGKV1D-43	intergenic	intergenic	6972	IGK
chr2_89303946	89303946	IGKV1-37	intergenic	intergenic	6208	IGK
chr2_90027862	90027862	IGKV6D-21	intergenic	intergenic	5647	IGK
chr2_89292177	89292177	IGKV1-37	intergenic	intergenic	5056	IGK
chr2_89197360	89197360	IGKV1-27	intergenic	intergenic	16032	IGK
chr2_88978279	88978279	IGKV3-7	intergenic	intergenic	158	IGK
chr2_89159178	89159178	IGKV6-21	intergenic	intergenic	542	IGK
chr2_89092200	89092200	IGKV3-15	intergenic	intergenic	6510	IGK
chr2_88872893	88872893	IGKJ1	intergenic	intergenic	10931	IGK
chr2_89933099	89933099	IGKV2D-30	intergenic	intergenic	3794	IGK
chr2_89198126	89198126	IGKV1-27	intergenic	intergenic	15266	IGK
chr2_89172931	89172931	IGKV2-24	intergenic	intergenic	3366	IGK
chr2_89126103	89126103	IGKV1-17	intergenic	intergenic	8286	IGK
chr2_89128940	89128940	IGKV1-17	intergenic	intergenic	11123	IGK
chr2_89132271	89132271	IGKV3-20	intergenic	intergenic	10272	IGK
chr2_89882865	89882865	IGKV1D-37	intergenic	intergenic	1874	IGK
chr2_89931711	89931711	IGKV2D-30	intergenic	intergenic	5182	IGK
chr2_89327122	89327122	IGKV2-40	intergenic	intergenic	2963	IGK
chr2_89329266	89329266	IGKV2-40	intergenic	intergenic	819	IGK
chr2_89321699	89321699	IGKV1-39	intergenic	intergenic	1600	IGK
chr2_90157019	90157019	IGKV1D-13	intergenic	intergenic	2415	IGK
chr2_90050455	90050455	IGKV3D-20	intergenic	intergenic	10946	IGK
chr2_89854099	89854099	IGKV2D-40	intergenic	intergenic	1578	IGK
chr2_89920850	89920850	IGKV1D-33	intergenic	intergenic	6275	IGK
chr2_90095859	90095859	IGKV1D-16	intergenic	intergenic	4403	IGK
chr2_89289240	89289240	IGKV1-37	intergenic	intergenic	7993	IGK
chr2_90154979	90154979	IGKV1D-13	intergenic	intergenic	375	IGK
chr2_89897307	89897307	IGKV1D-37	intergenic	intergenic	12063	IGK
chr2_89913792	89913792	IGKV1D-33	intergenic	intergenic	278	IGK
chr2_89865664	89865664	IGKV1D-39	intergenic	intergenic	2655	IGK
chr2_90004699	90004699	IGKV2D-24	intergenic	intergenic	127	IGK
chr2_89107982	89107982	IGKV1-16	intergenic	intergenic	7648	IGK
chr2_90126896	90126896	IGKV3D-15	intergenic	intergenic	11466	IGK
chr2_89862435	89862435	IGKV1D-39	intergenic	intergenic	69	IGK
chr2_89184920	89184920	IGKV2-24	intergenic	intergenic	7790	IGK
chr2_89203856	89203856	IGKV1-27	intergenic	intergenic	9536	IGK
chr2_89846609	89846609	IGKV2D-40	intergenic	intergenic	5148	IGK
chr2_88971031	88971031	IGKV1-6	intergenic	intergenic	4293	IGK
chr2_89175562	89175562	IGKV2-24	intergenic	intergenic	735	IGK
chr2_89175926	89175926	IGKV2-24	intergenic	intergenic	371	IGK
chr2_89179079	89179079	IGKV2-24	intergenic	intergenic	1949	IGK
chr2_89962433	89962433	IGKV2D-28	intergenic	intergenic	1655	IGK
chr2_89857552	89857552	IGKV1D-39	intergenic	intergenic	4952	IGK
chr2_89038224	89038224	IGKV1-12	intergenic	intergenic	1969	IGK
chr2_89038763	89038763	IGKV1-12	intergenic	intergenic	1430	IGK
chr2_89039499	89039499	IGKV1-12	intergenic	intergenic	694	IGK
chr2_89041282	89041282	IGKV1-12	intergenic	intergenic	584	IGK
chr2_89041404	89041404	IGKV1-12	intergenic	intergenic	706	IGK
chr2_89041592	89041592	IGKV1-12	intergenic	intergenic	894	IGK
chr2_89042128	89042128	IGKV1-12	intergenic	intergenic	1430	IGK
chr2_89042413	89042413	IGKV1-12	intergenic	intergenic	1715	IGK
chr2_89044249	89044249	IGKV1-13	intergenic	intergenic	1710	IGK
chr2_89044827	89044827	IGKV1-13	intergenic	intergenic	1132	IGK
chr2_89045069	89045069	IGKV1-13	intergenic	intergenic	890	IGK
chr2_89045508	89045508	IGKV1-13	intergenic	intergenic	451	IGK
chr2_89894209	89894209	IGKV1D-37	intergenic	intergenic	8965	IGK
chr2_89894233	89894233	IGKV1D-37	intergenic	intergenic	8989	IGK
chr2_89855890	89855890	IGKV2D-40	intergenic	intergenic	3369	IGK
chr2_89043666	89043666	IGKV1-13	intergenic	intergenic	2293	IGK
chr2_88939751	88939751	IGKV1-5	intergenic	intergenic	7519	IGK
chr2_88974198	88974198	IGKV3-7	intergenic	intergenic	4239	IGK
chr2_89302396	89302396	IGKV1-37	intergenic	intergenic	4658	IGK
chr2_89045147	89045147	IGKV1-13	intergenic	intergenic	812	IGK
chr2_89140642	89140642	IGKV3-20	intergenic	intergenic	1901	IGK
chr2_89333630	89333630	IGKV2-40	intergenic	intergenic	2781	IGK
chr2_90256839	90256839	IGKV3D-7	intergenic	intergenic	2726	IGK
chr2_90258414	90258414	IGKV3D-7	intergenic	intergenic	1151	IGK
chr2_89273421	89273421	IGKV1-33	intergenic	intergenic	4946	IGK
chr2_88877271	88877271	IGKV4-1	intergenic	intergenic	8300	IGK
chr2_89102928_2	89102928	IGKV1-16	intergenic	intergenic	2594	IGK
chr2_89107354	89107354	IGKV1-16	intergenic	intergenic	7020	IGK
chr2_89055526	89055526	IGKV1-13	intergenic	intergenic	9065	IGK
chr2_89212472	89212472	IGKV1-27	intergenic	intergenic	920	IGK
chr2_89994900	89994900	IGKV2D-26	intergenic	intergenic	8168	IGK
chr2_90027603	90027603	IGKV6D-21	intergenic	intergenic	5388	IGK
chr2_89907019	89907019	IGKV1D-33	intergenic	intergenic	7051	IGK
chr2_88932520	88932520	IGKV1-5	intergenic	intergenic	14750	IGK
chr2_88933593	88933593	IGKV1-5	intergenic	intergenic	13677	IGK
chr2_89906377	89906377	IGKV1D-33	intergenic	intergenic	7693	IGK
chr2_89902107	89902107	IGKV1D-33	intergenic	intergenic	11963	IGK
chr2_89266875	89266875	IGKV1-33	intergenic	intergenic	1095	IGK
chr2_89288917	89288917	IGKV1-37	intergenic	intergenic	8316	IGK
chr2_89864613	89864613	IGKV1D-39	intergenic	intergenic	1604	IGK
chr2_89863938	89863938	IGKV1D-39	intergenic	intergenic	929	IGK
chr2_89969293	89969293	IGKV2D-28	intergenic	intergenic	8515	IGK
chr2_90104589	90104589	IGKV1D-16	intergenic	intergenic	3821	IGK
chr2_89303956	89303956	IGKV1-37	intergenic	intergenic	6218	IGK
chr2_89005965	89005965	IGKV1-9	intergenic	intergenic	3986	IGK
chr2_89327287	89327287	IGKV2-40	intergenic	intergenic	2798	IGK
chr2_89937740	89937740	IGKV2D-30	intergenic	intergenic	31	IGK
chr2_89940433	89940433	IGKV2D-30	intergenic	intergenic	2724	IGK
chr2_89951745	89951745	IGKV2D-29	intergenic	intergenic	3446	IGK
chr2_89035492	89035492	IGKV1-12	intergenic	intergenic	4701	IGK
chr2_89036718	89036718	IGKV1-12	intergenic	intergenic	3475	IGK
chr2_89318777	89318777	IGKV1-39	intergenic	intergenic	817	IGK
chr2_89319098	89319098	IGKV1-39	intergenic	intergenic	496	IGK
chr2_89319239	89319239	IGKV1-39	intergenic	intergenic	355	IGK
chr2_89319307	89319307	IGKV1-39	intergenic	intergenic	287	IGK
chr2_89108301	89108301	IGKV1-16	intergenic	intergenic	7967	IGK
chr2_89032443	89032443	IGKV3-11	intergenic	intergenic	4759	IGK
chr2_89034279	89034279	IGKV1-12	intergenic	intergenic	5914	IGK
chr2_89335086	89335086	IGKV2-40	intergenic	intergenic	4237	IGK
chr2_89012499	89012499	IGKV1-9	intergenic	intergenic	2042	IGK
chr2_89867230	89867230	IGKV1D-39	intergenic	intergenic	4221	IGK
chr2_89901056	89901056	IGKV1D-33	intergenic	intergenic	13014	IGK
chr2_89300476	89300476	IGKV1-37	intergenic	intergenic	2738	IGK
chr2_89846244	89846244	IGKV2D-40	intergenic	intergenic	5513	IGK
chr2_88875857	88875857	IGKV4-1	intergenic	intergenic	9714	IGK
chr2_88903306	88903306	IGKV5-2	intergenic	intergenic	5492	IGK
chr2_89273684	89273684	IGKV1-33	intergenic	intergenic	5209	IGK
chr2_89273686	89273686	IGKV1-33	intergenic	intergenic	5211	IGK
chr2_89898914	89898914	IGKV1D-37	intergenic	intergenic	13670	IGK
chr2_88992294	88992294	IGKV1-8	intergenic	intergenic	84	IGK
chr2_89889642	89889642	IGKV1D-37	intergenic	intergenic	4398	IGK
chr2_89109874	89109874	IGKV1-17	intergenic	intergenic	7437	IGK
chr2_89860912	89860912	IGKV1D-39	intergenic	intergenic	1592	IGK
chr2_89917562	89917562	IGKV1D-33	intergenic	intergenic	2987	IGK
chr2_89901006	89901006	IGKV1D-33	intergenic	intergenic	13064	IGK
chr2_89303953	89303953	IGKV1-37	intergenic	intergenic	6215	IGK
chr2_89047232	89047232	IGKV1-13	intergenic	intergenic	771	IGK
chr2_89312921	89312921	IGKV1-39	intergenic	intergenic	6673	IGK
chr2_89280439	89280439	IGKV1-33	intergenic	intergenic	11964	IGK
chr2_90252610	90252610	IGKV1-NL1	intergenic	intergenic	6363	IGK
chr2_89845438	89845438	IGKV2D-40	intergenic	intergenic	6319	IGK
chr2_89172935	89172935	IGKV2-24	intergenic	intergenic	3362	IGK
chr2_89326328	89326328	IGKV2-40	intergenic	intergenic	3757	IGK
chr2_89092143	89092143	IGKV3-15	intergenic	intergenic	6453	IGK
chr2_89310998	89310998	IGKV1-39	intergenic	intergenic	8596	IGK
chr2_89019227	89019227	IGKV3-11	intergenic	intergenic	7913	IGK
chr2_88884795	88884795	IGKV4-1	intergenic	intergenic	776	IGK
chr2_89843562	89843562	IGKV2D-40	intergenic	intergenic	8195	IGK
chr2_89339175	89339175	IGKV2-40	intergenic	intergenic	8326	IGK
chr2_89103728	89103728	IGKV1-16	intergenic	intergenic	3394	IGK
chr2_89918887	89918887	IGKV1D-33	intergenic	intergenic	4312	IGK
chr2_89887469	89887469	IGKV1D-37	intergenic	intergenic	2225	IGK
chr2_88876444	88876444	IGKV4-1	intergenic	intergenic	9127	IGK
chr2_89050632	89050632	IGKV1-13	intergenic	intergenic	4171	IGK
chr2_90164860	90164860	IGKV1D-12	intergenic	intergenic	4495	IGK
chr2_88951364	88951364	IGKV1-5	intergenic	intergenic	3588	IGK
chr2_88953177	88953177	IGKV1-5	intergenic	intergenic	5401	IGK
chr2_88954784	88954784	IGKV1-5	intergenic	intergenic	7008	IGK
chr2_89271921	89271921	IGKV1-33	intergenic	intergenic	3446	IGK
chr2_89272330	89272330	IGKV1-33	intergenic	intergenic	3855	IGK
chr2_89272762	89272762	IGKV1-33	intergenic	intergenic	4287	IGK
chr2_88977004	88977004	IGKV3-7	intergenic	intergenic	1433	IGK
chr2_88977065	88977065	IGKV3-7	intergenic	intergenic	1372	IGK
chr2_89842296	89842296	IGKV2D-40	intergenic	intergenic	9461	IGK
chr2_89922172	89922172	IGKV1D-33	intergenic	intergenic	7597	IGK
chr2_89198914	89198914	IGKV1-27	intergenic	intergenic	14478	IGK
chr2_89018066	89018066	IGKV1-9	intergenic	intergenic	7609	IGK
chr2_89018302	89018302	IGKV1-9	intergenic	intergenic	7845	IGK
chr2_89897441	89897441	IGKV1D-37	intergenic	intergenic	12197	IGK
chr2_89900520	89900520	IGKV1D-33	intergenic	intergenic	13550	IGK
chr2_89106266	89106266	IGKV1-16	intergenic	intergenic	5932	IGK
chr2_89108910	89108910	IGKV1-17	intergenic	intergenic	8401	IGK
chr2_89857124	89857124	IGKV2D-40	intergenic	intergenic	4603	IGK
chr2_89965235	89965235	IGKV2D-28	intergenic	intergenic	4457	IGK
chr2_89900351	89900351	IGKV1D-33	intergenic	intergenic	13719	IGK
chr2_89918829	89918829	IGKV1D-33	intergenic	intergenic	4254	IGK
chr2_89860086	89860086	IGKV1D-39	intergenic	intergenic	2418	IGK
chr2_89172146	89172146	IGKV2-24	intergenic	intergenic	4151	IGK
chr2_89153919	89153919	IGKV6-21	intergenic	intergenic	5801	IGK
chr2_89271876	89271876	IGKV1-33	intergenic	intergenic	3401	IGK
chr2_88880498	88880498	IGKV4-1	intergenic	intergenic	5073	IGK
chr2_89154958	89154958	IGKV6-21	intergenic	intergenic	4762	IGK
chr2_89041722	89041722	IGKV1-12	intergenic	intergenic	1024	IGK
chr2_88943736	88943736	IGKV1-5	intergenic	intergenic	3534	IGK
chr2_89910250	89910250	IGKV1D-33	intergenic	intergenic	3820	IGK
chr2_89021436	89021436	IGKV3-11	intergenic	intergenic	5704	IGK
chr2_89023096	89023096	IGKV3-11	intergenic	intergenic	4044	IGK
chr2_89025107	89025107	IGKV3-11	intergenic	intergenic	2033	IGK
chr2_89025311	89025311	IGKV3-11	intergenic	intergenic	1829	IGK
chr2_89025610	89025610	IGKV3-11	intergenic	intergenic	1530	IGK
chr2_89917651	89917651	IGKV1D-33	intergenic	intergenic	3076	IGK
chr2_89844519	89844519	IGKV2D-40	intergenic	intergenic	7238	IGK
chr2_90143897	90143897	IGKV1D-13	intergenic	intergenic	10200	IGK
chr2_89890174	89890174	IGKV1D-37	intergenic	intergenic	4930	IGK
chr2_89108033	89108033	IGKV1-16	intergenic	intergenic	7699	IGK
chr2_89203496	89203496	IGKV1-27	intergenic	intergenic	9896	IGK
chr2_89046584	89046584	IGKV1-13	intergenic	intergenic	123	IGK
chr2_88938830	88938830	IGKV1-5	intergenic	intergenic	8440	IGK
chr2_88943102	88943102	IGKV1-5	intergenic	intergenic	4168	IGK
chr2_89018776	89018776	IGKV1-9	intergenic	intergenic	8319	IGK
chr2_89299640	89299640	IGKV1-37	intergenic	intergenic	1902	IGK
chr2_89266858	89266858	IGKV1-33	intergenic	intergenic	1112	IGK
chr2_89051691	89051691	IGKV1-13	intergenic	intergenic	5230	IGK
chr2_89059890	89059890	IGKV1-13	intergenic	intergenic	13429	IGK
chr2_89086906	89086906	IGKV3-15	intergenic	intergenic	1216	IGK
chr2_89093600	89093600	IGKV1-16	intergenic	intergenic	6228	IGK
chr2_89095521	89095521	IGKV1-16	intergenic	intergenic	4307	IGK
chr2_89105804	89105804	IGKV1-16	intergenic	intergenic	5470	IGK
chr2_88931864	88931864	IGKV1-5	intergenic	intergenic	15406	IGK
chr2_88932661	88932661	IGKV1-5	intergenic	intergenic	14609	IGK
chr2_88936277	88936277	IGKV1-5	intergenic	intergenic	10993	IGK
chr2_88937333	88937333	IGKV1-5	intergenic	intergenic	9937	IGK
chr2_88938978	88938978	IGKV1-5	intergenic	intergenic	8292	IGK
chr2_88940584	88940584	IGKV1-5	intergenic	intergenic	6686	IGK
chr2_88941482	88941482	IGKV1-5	intergenic	intergenic	5788	IGK
chr2_88942387	88942387	IGKV1-5	intergenic	intergenic	4883	IGK
chr2_89879865	89879865	IGKV1D-37	intergenic	intergenic	4874	IGK
chr2_89309781	89309781	IGKV1-39	intergenic	intergenic	9813	IGK
chr2_89155175	89155175	IGKV6-21	intergenic	intergenic	4545	IGK
chr2_88938295	88938295	IGKV1-5	intergenic	intergenic	8975	IGK
chr2_88942171	88942171	IGKV1-5	intergenic	intergenic	5099	IGK
chr2_88954376	88954376	IGKV1-5	intergenic	intergenic	6600	IGK
chr2_88966198	88966198	IGKV1-6	intergenic	intergenic	33	IGK
chr2_88968574	88968574	IGKV1-6	intergenic	intergenic	1836	IGK
chr2_88973562	88973562	IGKV3-7	intergenic	intergenic	4875	IGK
chr2_88974945	88974945	IGKV3-7	intergenic	intergenic	3492	IGK
chr2_88980030	88980030	IGKV3-7	intergenic	intergenic	1046	IGK
chr2_88982161	88982161	IGKV3-7	intergenic	intergenic	3177	IGK
chr2_88991103	88991103	IGKV1-8	intergenic	intergenic	1275	IGK
chr2_88991583	88991583	IGKV1-8	intergenic	intergenic	795	IGK
chr2_88993718	88993718	IGKV1-8	intergenic	intergenic	840	IGK
chr2_89918413	89918413	IGKV1D-33	intergenic	intergenic	3838	IGK
chr2_89001586	89001586	IGKV1-9	intergenic	intergenic	8365	IGK
chr2_89056090	89056090	IGKV1-13	intergenic	intergenic	9629	IGK
chr2_89099605	89099605	IGKV1-16	intergenic	intergenic	223	IGK
chr2_88932860	88932860	IGKV1-5	intergenic	intergenic	14410	IGK
chr2_88934208	88934208	IGKV1-5	intergenic	intergenic	13062	IGK
chr2_88982451	88982451	IGKV3-7	intergenic	intergenic	3467	IGK
chr2_88983187	88983187	IGKV3-7	intergenic	intergenic	4203	IGK
chr2_88997832	88997832	IGKV1-8	intergenic	intergenic	4954	IGK
chr2_90263986	90263986	IGKV3D-7	intergenic	intergenic	3859	IGK
chr2_89046914	89046914	IGKV1-13	intergenic	intergenic	453	IGK
chr2_89086214	89086214	IGKV3-15	intergenic	intergenic	524	IGK
chr2_89889877	89889877	IGKV1D-37	intergenic	intergenic	4633	IGK
chr2_89029605	89029605	IGKV3-11	intergenic	intergenic	1921	IGK
chr2_89029612	89029612	IGKV3-11	intergenic	intergenic	1928	IGK
chr2_89029762	89029762	IGKV3-11	intergenic	intergenic	2078	IGK
chr2_89029781	89029781	IGKV3-11	intergenic	intergenic	2097	IGK
chr2_89029790	89029790	IGKV3-11	intergenic	intergenic	2106	IGK
chr2_89029802	89029802	IGKV3-11	intergenic	intergenic	2118	IGK
chr2_89030009	89030009	IGKV3-11	intergenic	intergenic	2325	IGK
chr2_89030179	89030179	IGKV3-11	intergenic	intergenic	2495	IGK
chr2_89030193	89030193	IGKV3-11	intergenic	intergenic	2509	IGK
chr2_89030204	89030204	IGKV3-11	intergenic	intergenic	2520	IGK
chr2_89030242	89030242	IGKV3-11	intergenic	intergenic	2558	IGK
chr2_89030264	89030264	IGKV3-11	intergenic	intergenic	2580	IGK
chr2_89030293	89030293	IGKV3-11	intergenic	intergenic	2609	IGK
chr2_89030313	89030313	IGKV3-11	intergenic	intergenic	2629	IGK
chr2_89030447	89030447	IGKV3-11	intergenic	intergenic	2763	IGK
chr2_89030532	89030532	IGKV3-11	intergenic	intergenic	2848	IGK
chr2_89001537	89001537	IGKV1-9	intergenic	intergenic	8414	IGK
chr2_89001800	89001800	IGKV1-9	intergenic	intergenic	8151	IGK
chr2_89035912	89035912	IGKV1-12	intergenic	intergenic	4281	IGK
chr2_89062943	89062943	IGKV1-13	intergenic	intergenic	16482	IGK
chr2_89071031	89071031	IGKV3-15	intergenic	intergenic	14115	IGK
chr2_89072983	89072983	IGKV3-15	intergenic	intergenic	12163	IGK
chr2_89076752	89076752	IGKV3-15	intergenic	intergenic	8394	IGK
chr2_89090508	89090508	IGKV3-15	intergenic	intergenic	4818	IGK
chr2_89092367	89092367	IGKV3-15	intergenic	intergenic	6677	IGK
chr2_89092440	89092440	IGKV3-15	intergenic	intergenic	6750	IGK
chr2_89093193	89093193	IGKV1-16	intergenic	intergenic	6635	IGK
chr2_89093847	89093847	IGKV1-16	intergenic	intergenic	5981	IGK
chr2_89094412	89094412	IGKV1-16	intergenic	intergenic	5416	IGK
chr2_89095982	89095982	IGKV1-16	intergenic	intergenic	3846	IGK
chr2_89096251	89096251	IGKV1-16	intergenic	intergenic	3577	IGK
chr2_89868439	89868439	IGKV1D-39	intergenic	intergenic	5430	IGK
chr2_89846450	89846450	IGKV2D-40	intergenic	intergenic	5307	IGK
chr2_89896606	89896606	IGKV1D-37	intergenic	intergenic	11362	IGK
chr2_89039626	89039626	IGKV1-12	intergenic	intergenic	567	IGK
chr2_89041091	89041091	IGKV1-12	intergenic	intergenic	393	IGK
chr2_89043826	89043826	IGKV1-13	intergenic	intergenic	2133	IGK
chr2_89043834	89043834	IGKV1-13	intergenic	intergenic	2125	IGK
chr2_89044295	89044295	IGKV1-13	intergenic	intergenic	1664	IGK
chr2_89011066	89011066	IGKV1-9	intergenic	intergenic	609	IGK
chr2_89013564	89013564	IGKV1-9	intergenic	intergenic	3107	IGK
chr2_89013982	89013982	IGKV1-9	intergenic	intergenic	3525	IGK
chr2_89014008	89014008	IGKV1-9	intergenic	intergenic	3551	IGK
chr2_88878560	88878560	IGKV4-1	intergenic	intergenic	7011	IGK
chr2_89277629	89277629	IGKV1-33	intergenic	intergenic	9154	IGK
chr2_88982294	88982294	IGKV3-7	intergenic	intergenic	3310	IGK
chr2_88982537	88982537	IGKV3-7	intergenic	intergenic	3553	IGK
chr2_88982607	88982607	IGKV3-7	intergenic	intergenic	3623	IGK
chr2_88984058	88984058	IGKV3-7	intergenic	intergenic	5074	IGK
chr2_88984059	88984059	IGKV3-7	intergenic	intergenic	5075	IGK
chr2_88985610	88985610	IGKV3-7	intergenic	intergenic	6626	IGK
chr2_88988176	88988176	IGKV1-8	intergenic	intergenic	4202	IGK
chr2_88993483	88993483	IGKV1-8	intergenic	intergenic	605	IGK
chr2_88993503	88993503	IGKV1-8	intergenic	intergenic	625	IGK
chr2_88994865	88994865	IGKV1-8	intergenic	intergenic	1987	IGK
chr2_88995011	88995011	IGKV1-8	intergenic	intergenic	2133	IGK
chr2_88995226	88995226	IGKV1-8	intergenic	intergenic	2348	IGK
chr2_88996296	88996296	IGKV1-8	intergenic	intergenic	3418	IGK
chr2_88996298	88996298	IGKV1-8	intergenic	intergenic	3420	IGK
chr2_88996390	88996390	IGKV1-8	intergenic	intergenic	3512	IGK
chr2_88996399	88996399	IGKV1-8	intergenic	intergenic	3521	IGK
chr2_88996728	88996728	IGKV1-8	intergenic	intergenic	3850	IGK
chr2_88998062	88998062	IGKV1-8	intergenic	intergenic	5184	IGK
chr2_88998554	88998554	IGKV1-8	intergenic	intergenic	5676	IGK
chr2_88999099	88999099	IGKV1-8	intergenic	intergenic	6221	IGK
chr2_88999752	88999752	IGKV1-8	intergenic	intergenic	6874	IGK
chr2_89000209	89000209	IGKV1-8	intergenic	intergenic	7331	IGK
chr2_89000784	89000784	IGKV1-8	intergenic	intergenic	7906	IGK
chr2_89002667	89002667	IGKV1-9	intergenic	intergenic	7284	IGK
chr2_89969215	89969215	IGKV2D-28	intergenic	intergenic	8437	IGK
chr2_89048537	89048537	IGKV1-13	intergenic	intergenic	2076	IGK
chr2_89048886	89048886	IGKV1-13	intergenic	intergenic	2425	IGK
chr2_89048922	89048922	IGKV1-13	intergenic	intergenic	2461	IGK
chr2_89011144	89011144	IGKV1-9	intergenic	intergenic	687	IGK
chr2_89868913	89868913	IGKV1D-39	intergenic	intergenic	5904	IGK
chr2_89869383	89869383	IGKV1D-39	intergenic	intergenic	6374	IGK
chr2_89943711	89943711	IGKV2D-29	intergenic	intergenic	3830	IGK
chr2_89068512	89068512	IGKV3-15	intergenic	intergenic	16634	IGK
chr2_89093031	89093031	IGKV1-16	intergenic	intergenic	6797	IGK
chr2_89102800	89102800	IGKV1-16	intergenic	intergenic	2466	IGK
chr2_89106922	89106922	IGKV1-16	intergenic	intergenic	6588	IGK
chr2_89015935	89015935	IGKV1-9	intergenic	intergenic	5478	IGK
chr2_88866737	88866737	IGKJ1	intergenic	intergenic	4775	IGK
chr2_89032415	89032415	IGKV3-11	intergenic	intergenic	4731	IGK
chr2_89032654	89032654	IGKV3-11	intergenic	intergenic	4970	IGK
chr2_89034644	89034644	IGKV1-12	intergenic	intergenic	5549	IGK
chr2_89269918	89269918	IGKV1-33	intergenic	intergenic	1443	IGK
chr2_89048538	89048538	IGKV1-13	intergenic	intergenic	2077	IGK
chr2_89009428	89009428	IGKV1-9	intergenic	intergenic	523	IGK
chr2_89009485	89009485	IGKV1-9	intergenic	intergenic	466	IGK
chr2_89010551	89010551	IGKV1-9	intergenic	intergenic	94	IGK
chr2_89010552	89010552	IGKV1-9	intergenic	intergenic	95	IGK
chr2_89010595	89010595	IGKV1-9	intergenic	intergenic	138	IGK
chr2_89010778	89010778	IGKV1-9	intergenic	intergenic	321	IGK
chr2_89011073	89011073	IGKV1-9	intergenic	intergenic	616	IGK
chr2_89011077	89011077	IGKV1-9	intergenic	intergenic	620	IGK
chr2_89011175	89011175	IGKV1-9	intergenic	intergenic	718	IGK
chr2_89011228	89011228	IGKV1-9	intergenic	intergenic	771	IGK
chr2_89011305	89011305	IGKV1-9	intergenic	intergenic	848	IGK
chr2_89011335	89011335	IGKV1-9	intergenic	intergenic	878	IGK
chr2_89012265	89012265	IGKV1-9	intergenic	intergenic	1808	IGK
chr2_89328129	89328129	IGKV2-40	intergenic	intergenic	1956	IGK
chr2_89060656	89060656	IGKV1-13	intergenic	intergenic	14195	IGK
chr2_89037172	89037172	IGKV1-12	intergenic	intergenic	3021	IGK
chr2_89003900	89003900	IGKV1-9	intergenic	intergenic	6051	IGK
chr2_89004358	89004358	IGKV1-9	intergenic	intergenic	5593	IGK
chr2_89005318	89005318	IGKV1-9	intergenic	intergenic	4633	IGK
chr2_89005461	89005461	IGKV1-9	intergenic	intergenic	4490	IGK
chr2_89005569	89005569	IGKV1-9	intergenic	intergenic	4382	IGK
chr2_89005771	89005771	IGKV1-9	intergenic	intergenic	4180	IGK
chr2_89007027	89007027	IGKV1-9	intergenic	intergenic	2924	IGK
chr2_89007041	89007041	IGKV1-9	intergenic	intergenic	2910	IGK
chr2_89007582	89007582	IGKV1-9	intergenic	intergenic	2369	IGK
chr2_89008026	89008026	IGKV1-9	intergenic	intergenic	1925	IGK
chr2_89008160	89008160	IGKV1-9	intergenic	intergenic	1791	IGK
chr2_89008663	89008663	IGKV1-9	intergenic	intergenic	1288	IGK
chr2_89008683	89008683	IGKV1-9	intergenic	intergenic	1268	IGK
chr2_89015641	89015641	IGKV1-9	intergenic	intergenic	5184	IGK
chr2_89016776	89016776	IGKV1-9	intergenic	intergenic	6319	IGK
chr2_90047847	90047847	IGKV3D-20	intergenic	intergenic	8338	IGK
chr2_89253968	89253968	IGKV2-30	intergenic	intergenic	8402	IGK
chr2_89314164	89314164	IGKV1-39	intergenic	intergenic	5430	IGK
chr2_89284298	89284298	IGKV1-37	intergenic	intergenic	12935	IGK
chr2_89284530	89284530	IGKV1-37	intergenic	intergenic	12703	IGK
chr2_89284614	89284614	IGKV1-37	intergenic	intergenic	12619	IGK
chr2_89308652	89308652	IGKV1-37	intergenic	intergenic	10914	IGK
chr2_89004023	89004023	IGKV1-9	intergenic	intergenic	5928	IGK
chr2_88992882	88992882	IGKV1-8	intergenic	intergenic	4	IGK
chr2_89856590	89856590	IGKV2D-40	intergenic	intergenic	4069	IGK
chr2_89950360	89950360	IGKV2D-29	intergenic	intergenic	2061	IGK
chr2_90269457	90269457	IGKV3D-7	intergenic	intergenic	9330	IGK
chr2_88870598	88870598	IGKJ1	intergenic	intergenic	8636	IGK
chr2_88871840	88871840	IGKJ1	intergenic	intergenic	9878	IGK
chr2_88872572	88872572	IGKJ1	intergenic	intergenic	10610	IGK
chr2_88873908	88873908	IGKV4-1	intergenic	intergenic	11663	IGK
chr2_89852673	89852673	IGKV2D-40	intergenic	intergenic	152	IGK
chr2_89873629	89873629	IGKV1D-39	intergenic	intergenic	10620	IGK
chr2_89194245	89194245	IGKV2-24	intergenic	intergenic	17115	IGK
chr2_89201702	89201702	IGKV1-27	intergenic	intergenic	11690	IGK
chr2_89208527	89208527	IGKV1-27	intergenic	intergenic	4865	IGK
chr2_89210791	89210791	IGKV1-27	intergenic	intergenic	2601	IGK
chr2_89267275	89267275	IGKV1-33	intergenic	intergenic	695	IGK
chr2_90074568	90074568	IGKV6D-41	intergenic	intergenic	4300	IGK
chr2_90190754	90190754	IGKV1D-42	intergenic	intergenic	45	IGK
chr2_89106584	89106584	IGKV1-16	intergenic	intergenic	6250	IGK
chr2_89107507	89107507	IGKV1-16	intergenic	intergenic	7173	IGK
chr2_89110938	89110938	IGKV1-17	intergenic	intergenic	6373	IGK
chr2_90032447	90032447	IGKV3D-20	intergenic	intergenic	6497	IGK
chr2_89285307	89285307	IGKV1-37	intergenic	intergenic	11926	IGK
chr2_89285699	89285699	IGKV1-37	intergenic	intergenic	11534	IGK
chr2_89275527	89275527	IGKV1-33	intergenic	intergenic	7052	IGK
chr2_89266911	89266911	IGKV1-33	intergenic	intergenic	1059	IGK
chr2_89860910	89860910	IGKV1D-39	intergenic	intergenic	1594	IGK
chr2_89294872	89294872	IGKV1-37	intergenic	intergenic	2361	IGK
chr2_89295669	89295669	IGKV1-37	intergenic	intergenic	1564	IGK
chr2_89212981	89212981	IGKV1-27	intergenic	intergenic	411	IGK
chr2_89025429	89025429	IGKV3-11	intergenic	intergenic	1711	IGK
chr2_90137383	90137383	IGKV1D-13	intergenic	intergenic	16714	IGK
chr2_88839732	88839732	IGKJ5	intergenic	intergenic	20835	IGK
chr2_89045885	89045885	IGKV1-13	intergenic	intergenic	74	IGK
chr2_90110039	90110039	IGKV3D-15	intergenic	intergenic	4847	IGK
chr2_90069574	90069574	IGKV6D-41	intergenic	intergenic	113	IGK
chr2_90123336	90123336	IGKV3D-15	intergenic	intergenic	7906	IGK
chr2_89306472	89306472	IGKV1-37	intergenic	intergenic	8734	IGK
chr2_89969897	89969897	IGKV2D-28	intergenic	intergenic	9119	IGK
chr2_89869798	89869798	IGKV1D-39	intergenic	intergenic	6789	IGK
chr2_89870813	89870813	IGKV1D-39	intergenic	intergenic	7804	IGK
chr2_89870929	89870929	IGKV1D-39	intergenic	intergenic	7920	IGK
chr2_89871368	89871368	IGKV1D-39	intergenic	intergenic	8359	IGK
chr2_89871474	89871474	IGKV1D-39	intergenic	intergenic	8465	IGK
chr2_89871652	89871652	IGKV1D-39	intergenic	intergenic	8643	IGK
chr2_89871870	89871870	IGKV1D-39	intergenic	intergenic	8861	IGK
chr2_89872132	89872132	IGKV1D-39	intergenic	intergenic	9123	IGK
chr2_89094890	89094890	IGKV1-16	intergenic	intergenic	4938	IGK
chr2_90104725	90104725	IGKV1D-16	intergenic	intergenic	3957	IGK
chr2_90181243	90181243	IGKV3D-11	intergenic	intergenic	7801	IGK
chr2_88949539	88949539	IGKV1-5	intergenic	intergenic	1763	IGK
chr2_88952404	88952404	IGKV1-5	intergenic	intergenic	4628	IGK
chr2_88958027	88958027	IGKV1-6	intergenic	intergenic	8204	IGK
chr2_89030129	89030129	IGKV3-11	intergenic	intergenic	2445	IGK
chr2_88872708	88872708	IGKJ1	intergenic	intergenic	10746	IGK
chr2_89285333	89285333	IGKV1-37	intergenic	intergenic	11900	IGK
chr2_88987072	88987072	IGKV1-8	intergenic	intergenic	5306	IGK
chr2_89029943	89029943	IGKV3-11	intergenic	intergenic	2259	IGK
chr2_89029995	89029995	IGKV3-11	intergenic	intergenic	2311	IGK
chr2_89030019	89030019	IGKV3-11	intergenic	intergenic	2335	IGK
chr2_89031323	89031323	IGKV3-11	intergenic	intergenic	3639	IGK
chr2_89031708	89031708	IGKV3-11	intergenic	intergenic	4024	IGK
chr2_89031709	89031709	IGKV3-11	intergenic	intergenic	4025	IGK
chr2_89031745	89031745	IGKV3-11	intergenic	intergenic	4061	IGK
chr2_90027861	90027861	IGKV6D-21	intergenic	intergenic	5646	IGK
chr2_89917741	89917741	IGKV1D-33	intergenic	intergenic	3166	IGK
chr2_88863996	88863996	IGKJ1	intergenic	intergenic	2034	IGK
chr2_89018427	89018427	IGKV1-9	intergenic	intergenic	7970	IGK
chr2_89882003	89882003	IGKV1D-37	intergenic	intergenic	2736	IGK
chr2_89940984	89940984	IGKV2D-30	intergenic	intergenic	3275	IGK
chr2_89047556	89047556	IGKV1-13	intergenic	intergenic	1095	IGK
chr2_89285369	89285369	IGKV1-37	intergenic	intergenic	11864	IGK
chr2_90051345	90051345	IGKV3D-20	intergenic	intergenic	11836	IGK
chr2_89897119	89897119	IGKV1D-37	intergenic	intergenic	11875	IGK
chr2_88987066	88987066	IGKV1-8	intergenic	intergenic	5312	IGK
chr2_88877593	88877593	IGKV4-1	intergenic	intergenic	7978	IGK
chr2_88878422	88878422	IGKV4-1	intergenic	intergenic	7149	IGK
chr2_89929047	89929047	IGKV2D-30	intergenic	intergenic	7846	IGK
chr2_88882729	88882729	IGKV4-1	intergenic	intergenic	2842	IGK
chr2_88984236	88984236	IGKV3-7	intergenic	intergenic	5252	IGK
chr2_88986058	88986058	IGKV1-8	intergenic	intergenic	6320	IGK
chr2_88986360	88986360	IGKV1-8	intergenic	intergenic	6018	IGK
chr2_88988390	88988390	IGKV1-8	intergenic	intergenic	3988	IGK
chr2_88988478	88988478	IGKV1-8	intergenic	intergenic	3900	IGK
chr2_88989783	88989783	IGKV1-8	intergenic	intergenic	2595	IGK
chr2_88989953	88989953	IGKV1-8	intergenic	intergenic	2425	IGK
chr2_88996256	88996256	IGKV1-8	intergenic	intergenic	3378	IGK
chr2_89020337	89020337	IGKV3-11	intergenic	intergenic	6803	IGK
chr2_90144630	90144630	IGKV1D-13	intergenic	intergenic	9467	IGK
chr2_89843655	89843655	IGKV2D-40	intergenic	intergenic	8102	IGK
chr2_89339187	89339187	IGKV2-40	intergenic	intergenic	8338	IGK
chr2_89161256	89161256	IGKV6-21	intergenic	intergenic	954	IGK
chr2_88828424	88828424	IGKJ5	intergenic	intergenic	32143	IGK
chr2_90028684	90028684	IGKV6D-21	intergenic	intergenic	6469	IGK
chr2_89153198	89153198	IGKV6-21	intergenic	intergenic	6522	IGK
chr2_88879259	88879259	IGKV4-1	intergenic	intergenic	6312	IGK
chr2_89908860	89908860	IGKV1D-33	intergenic	intergenic	5210	IGK
chr2_89908862	89908862	IGKV1D-33	intergenic	intergenic	5208	IGK
chr2_89878475	89878475	IGKV1D-37	intergenic	intergenic	6264	IGK
chr2_89878523	89878523	IGKV1D-37	intergenic	intergenic	6216	IGK
chr2_89878527	89878527	IGKV1D-37	intergenic	intergenic	6212	IGK
chr2_89878529	89878529	IGKV1D-37	intergenic	intergenic	6210	IGK
chr2_89878530	89878530	IGKV1D-37	intergenic	intergenic	6209	IGK
chr2_89878531	89878531	IGKV1D-37	intergenic	intergenic	6208	IGK
chr2_89288654	89288654	IGKV1-37	intergenic	intergenic	8579	IGK
chr2_88872983	88872983	IGKJ1	intergenic	intergenic	11021	IGK
chr2_88873390	88873390	IGKJ1	intergenic	intergenic	11428	IGK
chr2_88874746	88874746	IGKV4-1	intergenic	intergenic	10825	IGK
chr2_88963447	88963447	IGKV1-6	intergenic	intergenic	2784	IGK
chr2_88964497	88964497	IGKV1-6	intergenic	intergenic	1734	IGK
chr2_88967541	88967541	IGKV1-6	intergenic	intergenic	803	IGK
chr2_88967928	88967928	IGKV1-6	intergenic	intergenic	1190	IGK
chr2_88968248	88968248	IGKV1-6	intergenic	intergenic	1510	IGK
chr2_88968471	88968471	IGKV1-6	intergenic	intergenic	1733	IGK
chr2_88969682	88969682	IGKV1-6	intergenic	intergenic	2944	IGK
chr2_88969708	88969708	IGKV1-6	intergenic	intergenic	2970	IGK
chr2_88983043	88983043	IGKV3-7	intergenic	intergenic	4059	IGK
chr2_88986251	88986251	IGKV1-8	intergenic	intergenic	6127	IGK
chr2_88986517	88986517	IGKV1-8	intergenic	intergenic	5861	IGK
chr2_88987921	88987921	IGKV1-8	intergenic	intergenic	4457	IGK
chr2_88989952	88989952	IGKV1-8	intergenic	intergenic	2426	IGK
chr2_88994002	88994002	IGKV1-8	intergenic	intergenic	1124	IGK
chr2_88895633	88895633	IGKV5-2	intergenic	intergenic	1661	IGK
chr2_88883133	88883133	IGKV4-1	intergenic	intergenic	2438	IGK
chr2_88884825	88884825	IGKV4-1	intergenic	intergenic	746	IGK
chr2_88886258	88886258	IGKV4-1	intergenic	intergenic	75	IGK
chr2_88891201	88891201	IGKV4-1	intergenic	intergenic	5018	IGK
chr2_88891202	88891202	IGKV4-1	intergenic	intergenic	5019	IGK
chr2_88891760	88891760	IGKV5-2	intergenic	intergenic	5534	IGK
chr2_88893426	88893426	IGKV5-2	intergenic	intergenic	3868	IGK
chr2_89009328	89009328	IGKV1-9	intergenic	intergenic	623	IGK
chr2_89015356	89015356	IGKV1-9	intergenic	intergenic	4899	IGK
chr2_90027769	90027769	IGKV6D-21	intergenic	intergenic	5554	IGK
chr2_89923512	89923512	IGKV1D-33	intergenic	intergenic	8937	IGK
chr2_89866748	89866748	IGKV1D-39	intergenic	intergenic	3739	IGK
chr2_89871200	89871200	IGKV1D-39	intergenic	intergenic	8191	IGK
chr2_89307642	89307642	IGKV1-37	intergenic	intergenic	9904	IGK
chr2_89117198	89117198	IGKV1-17	intergenic	intergenic	113	IGK
chr2_89117273	89117273	IGKV1-17	intergenic	intergenic	38	IGK
chr2_89120128	89120128	IGKV1-17	intergenic	intergenic	2311	IGK
chr2_89134169	89134169	IGKV3-20	intergenic	intergenic	8374	IGK
chr2_89136875	89136875	IGKV3-20	intergenic	intergenic	5668	IGK
chr2_88926279	88926279	IGKV1-5	intergenic	intergenic	20991	IGK
chr2_88938905	88938905	IGKV1-5	intergenic	intergenic	8365	IGK
chr2_89004112	89004112	IGKV1-9	intergenic	intergenic	5839	IGK
chr2_89060352	89060352	IGKV1-13	intergenic	intergenic	13891	IGK
chr2_89063828	89063828	IGKV1-13	intergenic	intergenic	17367	IGK
chr2_89066031	89066031	IGKV3-15	intergenic	intergenic	19115	IGK
chr2_89070794	89070794	IGKV3-15	intergenic	intergenic	14352	IGK
chr2_89070795	89070795	IGKV3-15	intergenic	intergenic	14351	IGK
chr2_89073748	89073748	IGKV3-15	intergenic	intergenic	11398	IGK
chr2_89076563	89076563	IGKV3-15	intergenic	intergenic	8583	IGK
chr2_89080795	89080795	IGKV3-15	intergenic	intergenic	4351	IGK
chr2_89082665	89082665	IGKV3-15	intergenic	intergenic	2481	IGK
chr2_89098363	89098363	IGKV1-16	intergenic	intergenic	1465	IGK
chr2_89099547	89099547	IGKV1-16	intergenic	intergenic	281	IGK
chr2_89934447	89934447	IGKV2D-30	intergenic	intergenic	2446	IGK
chr2_88833930	88833930	IGKJ5	intergenic	intergenic	26637	IGK
chr2_89008945	89008945	IGKV1-9	intergenic	intergenic	1006	IGK
chr2_89008990	89008990	IGKV1-9	intergenic	intergenic	961	IGK
chr2_88973756	88973756	IGKV3-7	intergenic	intergenic	4681	IGK
chr2_88870918	88870918	IGKJ1	intergenic	intergenic	8956	IGK
chr2_89869406	89869406	IGKV1D-39	intergenic	intergenic	6397	IGK
chr2_89869457	89869457	IGKV1D-39	intergenic	intergenic	6448	IGK
chr2_89869610	89869610	IGKV1D-39	intergenic	intergenic	6601	IGK
chr2_89869886	89869886	IGKV1D-39	intergenic	intergenic	6877	IGK
chr2_88884793	88884793	IGKV4-1	intergenic	intergenic	778	IGK
chr2_88887477	88887477	IGKV4-1	intergenic	intergenic	1294	IGK
chr2_88890270	88890270	IGKV4-1	intergenic	intergenic	4087	IGK
chr2_88890981	88890981	IGKV4-1	intergenic	intergenic	4798	IGK
chr2_88894272	88894272	IGKV5-2	intergenic	intergenic	3022	IGK
chr2_88902741	88902741	IGKV5-2	intergenic	intergenic	4927	IGK
chr2_88914901	88914901	IGKV5-2	intergenic	intergenic	17087	IGK
chr2_88922397	88922397	IGKV5-2	intergenic	intergenic	24583	IGK
chr2_89871154	89871154	IGKV1D-39	intergenic	intergenic	8145	IGK
chr2_89871230	89871230	IGKV1D-39	intergenic	intergenic	8221	IGK
chr2_89859578	89859578	IGKV1D-39	intergenic	intergenic	2926	IGK
chr2_89005239	89005239	IGKV1-9	intergenic	intergenic	4712	IGK
chr2_89983659	89983659	IGKV2D-26	intergenic	intergenic	2292	IGK
chr2_88848716	88848716	IGKJ5	intergenic	intergenic	11851	IGK
chr2_88969681	88969681	IGKV1-6	intergenic	intergenic	2943	IGK
chr2_90226525	90226525	IGKV1D-8	intergenic	intergenic	5113	IGK
chr2_90006053	90006053	IGKV2D-24	intergenic	intergenic	394	IGK
chr2_89049106	89049106	IGKV1-13	intergenic	intergenic	2645	IGK
chr2_89950897	89950897	IGKV2D-29	intergenic	intergenic	2598	IGK
chr2_89918033	89918033	IGKV1D-33	intergenic	intergenic	3458	IGK
chr2_89883874	89883874	IGKV1D-37	intergenic	intergenic	865	IGK
chr2_89304565	89304565	IGKV1-37	intergenic	intergenic	6827	IGK
chr2_89917619	89917619	IGKV1D-33	intergenic	intergenic	3044	IGK
chr2_90008852	90008852	IGKV2D-24	intergenic	intergenic	3193	IGK
chr2_88830496	88830496	IGKJ5	intergenic	intergenic	30071	IGK
chr2_89868616	89868616	IGKV1D-39	intergenic	intergenic	5607	IGK
chr2_88877636	88877636	IGKV4-1	intergenic	intergenic	7935	IGK
chr2_89917765	89917765	IGKV1D-33	intergenic	intergenic	3190	IGK
chr2_89861526	89861526	IGKV1D-39	intergenic	intergenic	978	IGK
chr2_89966949	89966949	IGKV2D-28	intergenic	intergenic	6171	IGK
chr2_89871596	89871596	IGKV1D-39	intergenic	intergenic	8587	IGK
chr2_88819476	88819476	IGKJ5	intergenic	intergenic	41091	IGK
chr2_89994535	89994535	IGKV2D-26	intergenic	intergenic	7803	IGK
chr2_89878493	89878493	IGKV1D-37	intergenic	intergenic	6246	IGK
chr2_89917516	89917516	IGKV1D-33	intergenic	intergenic	2941	IGK
chr2_89212966	89212966	IGKV1-27	intergenic	intergenic	426	IGK
chr2_89038318	89038318	IGKV1-12	intergenic	intergenic	1875	IGK
chr2_89039521	89039521	IGKV1-12	intergenic	intergenic	672	IGK
chr2_89917664	89917664	IGKV1D-33	intergenic	intergenic	3089	IGK
chr2_89870027	89870027	IGKV1D-39	intergenic	intergenic	7018	IGK
chr2_90038664	90038664	IGKV3D-20	intergenic	intergenic	280	IGK
chr2_89154066	89154066	IGKV6-21	intergenic	intergenic	5654	IGK
chr2_88853536	88853536	IGKJ5	intergenic	intergenic	7031	IGK
chr2_89945920	89945920	IGKV2D-29	intergenic	intergenic	1621	IGK
chr2_89917541	89917541	IGKV1D-33	intergenic	intergenic	2966	IGK
chr2_89917488	89917488	IGKV1D-33	intergenic	intergenic	2913	IGK
chr2_88816884	88816884	IGKJ5	intergenic	intergenic	43683	IGK
chr2_89212821	89212821	IGKV1-27	intergenic	intergenic	571	IGK
chr2_90163584	90163584	IGKV1D-12	intergenic	intergenic	3219	IGK
chr2_90009781	90009781	IGKV2D-24	intergenic	intergenic	4122	IGK
chr2_89897155	89897155	IGKV1D-37	intergenic	intergenic	11911	IGK
chr2_89897181	89897181	IGKV1D-37	intergenic	intergenic	11937	IGK
chr2_89897875	89897875	IGKV1D-37	intergenic	intergenic	12631	IGK
chr2_88829218	88829218	IGKJ5	intergenic	intergenic	31349	IGK
chr2_88853133	88853133	IGKJ5	intergenic	intergenic	7434	IGK
chr2_89338952	89338952	IGKV2-40	intergenic	intergenic	8103	IGK
chr2_89183996	89183996	IGKV2-24	intergenic	intergenic	6866	IGK
chr2_89199819	89199819	IGKV1-27	intergenic	intergenic	13573	IGK
chr2_89204892	89204892	IGKV1-27	intergenic	intergenic	8500	IGK
chr2_89888864	89888864	IGKV1D-37	intergenic	intergenic	3620	IGK
chr2_89332447	89332447	IGKV2-40	intergenic	intergenic	1598	IGK
chr2_88895009	88895009	IGKV5-2	intergenic	intergenic	2285	IGK
chr2_88907711	88907711	IGKV5-2	intergenic	intergenic	9897	IGK
chr2_88908658	88908658	IGKV5-2	intergenic	intergenic	10844	IGK
chr2_88983068	88983068	IGKV3-7	intergenic	intergenic	4084	IGK
chr2_89872824	89872824	IGKV1D-39	intergenic	intergenic	9815	IGK
chr2_88828708	88828708	IGKJ5	intergenic	intergenic	31859	IGK
chr2_89266621	89266621	IGKV1-33	intergenic	intergenic	1349	IGK
chr2_90027643	90027643	IGKV6D-21	intergenic	intergenic	5428	IGK
chr2_90019246	90019246	IGKV6D-21	intergenic	intergenic	2387	IGK
chr2_89898248	89898248	IGKV1D-37	intergenic	intergenic	13004	IGK
chr2_89879621	89879621	IGKV1D-37	intergenic	intergenic	5118	IGK
chr2_89326717	89326717	IGKV2-40	intergenic	intergenic	3368	IGK
chr2_89169330	89169330	IGKV2-24	intergenic	intergenic	6967	IGK
chr2_89312415	89312415	IGKV1-39	intergenic	intergenic	7179	IGK
chr2_88993775	88993775	IGKV1-8	intergenic	intergenic	897	IGK
chr2_89915271	89915271	IGKV1D-33	intergenic	intergenic	696	IGK
chr2_88834552	88834552	IGKJ5	intergenic	intergenic	26015	IGK
chr2_88921507	88921507	IGKV5-2	intergenic	intergenic	23693	IGK
chr2_88804390	88804390	IGKJ5	intergenic	intergenic	56177	IGK
chr2_88829115	88829115	IGKJ5	intergenic	intergenic	31452	IGK
chr2_88829551	88829551	IGKJ5	intergenic	intergenic	31016	IGK
chr2_89847521	89847521	IGKV2D-40	intergenic	intergenic	4236	IGK
chr2_88897241	88897241	IGKV5-2	intergenic	intergenic	53	IGK
chr2_88898127	88898127	IGKV5-2	intergenic	intergenic	313	IGK
chr2_88899868	88899868	IGKV5-2	intergenic	intergenic	2054	IGK
chr2_90139273	90139273	IGKV1D-13	intergenic	intergenic	14824	IGK
chr2_88853877	88853877	IGKJ5	intergenic	intergenic	6690	IGK
chr2_88976903	88976903	IGKV3-7	intergenic	intergenic	1534	IGK
chr2_89316752	89316752	IGKV1-39	intergenic	intergenic	2842	IGK
chr2_88825618	88825618	IGKJ5	intergenic	intergenic	34949	IGK
chr2_89163042	89163042	IGKV6-21	intergenic	intergenic	2740	IGK
chr2_89925665	89925665	IGKV1D-33	intergenic	intergenic	11090	IGK
chr2_89163041	89163041	IGKV6-21	intergenic	intergenic	2739	IGK
chr2_89166181	89166181	IGKV6-21	intergenic	intergenic	5879	IGK
chr2_89969433	89969433	IGKV2D-28	intergenic	intergenic	8655	IGK
chr2_89915925	89915925	IGKV1D-33	intergenic	intergenic	1350	IGK
chr2_88966897	88966897	IGKV1-6	intergenic	intergenic	159	IGK
chr2_90147402	90147402	IGKV1D-13	intergenic	intergenic	6695	IGK
chr2_89264871	89264871	IGKV1-33	intergenic	intergenic	3099	IGK
chr2_89871607	89871607	IGKV1D-39	intergenic	intergenic	8598	IGK
chr2_89873953	89873953	IGKV1D-37	intergenic	intergenic	10786	IGK
chr2_89325968	89325968	IGKV2-40	intergenic	intergenic	4117	IGK
chr2_88835389	88835389	IGKJ5	intergenic	intergenic	25178	IGK
chr2_88863446	88863446	IGKJ1	intergenic	intergenic	1484	IGK
chr2_89869039	89869039	IGKV1D-39	intergenic	intergenic	6030	IGK
chr2_88825975	88825975	IGKJ5	intergenic	intergenic	34592	IGK
chr2_89323028	89323028	IGKV1-39	intergenic	intergenic	2929	IGK
chr2_89879471	89879471	IGKV1D-37	intergenic	intergenic	5268	IGK
chr2_88836251	88836251	IGKJ5	intergenic	intergenic	24316	IGK
chr2_88863373	88863373	IGKJ1	intergenic	intergenic	1411	IGK
chr2_88863436	88863436	IGKJ1	intergenic	intergenic	1474	IGK
chr2_88864955	88864955	IGKJ1	intergenic	intergenic	2993	IGK
chr2_88866214	88866214	IGKJ1	intergenic	intergenic	4252	IGK
chr2_88865677	88865677	IGKJ1	intergenic	intergenic	3715	IGK
chr2_89870190	89870190	IGKV1D-39	intergenic	intergenic	7181	IGK
chr2_89154159	89154159	IGKV6-21	intergenic	intergenic	5561	IGK
chr2_90206481	90206481	IGKV1D-43	intergenic	intergenic	3572	IGK
chr2_88855976	88855976	IGKJ5	intergenic	intergenic	4591	IGK
chr2_88934148	88934148	IGKV1-5	intergenic	intergenic	13122	IGK
chr2_88939773	88939773	IGKV1-5	intergenic	intergenic	7497	IGK
chr2_88943665	88943665	IGKV1-5	intergenic	intergenic	3605	IGK
chr2_88943995	88943995	IGKV1-5	intergenic	intergenic	3275	IGK
chr2_88946309	88946309	IGKV1-5	intergenic	intergenic	961	IGK
chr2_88947792	88947792	IGKV1-5	intergenic	intergenic	16	IGK
chr2_88948138	88948138	IGKV1-5	intergenic	intergenic	362	IGK
chr2_88950797	88950797	IGKV1-5	intergenic	intergenic	3021	IGK
chr2_88954346	88954346	IGKV1-5	intergenic	intergenic	6570	IGK
chr2_88854113	88854113	IGKJ5	intergenic	intergenic	6454	IGK
chr2_88843269	88843269	IGKJ5	intergenic	intergenic	17298	IGK
chr2_89865017	89865017	IGKV1D-39	intergenic	intergenic	2008	IGK
chr2_89884186	89884186	IGKV1D-37	intergenic	intergenic	553	IGK
chr2_89917569	89917569	IGKV1D-33	intergenic	intergenic	2994	IGK
chr2_89883112	89883112	IGKV1D-37	intergenic	intergenic	1627	IGK
chr2_90028457	90028457	IGKV6D-21	intergenic	intergenic	6242	IGK
chr2_89182125	89182125	IGKV2-24	intergenic	intergenic	4995	IGK
chr2_88927032	88927032	IGKV1-5	intergenic	intergenic	20238	IGK
chr2_89006932	89006932	IGKV1-9	intergenic	intergenic	3019	IGK
chr2_89904917	89904917	IGKV1D-33	intergenic	intergenic	9153	IGK
chr2_88828441	88828441	IGKJ5	intergenic	intergenic	32126	IGK
chr2_89897959	89897959	IGKV1D-37	intergenic	intergenic	12715	IGK
chr2_88853736	88853736	IGKJ5	intergenic	intergenic	6831	IGK
chr2_88865523	88865523	IGKJ1	intergenic	intergenic	3561	IGK
chr2_89905661	89905661	IGKV1D-33	intergenic	intergenic	8409	IGK
chr2_89175032	89175032	IGKV2-24	intergenic	intergenic	1265	IGK
chr2_89927709	89927709	IGKV2D-30	intergenic	intergenic	9184	IGK
chr2_89873303	89873303	IGKV1D-39	intergenic	intergenic	10294	IGK
chr2_90107776	90107776	IGKV1D-16	intergenic	intergenic	7008	IGK
chr2_89857018	89857018	IGKV2D-40	intergenic	intergenic	4497	IGK
chr2_89268710	89268710	IGKV1-33	intergenic	intergenic	235	IGK
chr2_90182664	90182664	IGKV1D-42	intergenic	intergenic	7548	IGK
chr2_90182817	90182817	IGKV1D-42	intergenic	intergenic	7395	IGK
chr2_90185322	90185322	IGKV1D-42	intergenic	intergenic	4890	IGK
chr2_90195080	90195080	IGKV1D-42	intergenic	intergenic	4371	IGK
chr2_90196805	90196805	IGKV1D-42	intergenic	intergenic	6096	IGK
chr2_88843379	88843379	IGKJ5	intergenic	intergenic	17188	IGK
chr2_88876887	88876887	IGKV4-1	intergenic	intergenic	8684	IGK
chr2_88867122	88867122	IGKJ1	intergenic	intergenic	5160	IGK
chr2_88852371	88852371	IGKJ5	intergenic	intergenic	8196	IGK
chr2_90201608	90201608	IGKV1D-43	intergenic	intergenic	8445	IGK
chr2_90203289	90203289	IGKV1D-43	intergenic	intergenic	6764	IGK
chr2_90216901	90216901	IGKV1D-8	intergenic	intergenic	4006	IGK
chr2_90216902	90216902	IGKV1D-8	intergenic	intergenic	4005	IGK
chr2_90220002	90220002	IGKV1D-8	intergenic	intergenic	905	IGK
chr2_90256655	90256655	IGKV3D-7	intergenic	intergenic	2910	IGK
chr2_89921583	89921583	IGKV1D-33	intergenic	intergenic	7008	IGK
chr2_88863670	88863670	IGKJ1	intergenic	intergenic	1708	IGK
chr2_89917518	89917518	IGKV1D-33	intergenic	intergenic	2943	IGK
chr2_89308976	89308976	IGKV1-39	intergenic	intergenic	10618	IGK
chr2_89886533	89886533	IGKV1D-37	intergenic	intergenic	1289	IGK
chr2_89265461	89265461	IGKV1-33	intergenic	intergenic	2509	IGK
chr2_89326016	89326016	IGKV2-40	intergenic	intergenic	4069	IGK
chr2_89885600	89885600	IGKV1D-37	intergenic	intergenic	356	IGK
chr2_89885856	89885856	IGKV1D-37	intergenic	intergenic	612	IGK
chr2_89885921	89885921	IGKV1D-37	intergenic	intergenic	677	IGK
chr2_89886222	89886222	IGKV1D-37	intergenic	intergenic	978	IGK
chr2_88849459	88849459	IGKJ5	intergenic	intergenic	11108	IGK
chr2_88850700	88850700	IGKJ5	intergenic	intergenic	9867	IGK
chr2_89879077	89879077	IGKV1D-37	intergenic	intergenic	5662	IGK
chr2_89879589	89879589	IGKV1D-37	intergenic	intergenic	5150	IGK
chr2_89879637	89879637	IGKV1D-37	intergenic	intergenic	5102	IGK
chr2_89880426	89880426	IGKV1D-37	intergenic	intergenic	4313	IGK
chr2_89881001	89881001	IGKV1D-37	intergenic	intergenic	3738	IGK
chr2_89882380	89882380	IGKV1D-37	intergenic	intergenic	2359	IGK
chr2_89882672	89882672	IGKV1D-37	intergenic	intergenic	2067	IGK
chr2_89882758	89882758	IGKV1D-37	intergenic	intergenic	1981	IGK
chr2_89882780	89882780	IGKV1D-37	intergenic	intergenic	1959	IGK
chr2_89882884	89882884	IGKV1D-37	intergenic	intergenic	1855	IGK
chr2_89882915	89882915	IGKV1D-37	intergenic	intergenic	1824	IGK
chr2_89883406	89883406	IGKV1D-37	intergenic	intergenic	1333	IGK
chr2_89883690	89883690	IGKV1D-37	intergenic	intergenic	1049	IGK
chr2_89883704	89883704	IGKV1D-37	intergenic	intergenic	1035	IGK
chr2_89884170	89884170	IGKV1D-37	intergenic	intergenic	569	IGK
chr2_89884263	89884263	IGKV1D-37	intergenic	intergenic	476	IGK
chr2_88812955	88812955	IGKJ5	intergenic	intergenic	47612	IGK
chr2_88814622	88814622	IGKJ5	intergenic	intergenic	45945	IGK
chr2_88852220	88852220	IGKJ5	intergenic	intergenic	8347	IGK
chr2_88845241	88845241	IGKJ5	intergenic	intergenic	15326	IGK
chr2_88848200	88848200	IGKJ5	intergenic	intergenic	12367	IGK
chr2_88805183	88805183	IGKJ5	intergenic	intergenic	55384	IGK
chr2_88811341	88811341	IGKJ5	intergenic	intergenic	49226	IGK
chr2_89213369	89213369	IGKV1-27	intergenic	intergenic	23	IGK
chr2_88876493	88876493	IGKV4-1	intergenic	intergenic	9078	IGK
chr2_89184312	89184312	IGKV2-24	intergenic	intergenic	7182	IGK
chr2_89186851	89186851	IGKV2-24	intergenic	intergenic	9721	IGK
chr2_89187139	89187139	IGKV2-24	intergenic	intergenic	10009	IGK
chr2_89194539	89194539	IGKV2-24	intergenic	intergenic	17409	IGK
chr2_89198997	89198997	IGKV1-27	intergenic	intergenic	14395	IGK
chr2_89204510	89204510	IGKV1-27	intergenic	intergenic	8882	IGK
chr2_89210125	89210125	IGKV1-27	intergenic	intergenic	3267	IGK
chr2_89878525	89878525	IGKV1D-37	intergenic	intergenic	6214	IGK
chr2_88843980	88843980	IGKJ5	intergenic	intergenic	16587	IGK
chr2_90263534	90263534	IGKV3D-7	intergenic	intergenic	3407	IGK
chr2_89284147	89284147	IGKV1-37	intergenic	intergenic	13086	IGK
chr2_89325588	89325588	IGKV2-40	intergenic	intergenic	4497	IGK
chr2_89860907	89860907	IGKV1D-39	intergenic	intergenic	1597	IGK
chr2_89303951	89303951	IGKV1-37	intergenic	intergenic	6213	IGK
chr2_89317587	89317587	IGKV1-39	intergenic	intergenic	2007	IGK
chr2_89283406	89283406	IGKV1-37	intergenic	intergenic	13827	IGK
chr2_88867816	88867816	IGKJ1	intergenic	intergenic	5854	IGK
chr2_89182211	89182211	IGKV2-24	intergenic	intergenic	5081	IGK
chr2_89183676	89183676	IGKV2-24	intergenic	intergenic	6546	IGK
chr2_89313221	89313221	IGKV1-39	intergenic	intergenic	6373	IGK
chr2_89313690	89313690	IGKV1-39	intergenic	intergenic	5904	IGK
chr2_89316475	89316475	IGKV1-39	intergenic	intergenic	3119	IGK
chr2_89316854	89316854	IGKV1-39	intergenic	intergenic	2740	IGK
chr2_89917086	89917086	IGKV1D-33	intergenic	intergenic	2511	IGK
chr2_90189822	90189822	IGKV1D-42	intergenic	intergenic	390	IGK
chr2_90199407	90199407	IGKV1D-42	intergenic	intergenic	8698	IGK
chr2_90094422	90094422	IGKV1D-16	intergenic	intergenic	5840	IGK
chr2_90129305	90129305	IGKV3D-15	intergenic	intergenic	13875	IGK
chr2_90156434	90156434	IGKV1D-13	intergenic	intergenic	1830	IGK
chr2_90158468	90158468	IGKV1D-12	intergenic	intergenic	1391	IGK
chr2_88852062	88852062	IGKJ5	intergenic	intergenic	8505	IGK
chr2_88952118	88952118	IGKV1-5	intergenic	intergenic	4342	IGK
chr2_88862420	88862420	IGKJ1	intergenic	intergenic	458	IGK
chr2_90134611	90134611	IGKV3D-15	intergenic	intergenic	19181	IGK
chr2_89329934	89329934	IGKV2-40	intergenic	intergenic	151	IGK
chr2_89865140	89865140	IGKV1D-39	intergenic	intergenic	2131	IGK
chr2_89880372	89880372	IGKV1D-37	intergenic	intergenic	4367	IGK
chr2_88861810	88861810	IGKJ1	intergenic	intergenic	75	IGK
chr2_88859668	88859668	IGKJ5	intergenic	intergenic	899	IGK
chr2_88988632	88988632	IGKV1-8	intergenic	intergenic	3746	IGK
chr2_88831150	88831150	IGKJ5	intergenic	intergenic	29417	IGK
chr2_88855534	88855534	IGKJ5	intergenic	intergenic	5033	IGK
chr2_89885315	89885315	IGKV1D-37	intergenic	intergenic	71	IGK
chr2_89892016	89892016	IGKV1D-37	intergenic	intergenic	6772	IGK
chr2_89947202	89947202	IGKV2D-29	intergenic	intergenic	339	IGK
chr2_88819106	88819106	IGKJ5	intergenic	intergenic	41461	IGK
chr2_89887155	89887155	IGKV1D-37	intergenic	intergenic	1911	IGK
chr2_89850160	89850160	IGKV2D-40	intergenic	intergenic	1597	IGK
chr2_89969363	89969363	IGKV2D-28	intergenic	intergenic	8585	IGK
chr2_88848375	88848375	IGKJ5	intergenic	intergenic	12192	IGK
chr2_88826703	88826703	IGKJ5	intergenic	intergenic	33864	IGK
chr2_89265260	89265260	IGKV1-33	intergenic	intergenic	2710	IGK
chr2_89023738	89023738	IGKV3-11	intergenic	intergenic	3402	IGK
chr2_88824549	88824549	IGKJ5	intergenic	intergenic	36018	IGK
chr2_88824725	88824725	IGKJ5	intergenic	intergenic	35842	IGK
chr2_89881974	89881974	IGKV1D-37	intergenic	intergenic	2765	IGK
chr2_89878996	89878996	IGKV1D-37	intergenic	intergenic	5743	IGK
chr2_89843432	89843432	IGKV2D-40	intergenic	intergenic	8325	IGK
chr2_89320952	89320952	IGKV1-39	intergenic	intergenic	853	IGK
chr2_88850263	88850263	IGKJ5	intergenic	intergenic	10304	IGK
chr2_88850858	88850858	IGKJ5	intergenic	intergenic	9709	IGK
chr2_89264973	89264973	IGKV1-33	intergenic	intergenic	2997	IGK
chr2_90082617	90082617	IGKV1D-17	intergenic	intergenic	198	IGK
chr2_90084556	90084556	IGKV1D-17	intergenic	intergenic	1235	IGK
chr2_90090015	90090015	IGKV1D-17	intergenic	intergenic	6694	IGK
chr2_90092712	90092712	IGKV1D-16	intergenic	intergenic	7550	IGK
chr2_90106977	90106977	IGKV1D-16	intergenic	intergenic	6209	IGK
chr2_90109305	90109305	IGKV3D-15	intergenic	intergenic	5581	IGK
chr2_90116372	90116372	IGKV3D-15	intergenic	intergenic	942	IGK
chr2_90124974	90124974	IGKV3D-15	intergenic	intergenic	9544	IGK
chr2_90137311	90137311	IGKV1D-13	intergenic	intergenic	16786	IGK
chr2_90150704	90150704	IGKV1D-13	intergenic	intergenic	3393	IGK
chr2_90158708	90158708	IGKV1D-12	intergenic	intergenic	1151	IGK
chr2_89265150	89265150	IGKV1-33	intergenic	intergenic	2820	IGK
chr2_89298458	89298458	IGKV1-37	intergenic	intergenic	720	IGK
chr2_88860182	88860182	IGKJ5	intergenic	intergenic	385	IGK
chr2_88855466	88855466	IGKJ5	intergenic	intergenic	5101	IGK
chr2_88834600	88834600	IGKJ5	intergenic	intergenic	25967	IGK
chr2_89896789	89896789	IGKV1D-37	intergenic	intergenic	11545	IGK
chr2_88862035	88862035	IGKJ1	intergenic	intergenic	73	IGK
chr2_89872252	89872252	IGKV1D-39	intergenic	intergenic	9243	IGK
chr2_88839269	88839269	IGKJ5	intergenic	intergenic	21298	IGK
chr2_88975438	88975438	IGKV3-7	intergenic	intergenic	2999	IGK
chr2_88975439	88975439	IGKV3-7	intergenic	intergenic	2998	IGK
chr2_89881462	89881462	IGKV1D-37	intergenic	intergenic	3277	IGK
chr2_89865750	89865750	IGKV1D-39	intergenic	intergenic	2741	IGK
chr2_89336157	89336157	IGKV2-40	intergenic	intergenic	5308	IGK
chr2_89915635	89915635	IGKV1D-33	intergenic	intergenic	1060	IGK
chr2_90188594	90188594	IGKV1D-42	intergenic	intergenic	1618	IGK
chr2_89274878	89274878	IGKV1-33	intergenic	intergenic	6403	IGK
chr2_89917867	89917867	IGKV1D-33	intergenic	intergenic	3292	IGK
chr2_90188592	90188592	IGKV1D-42	intergenic	intergenic	1620	IGK
chr2_89291779	89291779	IGKV1-37	intergenic	intergenic	5454	IGK
chr2_89053111	89053111	IGKV1-13	intergenic	intergenic	6650	IGK
chr2_88882730	88882730	IGKV4-1	intergenic	intergenic	2841	IGK
chr2_89265230	89265230	IGKV1-33	intergenic	intergenic	2740	IGK
chr2_90268286	90268286	IGKV3D-7	intergenic	intergenic	8159	IGK
chr2_88854554	88854554	IGKJ5	intergenic	intergenic	6013	IGK
chr2_88854640	88854640	IGKJ5	intergenic	intergenic	5927	IGK
chr2_89969398	89969398	IGKV2D-28	intergenic	intergenic	8620	IGK
chr2_89264705	89264705	IGKV1-33	intergenic	intergenic	3265	IGK
chr2_88864481	88864481	IGKJ1	intergenic	intergenic	2519	IGK
chr2_89021090	89021090	IGKV3-11	intergenic	intergenic	6050	IGK
chr2_88857435	88857435	IGKJ5	intergenic	intergenic	3132	IGK
chr2_88857769	88857769	IGKJ5	intergenic	intergenic	2798	IGK
chr2_89265176	89265176	IGKV1-33	intergenic	intergenic	2794	IGK
chr2_89256888	89256888	IGKV1-33	intergenic	intergenic	11082	IGK
chr2_90090875	90090875	IGKV1D-17	intergenic	intergenic	7554	IGK
chr2_89909908	89909908	IGKV1D-33	intergenic	intergenic	4162	IGK
chr2_89910014	89910014	IGKV1D-33	intergenic	intergenic	4056	IGK
chr2_89910031	89910031	IGKV1D-33	intergenic	intergenic	4039	IGK
chr2_88857162	88857162	IGKJ5	intergenic	intergenic	3405	IGK
chr2_88851957	88851957	IGKJ5	intergenic	intergenic	8610	IGK
chr2_88927648	88927648	IGKV1-5	intergenic	intergenic	19622	IGK
chr2_90134323	90134323	IGKV3D-15	intergenic	intergenic	18893	IGK
chr2_90117507	90117507	IGKV3D-15	intergenic	intergenic	2077	IGK
chr2_89866129	89866129	IGKV1D-39	intergenic	intergenic	3120	IGK
chr2_90008830	90008830	IGKV2D-24	intergenic	intergenic	3171	IGK
chr2_89017320	89017320	IGKV1-9	intergenic	intergenic	6863	IGK
chr2_89902585	89902585	IGKV1D-33	intergenic	intergenic	11485	IGK
chr2_89265093	89265093	IGKV1-33	intergenic	intergenic	2877	IGK
chr2_90218071	90218071	IGKV1D-8	intergenic	intergenic	2836	IGK
chr2_90132350	90132350	IGKV3D-15	intergenic	intergenic	16920	IGK
chr2_88849123	88849123	IGKJ5	intergenic	intergenic	11444	IGK
chr2_88799029	88799029	IGKJ5	intergenic	intergenic	61538	IGK
chr2_89003865	89003865	IGKV1-9	intergenic	intergenic	6086	IGK
chr2_89212995	89212995	IGKV1-27	intergenic	intergenic	397	IGK
chr2_90035342	90035342	IGKV3D-20	intergenic	intergenic	3602	IGK
chr2_88849521	88849521	IGKJ5	intergenic	intergenic	11046	IGK
chr2_88849802	88849802	IGKJ5	intergenic	intergenic	10765	IGK
chr2_89237381	89237381	IGKV2-29	intergenic	intergenic	2470	IGK
chr2_89899820	89899820	IGKV1D-33	intergenic	intergenic	14250	IGK
chr2_88855809	88855809	IGKJ5	intergenic	intergenic	4758	IGK
chr2_88857062	88857062	IGKJ5	intergenic	intergenic	3505	IGK
chr2_88857064	88857064	IGKJ5	intergenic	intergenic	3503	IGK
chr2_88855290	88855290	IGKJ5	intergenic	intergenic	5277	IGK
chr2_89900696	89900696	IGKV1D-33	intergenic	intergenic	13374	IGK
chr2_88859459	88859459	IGKJ5	intergenic	intergenic	1108	IGK
chr2_89914894	89914894	IGKV1D-33	intergenic	intergenic	319	IGK
chr2_88870751	88870751	IGKJ1	intergenic	intergenic	8789	IGK
chr2_89854478	89854478	IGKV2D-40	intergenic	intergenic	1957	IGK
chr2_89231679	89231679	IGKV2-29	intergenic	intergenic	2475	IGK
chr2_89958847	89958847	IGKV2D-28	intergenic	intergenic	1167	IGK
chr2_89154993	89154993	IGKV6-21	intergenic	intergenic	4727	IGK
chr2_88877101	88877101	IGKV4-1	intergenic	intergenic	8470	IGK
chr2_89285070	89285070	IGKV1-37	intergenic	intergenic	12163	IGK
chr2_89298323	89298323	IGKV1-37	intergenic	intergenic	585	IGK
chr2_90084151	90084151	IGKV1D-17	intergenic	intergenic	830	IGK
chr2_90144748	90144748	IGKV1D-13	intergenic	intergenic	9349	IGK
chr2_90065136	90065136	IGKV6D-41	intergenic	intergenic	4551	IGK
chr2_89264997	89264997	IGKV1-33	intergenic	intergenic	2973	IGK
chr2_89139671	89139671	IGKV3-20	intergenic	intergenic	2872	IGK
chr2_88940115	88940115	IGKV1-5	intergenic	intergenic	7155	IGK
chr2_88950682	88950682	IGKV1-5	intergenic	intergenic	2906	IGK
chr2_89212809	89212809	IGKV1-27	intergenic	intergenic	583	IGK
chr2_88854175	88854175	IGKJ5	intergenic	intergenic	6392	IGK
chr2_89865852	89865852	IGKV1D-39	intergenic	intergenic	2843	IGK
chr2_89211073	89211073	IGKV1-27	intergenic	intergenic	2319	IGK
chr2_89218455	89218455	IGKV2-28	intergenic	intergenic	3212	IGK
chr2_88839701	88839701	IGKJ5	intergenic	intergenic	20866	IGK
chr2_89947357	89947357	IGKV2D-29	intergenic	intergenic	184	IGK
chr2_90112812	90112812	IGKV3D-15	intergenic	intergenic	2074	IGK
chr2_90152217	90152217	IGKV1D-13	intergenic	intergenic	1880	IGK
chr2_88859969	88859969	IGKJ5	intergenic	intergenic	598	IGK
chr2_88946442	88946442	IGKV1-5	intergenic	intergenic	828	IGK
chr2_89263864	89263864	IGKV1-33	intergenic	intergenic	4106	IGK
chr2_89118998	89118998	IGKV1-17	intergenic	intergenic	1181	IGK
chr2_89268754	89268754	IGKV1-33	intergenic	intergenic	279	IGK
chr2_88853932	88853932	IGKJ5	intergenic	intergenic	6635	IGK
chr2_88927638	88927638	IGKV1-5	intergenic	intergenic	19632	IGK
chr2_88800029	88800029	IGKJ5	intergenic	intergenic	60538	IGK
chr2_89999269	89999269	IGKV2D-24	intergenic	intergenic	5557	IGK
chr2_89071798	89071798	IGKV3-15	intergenic	intergenic	13348	IGK
chr2_89920369	89920369	IGKV1D-33	intergenic	intergenic	5794	IGK
chr2_89321697	89321697	IGKV1-39	intergenic	intergenic	1598	IGK
chr2_89860908	89860908	IGKV1D-39	intergenic	intergenic	1596	IGK
chr2_89258872	89258872	IGKV1-33	intergenic	intergenic	9098	IGK
chr2_89125148	89125148	IGKV1-17	intergenic	intergenic	7331	IGK
chr2_88804040	88804040	IGKJ5	intergenic	intergenic	56527	IGK
chr2_88862841	88862841	IGKJ1	intergenic	intergenic	879	IGK
chr2_88864958	88864958	IGKJ1	intergenic	intergenic	2996	IGK
chr2_88878919	88878919	IGKV4-1	intergenic	intergenic	6652	IGK
chr2_89949141	89949141	IGKV2D-29	intergenic	intergenic	842	IGK
chr2_89882314	89882314	IGKV1D-37	intergenic	intergenic	2425	IGK
chr2_90055134	90055134	IGKV6D-41	intergenic	intergenic	14553	IGK
chr2_90064053	90064053	IGKV6D-41	intergenic	intergenic	5634	IGK
chr2_90078310	90078310	IGKV1D-17	intergenic	intergenic	4505	IGK
chr2_90050505	90050505	IGKV3D-20	intergenic	intergenic	10996	IGK
chr2_88941003	88941003	IGKV1-5	intergenic	intergenic	6267	IGK
chr2_88943561	88943561	IGKV1-5	intergenic	intergenic	3709	IGK
chr2_89323605	89323605	IGKV1-39	intergenic	intergenic	3506	IGK
chr2_89871794	89871794	IGKV1D-39	intergenic	intergenic	8785	IGK
chr2_89879828	89879828	IGKV1D-37	intergenic	intergenic	4911	IGK
chr2_89952862	89952862	IGKV2D-29	intergenic	intergenic	4563	IGK
chr2_89979184	89979184	IGKV2D-26	intergenic	intergenic	6767	IGK
chr2_90060023	90060023	IGKV6D-41	intergenic	intergenic	9664	IGK
chr2_89022255	89022255	IGKV3-11	intergenic	intergenic	4885	IGK
chr2_88813233	88813233	IGKJ5	intergenic	intergenic	47334	IGK
chr2_88817830	88817830	IGKJ5	intergenic	intergenic	42737	IGK
chr2_88814851	88814851	IGKJ5	intergenic	intergenic	45716	IGK
chr2_88810747	88810747	IGKJ5	intergenic	intergenic	49820	IGK
chr2_88919893	88919893	IGKV5-2	intergenic	intergenic	22079	IGK
chr2_88922389	88922389	IGKV5-2	intergenic	intergenic	24575	IGK
chr2_90188558	90188558	IGKV1D-42	intergenic	intergenic	1654	IGK
chr2_89879944	89879944	IGKV1D-37	intergenic	intergenic	4795	IGK
chr2_88864702	88864702	IGKJ1	intergenic	intergenic	2740	IGK
chr2_90163448	90163448	IGKV1D-12	intergenic	intergenic	3083	IGK
chr2_89292836	89292836	IGKV1-37	intergenic	intergenic	4397	IGK
chr2_89082737	89082737	IGKV3-15	intergenic	intergenic	2409	IGK
chr2_89151967	89151967	IGKV6-21	intergenic	intergenic	7753	IGK
chr2_89180232	89180232	IGKV2-24	intergenic	intergenic	3102	IGK
chr2_89203285	89203285	IGKV1-27	intergenic	intergenic	10107	IGK
chr2_90033838	90033838	IGKV3D-20	intergenic	intergenic	5106	IGK
chr2_89265204	89265204	IGKV1-33	intergenic	intergenic	2766	IGK
chr2_89017710	89017710	IGKV1-9	intergenic	intergenic	7253	IGK
chr2_89022874	89022874	IGKV3-11	intergenic	intergenic	4266	IGK
chr2_89032282	89032282	IGKV3-11	intergenic	intergenic	4598	IGK
chr2_89049559	89049559	IGKV1-13	intergenic	intergenic	3098	IGK
chr2_89172903	89172903	IGKV2-24	intergenic	intergenic	3394	IGK
chr2_90033837	90033837	IGKV3D-20	intergenic	intergenic	5107	IGK
chr2_89896728	89896728	IGKV1D-37	intergenic	intergenic	11484	IGK
chr2_88868660	88868660	IGKJ1	intergenic	intergenic	6698	IGK
chr2_88811802	88811802	IGKJ5	intergenic	intergenic	48765	IGK
chr2_88938376	88938376	IGKV1-5	intergenic	intergenic	8894	IGK
chr2_89090347	89090347	IGKV3-15	intergenic	intergenic	4657	IGK
chr2_89219549	89219549	IGKV2-28	intergenic	intergenic	2118	IGK
chr2_89221108	89221108	IGKV2-28	intergenic	intergenic	559	IGK
chr2_88859633	88859633	IGKJ5	intergenic	intergenic	934	IGK
chr2_88861377	88861377	IGKJ3	intergenic	intergenic	80	IGK
chr2_89265097	89265097	IGKV1-33	intergenic	intergenic	2873	IGK
chr2_88829483	88829483	IGKJ5	intergenic	intergenic	31084	IGK
chr2_88855286	88855286	IGKJ5	intergenic	intergenic	5281	IGK
chr2_88856611	88856611	IGKJ5	intergenic	intergenic	3956	IGK
chr2_90104571	90104571	IGKV1D-16	intergenic	intergenic	3803	IGK
chr2_89066389	89066389	IGKV3-15	intergenic	intergenic	18757	IGK
chr2_89073624	89073624	IGKV3-15	intergenic	intergenic	11522	IGK
chr2_89173124	89173124	IGKV2-24	intergenic	intergenic	3173	IGK
chr2_89267563	89267563	IGKV1-33	intergenic	intergenic	407	IGK
chr2_89262190	89262190	IGKV1-33	intergenic	intergenic	5780	IGK
chr2_88854568	88854568	IGKJ5	intergenic	intergenic	5999	IGK
chr2_89857323	89857323	IGKV2D-40	intergenic	intergenic	4802	IGK
chr2_89275706	89275706	IGKV1-33	intergenic	intergenic	7231	IGK
chr2_89265232	89265232	IGKV1-33	intergenic	intergenic	2738	IGK
chr2_89271230	89271230	IGKV1-33	intergenic	intergenic	2755	IGK
chr2_89020075	89020075	IGKV3-11	intergenic	intergenic	7065	IGK
chr2_89023815	89023815	IGKV3-11	intergenic	intergenic	3325	IGK
chr2_89068715	89068715	IGKV3-15	intergenic	intergenic	16431	IGK
chr2_89102928	89102928	IGKV1-16	intergenic	intergenic	2594	IGK
chr2_89106300	89106300	IGKV1-16	intergenic	intergenic	5966	IGK
chr2_89265202	89265202	IGKV1-33	intergenic	intergenic	2768	IGK
chr2_88904605	88904605	IGKV5-2	intergenic	intergenic	6791	IGK
chr2_89120551	89120551	IGKV1-17	intergenic	intergenic	2734	IGK
chr2_89930652	89930652	IGKV2D-30	intergenic	intergenic	6241	IGK
chr2_88859770	88859770	IGKJ5	intergenic	intergenic	797	IGK
chr2_88927642	88927642	IGKV1-5	intergenic	intergenic	19628	IGK
chr2_88927646	88927646	IGKV1-5	intergenic	intergenic	19624	IGK
chr2_88799319	88799319	IGKJ5	intergenic	intergenic	61248	IGK
chr2_88821308	88821308	IGKJ5	intergenic	intergenic	39259	IGK
chr2_89022587	89022587	IGKV3-11	intergenic	intergenic	4553	IGK
chr2_89917534	89917534	IGKV1D-33	intergenic	intergenic	2959	IGK
chr2_88825485	88825485	IGKJ5	intergenic	intergenic	35082	IGK
chr2_88927644	88927644	IGKV1-5	intergenic	intergenic	19626	IGK
chr2_90188591	90188591	IGKV1D-42	intergenic	intergenic	1621	IGK
chr2_88810258	88810258	IGKJ5	intergenic	intergenic	50309	IGK
chr2_89139992	89139992	IGKV3-20	intergenic	intergenic	2551	IGK
chr2_90033783	90033783	IGKV3D-20	intergenic	intergenic	5161	IGK
chr2_88802081	88802081	IGKJ5	intergenic	intergenic	58486	IGK
chr2_88927640	88927640	IGKV1-5	intergenic	intergenic	19630	IGK
chr2_88800698	88800698	IGKJ5	intergenic	intergenic	59869	IGK
chr2_89969787	89969787	IGKV2D-28	intergenic	intergenic	9009	IGK
chr2_88807675	88807675	IGKJ5	intergenic	intergenic	52892	IGK
chr2_89969773	89969773	IGKV2D-28	intergenic	intergenic	8995	IGK
chr2_88819093	88819093	IGKJ5	intergenic	intergenic	41474	IGK
chr2_88804334	88804334	IGKJ5	intergenic	intergenic	56233	IGK
chr2_88805733	88805733	IGKJ5	intergenic	intergenic	54834	IGK
chr2_88823670	88823670	IGKJ5	intergenic	intergenic	36897	IGK
chr2_89212871	89212871	IGKV1-27	intergenic	intergenic	521	IGK
chr2_88855244	88855244	IGKJ5	intergenic	intergenic	5323	IGK
chr2_88823490	88823490	IGKJ5	intergenic	intergenic	37077	IGK
chr2_88802798	88802798	IGKJ5	intergenic	intergenic	57769	IGK
chr2_88810233	88810233	IGKJ5	intergenic	intergenic	50334	IGK
chr22_22512649	22512649	IGLV8-61	coding	region	0	IGL
chr22_22576140	22576140	IGLV4-60	coding	region	0	IGL
chr22_22576168	22576168	IGLV4-60	coding	region	0	IGL
chr22_22609475	22609475	IGLV6-57	leader	leader_intron	0	IGL
chr22_22609537	22609537	IGLV6-57	coding	region	0	IGL
chr22_22609586	22609586	IGLV6-57	coding	region	0	IGL
chr22_22609646	22609646	IGLV6-57	coding	region	0	IGL
chr22_22615413	22615413	IGLV11-55	coding	region	0	IGL
chr22_22615511	22615511	IGLV11-55	coding	region	0	IGL
chr22_22628591	22628591	IGLV10-54	coding	region	0	IGL
chr22_22628697	22628697	IGLV10-54	coding	region	0	IGL
chr22_22628783	22628783	IGLV10-54	coding	region	0	IGL
chr22_22736349	22736349	IGLV1-51	leader	leader_intron	0	IGL
chr22_22736555	22736555	IGLV1-51	coding	region	0	IGL
chr22_22736561	22736561	IGLV1-51	coding	region	0	IGL
chr22_22741101	22741101	IGLV1-50	leader	l_part1	0	IGL
chr22_22741145	22741145	IGLV1-50	leader	leader_intron	0	IGL
chr22_22766664	22766664	IGLV5-48	leader	l_part1	0	IGL
chr22_22766674	22766674	IGLV5-48	leader	l_part1	0	IGL
chr22_22766753	22766753	IGLV5-48	leader	leader_intron	0	IGL
chr22_22766794	22766794	IGLV5-48	leader	leader_intron	0	IGL
chr22_22766808	22766808	IGLV5-48	leader	leader_intron	0	IGL
chr22_22766838	22766838	IGLV5-48	coding	region	0	IGL
chr22_22766920	22766920	IGLV5-48	coding	region	0	IGL
chr22_22766922	22766922	IGLV5-48	coding	region	0	IGL
chr22_22766941	22766941	IGLV5-48	coding	region	0	IGL
chr22_22766962	22766962	IGLV5-48	coding	region	0	IGL
chr22_22766966	22766966	IGLV5-48	coding	region	0	IGL
chr22_22766973	22766973	IGLV5-48	coding	region	0	IGL
chr22_22766986	22766986	IGLV5-48	coding	region	0	IGL
chr22_22767003	22767003	IGLV5-48	coding	region	0	IGL
chr22_22767004	22767004	IGLV5-48	coding	region	0	IGL
chr22_22767011	22767011	IGLV5-48	coding	region	0	IGL
chr22_22767061	22767061	IGLV5-48	coding	region	0	IGL
chr22_22767078	22767078	IGLV5-48	coding	region	0	IGL
chr22_22767093	22767093	IGLV5-48	coding	region	0	IGL
chr22_22767147	22767147	IGLV5-48	rss	heptamer	0	IGL
chr22_22767179	22767179	IGLV5-48	rss	nonamer	0	IGL
chr22_22767185	22767185	IGLV5-48	rss	nonamer	0	IGL
chr22_22771630	22771630	IGLV1-47	leader	leader_intron	0	IGL
chr22_22771645	22771645	IGLV1-47	leader	leader_intron	0	IGL
chr22_22771836	22771836	IGLV1-47	coding	region	0	IGL
chr22_22783685	22783685	IGLV7-46	coding	region	0	IGL
chr22_22783738	22783738	IGLV7-46	coding	region	0	IGL
chr22_22789703	22789703	IGLV5-45	utr	utr	0	IGL
chr22_22789848	22789848	IGLV5-45	leader	leader_intron	0	IGL
chr22_22789928	22789928	IGLV5-45	coding	region	0	IGL
chr22_22789978	22789978	IGLV5-45	coding	region	0	IGL
chr22_22795079	22795079	IGLV1-44	rss	spacer	0	IGL
chr22_22795080	22795080	IGLV1-44	rss	spacer	0	IGL
chr22_22795081	22795081	IGLV1-44	rss	spacer	0	IGL
chr22_22816329	22816329	IGLV5-39	leader	l_part1	0	IGL
chr22_22827137	22827137	IGLV1-41	leader	leader_intron	0	IGL
chr22_22827198	22827198	IGLV1-41	leader	leader_intron	0	IGL
chr22_22827312	22827312	IGLV1-41	coding	region	0	IGL
chr22_22827484	22827484	IGLV1-41	coding	region	0	IGL
chr22_22827521	22827521	IGLV1-41	coding	region	0	IGL
chr22_22850650	22850650	IGLV5-37	coding	region	0	IGL
chr22_22850894	22850894	IGLV5-37	rss	spacer	0	IGL
chr22_22854909	22854909	IGLV1-36	leader	leader_intron	0	IGL
chr22_22855291	22855291	IGLV1-36	coding	region	0	IGL
chr22_23091490	23091490	IGLV3-27	leader	leader_intron	0	IGL
chr22_23091510	23091510	IGLV3-27	leader	leader_intron	0	IGL
chr22_23109809	23109809	IGLV3-25	leader	l_part1	0	IGL
chr22_23109920	23109920	IGLV3-25	leader	leader_intron	0	IGL
chr22_23110072	23110072	IGLV3-25	coding	region	0	IGL
chr22_23110244	23110244	IGLV3-25	coding	region	0	IGL
chr22_23120847	23120847	IGLV2-23	utr	utr	0	IGL
chr22_23120874	23120874	IGLV2-23	utr	utr	0	IGL
chr22_23120947	23120947	IGLV2-23	leader	l_part1	0	IGL
chr22_23121071	23121071	IGLV2-23	leader	leader_intron	0	IGL
chr22_23121252	23121252	IGLV2-23	coding	region	0	IGL
chr22_23127401	23127401	IGLV3-22	leader	leader_intron	0	IGL
chr22_23127426	23127426	IGLV3-22	leader	leader_intron	0	IGL
chr22_23127440	23127440	IGLV3-22	leader	leader_intron	0	IGL
chr22_23127443	23127443	IGLV3-22	leader	leader_intron	0	IGL
chr22_23127555	23127555	IGLV3-22	coding	region	0	IGL
chr22_23127590	23127590	IGLV3-22	coding	region	0	IGL
chr22_23127630	23127630	IGLV3-22	coding	region	0	IGL
chr22_23127632	23127632	IGLV3-22	coding	region	0	IGL
chr22_23127633	23127633	IGLV3-22	coding	region	0	IGL
chr22_23127634	23127634	IGLV3-22	coding	region	0	IGL
chr22_23127776	23127776	IGLV3-22	coding	region	0	IGL
chr22_23127784	23127784	IGLV3-22	coding	region	0	IGL
chr22_23135100	23135100	IGLV3-21	utr	utr	0	IGL
chr22_23135402	23135402	IGLV3-21	leader	l_part1	0	IGL
chr22_23135817	23135817	IGLV3-21	leader	leader_intron	0	IGL
chr22_23135825	23135825	IGLV3-21	leader	leader_intron	0	IGL
chr22_23135907	23135907	IGLV3-21	coding	region	0	IGL
chr22_23135926	23135926	IGLV3-21	coding	region	0	IGL
chr22_23136019	23136019	IGLV3-21	coding	region	0	IGL
chr22_23136025	23136025	IGLV3-21	coding	region	0	IGL
chr22_23136177	23136177	IGLV3-21	rss	heptamer	0	IGL
chr22_23144131	23144131	IGLV3-19	rss	heptamer	0	IGL
chr22_23158038	23158038	IGLV2-18	coding	region	0	IGL
chr22_23170471	23170471	IGLV3-16	leader	leader_intron	0	IGL
chr22_23170481	23170481	IGLV3-16	leader	leader_intron	0	IGL
chr22_23170898	23170898	IGLV3-16	rss	spacer	0	IGL
chr22_23170913	23170913	IGLV3-16	rss	spacer	0	IGL
chr22_23181700	23181700	IGLV2-14	utr	utr	0	IGL
chr22_23181705	23181705	IGLV2-14	utr	utr	0	IGL
chr22_23181731	23181731	IGLV2-14	leader	l_part1	0	IGL
chr22_23181732	23181732	IGLV2-14	leader	l_part1	0	IGL
chr22_23181764	23181764	IGLV2-14	leader	leader_intron	0	IGL
chr22_23181785	23181785	IGLV2-14	leader	leader_intron	0	IGL
chr22_23181831	23181831	IGLV2-14	leader	leader_intron	0	IGL
chr22_23182007	23182007	IGLV2-14	coding	region	0	IGL
chr22_23182043	23182043	IGLV2-14	coding	region	0	IGL
chr22_23182052	23182052	IGLV2-14	coding	region	0	IGL
chr22_23182182	23182182	IGLV2-14	coding	region	0	IGL
chr22_23194715	23194715	IGLV3-12	leader	l_part1	0	IGL
chr22_23194738	23194738	IGLV3-12	leader	l_part1	0	IGL
chr22_23194890	23194890	IGLV3-12	leader	leader_intron	0	IGL
chr22_23194896	23194896	IGLV3-12	leader	leader_intron	0	IGL
chr22_23195326	23195326	IGLV3-12	coding	region	0	IGL
chr22_23195381	23195381	IGLV3-12	coding	region	0	IGL
chr22_23195389	23195389	IGLV3-12	coding	region	0	IGL
chr22_23234963	23234963	IGLV3-10	coding	region	0	IGL
chr22_23245724	23245724	IGLV2-8	leader	l_part1	0	IGL
chr22_23303800	23303800	IGLV3-1	leader	leader_intron	0	IGL
chr22_23303991	23303991	IGLV3-1	leader	leader_intron	0	IGL
chr22_23304008	23304008	IGLV3-1	leader	l_part2	0	IGL
chr22_22756855	22756855	IGLV9-49	intergenic	intergenic	48	IGL
chr22_22756723	22756723	IGLV9-49	intergenic	intergenic	180	IGL
chr22_22821751	22821751	IGLV5-39	intergenic	intergenic	4919	IGL
chr22_22757754	22757754	IGLV9-49	intergenic	intergenic	264	IGL
chr22_22821903	22821903	IGLV5-39	intergenic	intergenic	5071	IGL
chr22_22552169	22552169	IGLV4-60	intergenic	intergenic	23565	IGL
chr22_22757917	22757917	IGLV9-49	intergenic	intergenic	427	IGL
chr22_22560982	22560982	IGLV4-60	intergenic	intergenic	14752	IGL
chr22_22547446	22547446	IGLV4-60	intergenic	intergenic	28288	IGL
chr22_22587068	22587068	IGLV4-60	intergenic	intergenic	10813	IGL
chr22_22573567	22573567	IGLV4-60	intergenic	intergenic	2167	IGL
chr22_22585206	22585206	IGLV4-60	intergenic	intergenic	8951	IGL
chr22_22576347	22576347	IGLV4-60	intergenic	intergenic	92	IGL
chr22_22568744	22568744	IGLV4-60	intergenic	intergenic	6990	IGL
chr22_22582828	22582828	IGLV4-60	intergenic	intergenic	6573	IGL
chr22_22566800	22566800	IGLV4-60	intergenic	intergenic	8934	IGL
chr22_22581406	22581406	IGLV4-60	intergenic	intergenic	5151	IGL
chr22_22581413	22581413	IGLV4-60	intergenic	intergenic	5158	IGL
chr22_22581730	22581730	IGLV4-60	intergenic	intergenic	5475	IGL
chr22_22582004	22582004	IGLV4-60	intergenic	intergenic	5749	IGL
chr22_22582023	22582023	IGLV4-60	intergenic	intergenic	5768	IGL
chr22_22582125	22582125	IGLV4-60	intergenic	intergenic	5870	IGL
chr22_22582204	22582204	IGLV4-60	intergenic	intergenic	5949	IGL
chr22_22582214	22582214	IGLV4-60	intergenic	intergenic	5959	IGL
chr22_22582232	22582232	IGLV4-60	intergenic	intergenic	5977	IGL
chr22_22588870	22588870	IGLV4-60	intergenic	intergenic	12615	IGL
chr22_22591908	22591908	IGLV4-60	intergenic	intergenic	15653	IGL
chr22_22593467	22593467	IGLV6-57	intergenic	intergenic	15867	IGL
chr22_22594008	22594008	IGLV6-57	intergenic	intergenic	15326	IGL
chr22_22594010	22594010	IGLV6-57	intergenic	intergenic	15324	IGL
chr22_22556646	22556646	IGLV4-60	intergenic	intergenic	19088	IGL
chr22_22559415	22559415	IGLV4-60	intergenic	intergenic	16319	IGL
chr22_22564305	22564305	IGLV4-60	intergenic	intergenic	11429	IGL
chr22_22827571	22827571	IGLV1-41	intergenic	intergenic	2	IGL
chr22_22827668	22827668	IGLV1-41	intergenic	intergenic	99	IGL
chr22_22826608	22826608	IGLV1-41	intergenic	intergenic	460	IGL
chr22_22828015	22828015	IGLV1-41	intergenic	intergenic	446	IGL
chr22_22801472	22801472	IGLV1-44	intergenic	intergenic	6372	IGL
chr22_22826965	22826965	IGLV1-41	intergenic	intergenic	103	IGL
chr22_22589147	22589147	IGLV4-60	intergenic	intergenic	12892	IGL
chr22_22594131	22594131	IGLV6-57	intergenic	intergenic	15203	IGL
chr22_22688454	22688454	IGLV5-52	intergenic	intergenic	44011	IGL
chr22_22734791	22734791	IGLV1-51	intergenic	intergenic	1415	IGL
chr22_22735489	22735489	IGLV1-51	intergenic	intergenic	717	IGL
chr22_23129345	23129345	IGLV3-22	intergenic	intergenic	1517	IGL
chr22_22723517	22723517	IGLV5-52	intergenic	intergenic	8948	IGL
chr22_23128612	23128612	IGLV3-22	intergenic	intergenic	784	IGL
chr22_23129096	23129096	IGLV3-22	intergenic	intergenic	1268	IGL
chr22_23129676	23129676	IGLV3-22	intergenic	intergenic	1848	IGL
chr22_23130675	23130675	IGLV3-22	intergenic	intergenic	2847	IGL
chr22_22676512	22676512	IGLV10-54	intergenic	intergenic	47669	IGL
chr22_22679170	22679170	IGLV10-54	intergenic	intergenic	50327	IGL
chr22_23131382	23131382	IGLV3-21	intergenic	intergenic	3277	IGL
chr22_22726518	22726518	IGLV5-52	intergenic	intergenic	5947	IGL
chr22_22727282	22727282	IGLV5-52	intergenic	intergenic	5183	IGL
chr22_22728379	22728379	IGLV5-52	intergenic	intergenic	4086	IGL
chr22_22728580	22728580	IGLV5-52	intergenic	intergenic	3885	IGL
chr22_22729969	22729969	IGLV5-52	intergenic	intergenic	2496	IGL
chr22_22730089	22730089	IGLV5-52	intergenic	intergenic	2376	IGL
chr22_22731125	22731125	IGLV5-52	intergenic	intergenic	1340	IGL
chr22_22731217	22731217	IGLV5-52	intergenic	intergenic	1248	IGL
chr22_22731965	22731965	IGLV5-52	intergenic	intergenic	500	IGL
chr22_22733023	22733023	IGLV5-52	intergenic	intergenic	19	IGL
chr22_22689379	22689379	IGLV5-52	intergenic	intergenic	43086	IGL
chr22_22689393	22689393	IGLV5-52	intergenic	intergenic	43072	IGL
chr22_22689499	22689499	IGLV5-52	intergenic	intergenic	42966	IGL
chr22_22689979	22689979	IGLV5-52	intergenic	intergenic	42486	IGL
chr22_23128302	23128302	IGLV3-22	intergenic	intergenic	474	IGL
chr22_23128352	23128352	IGLV3-22	intergenic	intergenic	524	IGL
chr22_23128591	23128591	IGLV3-22	intergenic	intergenic	763	IGL
chr22_23129132	23129132	IGLV3-22	intergenic	intergenic	1304	IGL
chr22_23129367	23129367	IGLV3-22	intergenic	intergenic	1539	IGL
chr22_23129416	23129416	IGLV3-22	intergenic	intergenic	1588	IGL
chr22_23129657	23129657	IGLV3-22	intergenic	intergenic	1829	IGL
chr22_23129870	23129870	IGLV3-22	intergenic	intergenic	2042	IGL
chr22_23129916	23129916	IGLV3-22	intergenic	intergenic	2088	IGL
chr22_23129995	23129995	IGLV3-22	intergenic	intergenic	2167	IGL
chr22_23130289	23130289	IGLV3-22	intergenic	intergenic	2461	IGL
chr22_23130325	23130325	IGLV3-22	intergenic	intergenic	2497	IGL
chr22_23130326	23130326	IGLV3-22	intergenic	intergenic	2498	IGL
chr22_23130447	23130447	IGLV3-22	intergenic	intergenic	2619	IGL
chr22_23130448	23130448	IGLV3-22	intergenic	intergenic	2620	IGL
chr22_23130450	23130450	IGLV3-22	intergenic	intergenic	2622	IGL
chr22_23130451	23130451	IGLV3-22	intergenic	intergenic	2623	IGL
chr22_23130478	23130478	IGLV3-22	intergenic	intergenic	2650	IGL
chr22_23130496	23130496	IGLV3-22	intergenic	intergenic	2668	IGL
chr22_23130512	23130512	IGLV3-22	intergenic	intergenic	2684	IGL
chr22_23130647	23130647	IGLV3-22	intergenic	intergenic	2819	IGL
chr22_23130651	23130651	IGLV3-22	intergenic	intergenic	2823	IGL
chr22_23130969	23130969	IGLV3-22	intergenic	intergenic	3141	IGL
chr22_23130992	23130992	IGLV3-22	intergenic	intergenic	3164	IGL
chr22_23131048	23131048	IGLV3-22	intergenic	intergenic	3220	IGL
chr22_23131227	23131227	IGLV3-22	intergenic	intergenic	3399	IGL
chr22_23131578	23131578	IGLV3-21	intergenic	intergenic	3081	IGL
chr22_23131625	23131625	IGLV3-21	intergenic	intergenic	3034	IGL
chr22_23131662	23131662	IGLV3-21	intergenic	intergenic	2997	IGL
chr22_22717264	22717264	IGLV5-52	intergenic	intergenic	15201	IGL
chr22_22851880	22851880	IGLV5-37	intergenic	intergenic	970	IGL
chr22_23130504	23130504	IGLV3-22	intergenic	intergenic	2676	IGL
chr22_22606953	22606953	IGLV6-57	intergenic	intergenic	2381	IGL
chr22_22828476	22828476	IGLV1-41	intergenic	intergenic	907	IGL
chr22_23131735	23131735	IGLV3-21	intergenic	intergenic	2924	IGL
chr22_22851927	22851927	IGLV5-37	intergenic	intergenic	1017	IGL
chr22_22808271	22808271	IGLV7-43	intergenic	intergenic	461	IGL
chr22_22602418	22602418	IGLV6-57	intergenic	intergenic	6916	IGL
chr22_22739392	22739392	IGLV1-50	intergenic	intergenic	1645	IGL
chr22_22731346	22731346	IGLV5-52	intergenic	intergenic	1119	IGL
chr22_22828280	22828280	IGLV1-41	intergenic	intergenic	711	IGL
chr22_22802078	22802078	IGLV7-43	intergenic	intergenic	6654	IGL
chr22_22802132	22802132	IGLV7-43	intergenic	intergenic	6600	IGL
chr22_22802473	22802473	IGLV7-43	intergenic	intergenic	6259	IGL
chr22_22803209	22803209	IGLV7-43	intergenic	intergenic	5523	IGL
chr22_22803483	22803483	IGLV7-43	intergenic	intergenic	5249	IGL
chr22_22803554	22803554	IGLV7-43	intergenic	intergenic	5178	IGL
chr22_22803857	22803857	IGLV7-43	intergenic	intergenic	4875	IGL
chr22_22804074	22804074	IGLV7-43	intergenic	intergenic	4658	IGL
chr22_22804183	22804183	IGLV7-43	intergenic	intergenic	4549	IGL
chr22_22714561	22714561	IGLV5-52	intergenic	intergenic	17904	IGL
chr22_22681623	22681623	IGLV5-52	intergenic	intergenic	50842	IGL
chr22_22681907	22681907	IGLV5-52	intergenic	intergenic	50558	IGL
chr22_22682497	22682497	IGLV5-52	intergenic	intergenic	49968	IGL
chr22_22722301	22722301	IGLV5-52	intergenic	intergenic	10164	IGL
chr22_22724267	22724267	IGLV5-52	intergenic	intergenic	8198	IGL
chr22_22726426	22726426	IGLV5-52	intergenic	intergenic	6039	IGL
chr22_22728143	22728143	IGLV5-52	intergenic	intergenic	4322	IGL
chr22_22729132	22729132	IGLV5-52	intergenic	intergenic	3333	IGL
chr22_22800453	22800453	IGLV1-44	intergenic	intergenic	5353	IGL
chr22_22721026	22721026	IGLV5-52	intergenic	intergenic	11439	IGL
chr22_22825666	22825666	IGLV1-41	intergenic	intergenic	1402	IGL
chr22_22825996	22825996	IGLV1-41	intergenic	intergenic	1072	IGL
chr22_23131861	23131861	IGLV3-21	intergenic	intergenic	2798	IGL
chr22_23132114	23132114	IGLV3-21	intergenic	intergenic	2545	IGL
chr22_23132194	23132194	IGLV3-21	intergenic	intergenic	2465	IGL
chr22_23132219	23132219	IGLV3-21	intergenic	intergenic	2440	IGL
chr22_22810059	22810059	IGLV7-43	intergenic	intergenic	816	IGL
chr22_22801305	22801305	IGLV1-44	intergenic	intergenic	6205	IGL
chr22_22801404	22801404	IGLV1-44	intergenic	intergenic	6304	IGL
chr22_22779956	22779956	IGLV7-46	intergenic	intergenic	3370	IGL
chr22_22782522	22782522	IGLV7-46	intergenic	intergenic	804	IGL
chr22_22829114	22829114	IGLV1-41	intergenic	intergenic	1545	IGL
chr22_23131785	23131785	IGLV3-21	intergenic	intergenic	2874	IGL
chr22_23132635	23132635	IGLV3-21	intergenic	intergenic	2024	IGL
chr22_23132678	23132678	IGLV3-21	intergenic	intergenic	1981	IGL
chr22_22784460	22784460	IGLV7-46	intergenic	intergenic	622	IGL
chr22_23132315	23132315	IGLV3-21	intergenic	intergenic	2344	IGL
chr22_22805796	22805796	IGLV7-43	intergenic	intergenic	2936	IGL
chr22_22582492	22582492	IGLV4-60	intergenic	intergenic	6237	IGL
chr22_22707433	22707433	IGLV5-52	intergenic	intergenic	25032	IGL
chr22_22696187	22696187	IGLV5-52	intergenic	intergenic	36278	IGL
chr22_22696189	22696189	IGLV5-52	intergenic	intergenic	36276	IGL
chr22_23233031	23233031	IGLV3-10	intergenic	intergenic	1593	IGL
chr22_22756379	22756379	IGLV9-49	intergenic	intergenic	524	IGL
chr22_22688861	22688861	IGLV5-52	intergenic	intergenic	43604	IGL
chr22_22690034	22690034	IGLV5-52	intergenic	intergenic	42431	IGL
chr22_22690043	22690043	IGLV5-52	intergenic	intergenic	42422	IGL
chr22_22700177	22700177	IGLV5-52	intergenic	intergenic	32288	IGL
chr22_22700272	22700272	IGLV5-52	intergenic	intergenic	32193	IGL
chr22_22700290	22700290	IGLV5-52	intergenic	intergenic	32175	IGL
chr22_22701090	22701090	IGLV5-52	intergenic	intergenic	31375	IGL
chr22_22701444	22701444	IGLV5-52	intergenic	intergenic	31021	IGL
chr22_22702636	22702636	IGLV5-52	intergenic	intergenic	29829	IGL
chr22_22702755	22702755	IGLV5-52	intergenic	intergenic	29710	IGL
chr22_22853595	22853595	IGLV1-36	intergenic	intergenic	1199	IGL
chr22_22690609	22690609	IGLV5-52	intergenic	intergenic	41856	IGL
chr22_22690671	22690671	IGLV5-52	intergenic	intergenic	41794	IGL
chr22_22691188	22691188	IGLV5-52	intergenic	intergenic	41277	IGL
chr22_22810590	22810590	IGLV7-43	intergenic	intergenic	1347	IGL
chr22_22698877	22698877	IGLV5-52	intergenic	intergenic	33588	IGL
chr22_22832319	22832319	IGLV1-40	intergenic	intergenic	256	IGL
chr22_22699713	22699713	IGLV5-52	intergenic	intergenic	32752	IGL
chr22_22689912	22689912	IGLV5-52	intergenic	intergenic	42553	IGL
chr22_22689962	22689962	IGLV5-52	intergenic	intergenic	42503	IGL
chr22_22720112	22720112	IGLV5-52	intergenic	intergenic	12353	IGL
chr22_22773453	22773453	IGLV1-47	intergenic	intergenic	1435	IGL
chr22_22773828	22773828	IGLV1-47	intergenic	intergenic	1810	IGL
chr22_22775632	22775632	IGLV1-47	intergenic	intergenic	3614	IGL
chr22_22776952	22776952	IGLV1-47	intergenic	intergenic	4934	IGL
chr22_22777971	22777971	IGLV7-46	intergenic	intergenic	5355	IGL
chr22_22778341	22778341	IGLV7-46	intergenic	intergenic	4985	IGL
chr22_22779220	22779220	IGLV7-46	intergenic	intergenic	4106	IGL
chr22_22676889	22676889	IGLV10-54	intergenic	intergenic	48046	IGL
chr22_22677008	22677008	IGLV10-54	intergenic	intergenic	48165	IGL
chr22_22677071	22677071	IGLV10-54	intergenic	intergenic	48228	IGL
chr22_22677130	22677130	IGLV10-54	intergenic	intergenic	48287	IGL
chr22_22677412	22677412	IGLV10-54	intergenic	intergenic	48569	IGL
chr22_22678279	22678279	IGLV10-54	intergenic	intergenic	49436	IGL
chr22_22679126	22679126	IGLV10-54	intergenic	intergenic	50283	IGL
chr22_22679814	22679814	IGLV10-54	intergenic	intergenic	50971	IGL
chr22_22704734	22704734	IGLV5-52	intergenic	intergenic	27731	IGL
chr22_22846419	22846419	IGLV5-37	intergenic	intergenic	3956	IGL
chr22_22691250	22691250	IGLV5-52	intergenic	intergenic	41215	IGL
chr22_22691494	22691494	IGLV5-52	intergenic	intergenic	40971	IGL
chr22_22781827	22781827	IGLV7-46	intergenic	intergenic	1499	IGL
chr22_22772179	22772179	IGLV1-47	intergenic	intergenic	161	IGL
chr22_22720990	22720990	IGLV5-52	intergenic	intergenic	11475	IGL
chr22_22582339	22582339	IGLV4-60	intergenic	intergenic	6084	IGL
chr22_22582412	22582412	IGLV4-60	intergenic	intergenic	6157	IGL
chr22_22716921	22716921	IGLV5-52	intergenic	intergenic	15544	IGL
chr22_22686563	22686563	IGLV5-52	intergenic	intergenic	45902	IGL
chr22_22826319	22826319	IGLV1-41	intergenic	intergenic	749	IGL
chr22_22826324	22826324	IGLV1-41	intergenic	intergenic	744	IGL
chr22_22826352	22826352	IGLV1-41	intergenic	intergenic	716	IGL
chr22_22826377	22826377	IGLV1-41	intergenic	intergenic	691	IGL
chr22_22826421	22826421	IGLV1-41	intergenic	intergenic	647	IGL
chr22_22826425	22826425	IGLV1-41	intergenic	intergenic	643	IGL
chr22_22837865	22837865	IGLV1-40	intergenic	intergenic	4734	IGL
chr22_22844637	22844637	IGLV5-37	intergenic	intergenic	5738	IGL
chr22_22716062	22716062	IGLV5-52	intergenic	intergenic	16403	IGL
chr22_22679088	22679088	IGLV10-54	intergenic	intergenic	50245	IGL
chr22_22679174	22679174	IGLV10-54	intergenic	intergenic	50331	IGL
chr22_22694858	22694858	IGLV5-52	intergenic	intergenic	37607	IGL
chr22_22826246	22826246	IGLV1-41	intergenic	intergenic	822	IGL
chr22_22681064	22681064	IGLV5-52	intergenic	intergenic	51401	IGL
chr22_22681189	22681189	IGLV5-52	intergenic	intergenic	51276	IGL
chr22_22681377	22681377	IGLV5-52	intergenic	intergenic	51088	IGL
chr22_22681810	22681810	IGLV5-52	intergenic	intergenic	50655	IGL
chr22_22681864	22681864	IGLV5-52	intergenic	intergenic	50601	IGL
chr22_22681869	22681869	IGLV5-52	intergenic	intergenic	50596	IGL
chr22_22682544	22682544	IGLV5-52	intergenic	intergenic	49921	IGL
chr22_22683343	22683343	IGLV5-52	intergenic	intergenic	49122	IGL
chr22_22849080	22849080	IGLV5-37	intergenic	intergenic	1295	IGL
chr22_22578912	22578912	IGLV4-60	intergenic	intergenic	2657	IGL
chr22_22554074	22554074	IGLV4-60	intergenic	intergenic	21660	IGL
chr22_22720682	22720682	IGLV5-52	intergenic	intergenic	11783	IGL
chr22_22705715	22705715	IGLV5-52	intergenic	intergenic	26750	IGL
chr22_22567854	22567854	IGLV4-60	intergenic	intergenic	7880	IGL
chr22_22570190	22570190	IGLV4-60	intergenic	intergenic	5544	IGL
chr22_22684825	22684825	IGLV5-52	intergenic	intergenic	47640	IGL
chr22_22693338	22693338	IGLV5-52	intergenic	intergenic	39127	IGL
chr22_22749452	22749452	IGLV9-49	intergenic	intergenic	7451	IGL
chr22_22750491	22750491	IGLV9-49	intergenic	intergenic	6412	IGL
chr22_22751264	22751264	IGLV9-49	intergenic	intergenic	5639	IGL
chr22_22836943	22836943	IGLV1-40	intergenic	intergenic	3812	IGL
chr22_22691908	22691908	IGLV5-52	intergenic	intergenic	40557	IGL
chr22_22696033	22696033	IGLV5-52	intergenic	intergenic	36432	IGL
chr22_22682108	22682108	IGLV5-52	intergenic	intergenic	50357	IGL
chr22_22694178	22694178	IGLV5-52	intergenic	intergenic	38287	IGL
chr22_22549051	22549051	IGLV4-60	intergenic	intergenic	26683	IGL
chr22_22558084	22558084	IGLV4-60	intergenic	intergenic	17650	IGL
chr22_22676482	22676482	IGLV10-54	intergenic	intergenic	47639	IGL
chr22_22778942	22778942	IGLV7-46	intergenic	intergenic	4384	IGL
chr22_22778949	22778949	IGLV7-46	intergenic	intergenic	4377	IGL
chr22_22549980	22549980	IGLV4-60	intergenic	intergenic	25754	IGL
chr22_22551007	22551007	IGLV4-60	intergenic	intergenic	24727	IGL
chr22_22724210	22724210	IGLV5-52	intergenic	intergenic	8255	IGL
chr22_22725168	22725168	IGLV5-52	intergenic	intergenic	7297	IGL
chr22_22727117	22727117	IGLV5-52	intergenic	intergenic	5348	IGL
chr22_22728675	22728675	IGLV5-52	intergenic	intergenic	3790	IGL
chr22_22733168	22733168	IGLV5-52	intergenic	intergenic	164	IGL
chr22_22733627	22733627	IGLV5-52	intergenic	intergenic	623	IGL
chr22_22735972	22735972	IGLV1-51	intergenic	intergenic	234	IGL
chr22_22736879	22736879	IGLV1-51	intergenic	intergenic	136	IGL
chr22_22739257	22739257	IGLV1-50	intergenic	intergenic	1780	IGL
chr22_22700633	22700633	IGLV5-52	intergenic	intergenic	31832	IGL
chr22_22701454	22701454	IGLV5-52	intergenic	intergenic	31011	IGL
chr22_22701902	22701902	IGLV5-52	intergenic	intergenic	30563	IGL
chr22_22701939	22701939	IGLV5-52	intergenic	intergenic	30526	IGL
chr22_22828940	22828940	IGLV1-41	intergenic	intergenic	1371	IGL
chr22_22695151	22695151	IGLV5-52	intergenic	intergenic	37314	IGL
chr22_22695320	22695320	IGLV5-52	intergenic	intergenic	37145	IGL
chr22_22695350	22695350	IGLV5-52	intergenic	intergenic	37115	IGL
chr22_22556636	22556636	IGLV4-60	intergenic	intergenic	19098	IGL
chr22_22559062	22559062	IGLV4-60	intergenic	intergenic	16672	IGL
chr22_22740422	22740422	IGLV1-50	intergenic	intergenic	615	IGL
chr22_22688764	22688764	IGLV5-52	intergenic	intergenic	43701	IGL
chr22_22696155	22696155	IGLV5-52	intergenic	intergenic	36310	IGL
chr22_22557932	22557932	IGLV4-60	intergenic	intergenic	17802	IGL
chr22_22703946	22703946	IGLV5-52	intergenic	intergenic	28519	IGL
chr22_22800553	22800553	IGLV1-44	intergenic	intergenic	5453	IGL
chr22_22580639	22580639	IGLV4-60	intergenic	intergenic	4384	IGL
chr22_22839852	22839852	IGLV1-40	intergenic	intergenic	6721	IGL
chr22_22700346	22700346	IGLV5-52	intergenic	intergenic	32119	IGL
chr22_22700347	22700347	IGLV5-52	intergenic	intergenic	32118	IGL
chr22_22700352	22700352	IGLV5-52	intergenic	intergenic	32113	IGL
chr22_22839295	22839295	IGLV1-40	intergenic	intergenic	6164	IGL
chr22_22839374	22839374	IGLV1-40	intergenic	intergenic	6243	IGL
chr22_22844307	22844307	IGLV5-37	intergenic	intergenic	6068	IGL
chr22_22704735	22704735	IGLV5-52	intergenic	intergenic	27730	IGL
chr22_22692265	22692265	IGLV5-52	intergenic	intergenic	40200	IGL
chr22_22580666	22580666	IGLV4-60	intergenic	intergenic	4411	IGL
chr22_22580199	22580199	IGLV4-60	intergenic	intergenic	3944	IGL
chr22_22800684	22800684	IGLV1-44	intergenic	intergenic	5584	IGL
chr22_22800828	22800828	IGLV1-44	intergenic	intergenic	5728	IGL
chr22_22802193	22802193	IGLV7-43	intergenic	intergenic	6539	IGL
chr22_22802416	22802416	IGLV7-43	intergenic	intergenic	6316	IGL
chr22_22802463	22802463	IGLV7-43	intergenic	intergenic	6269	IGL
chr22_22803159	22803159	IGLV7-43	intergenic	intergenic	5573	IGL
chr22_22803331	22803331	IGLV7-43	intergenic	intergenic	5401	IGL
chr22_22803938	22803938	IGLV7-43	intergenic	intergenic	4794	IGL
chr22_22807189	22807189	IGLV7-43	intergenic	intergenic	1543	IGL
chr22_22807285	22807285	IGLV7-43	intergenic	intergenic	1447	IGL
chr22_22750534	22750534	IGLV9-49	intergenic	intergenic	6369	IGL
chr22_22691991	22691991	IGLV5-52	intergenic	intergenic	40474	IGL
chr22_22691992	22691992	IGLV5-52	intergenic	intergenic	40473	IGL
chr22_22692102	22692102	IGLV5-52	intergenic	intergenic	40363	IGL
chr22_22580299	22580299	IGLV4-60	intergenic	intergenic	4044	IGL
chr22_23127227	23127227	IGLV3-22	intergenic	intergenic	8	IGL
chr22_22704579	22704579	IGLV5-52	intergenic	intergenic	27886	IGL
chr22_22698379	22698379	IGLV5-52	intergenic	intergenic	34086	IGL
chr22_22742788	22742788	IGLV1-50	intergenic	intergenic	1195	IGL
chr22_22693899	22693899	IGLV5-52	intergenic	intergenic	38566	IGL
chr22_22693929	22693929	IGLV5-52	intergenic	intergenic	38536	IGL
chr22_22692429	22692429	IGLV5-52	intergenic	intergenic	40036	IGL
chr22_22833738	22833738	IGLV1-40	intergenic	intergenic	607	IGL
chr22_22834634	22834634	IGLV1-40	intergenic	intergenic	1503	IGL
chr22_22834743	22834743	IGLV1-40	intergenic	intergenic	1612	IGL
chr22_22834791	22834791	IGLV1-40	intergenic	intergenic	1660	IGL
chr22_22695067	22695067	IGLV5-52	intergenic	intergenic	37398	IGL
chr22_22839033	22839033	IGLV1-40	intergenic	intergenic	5902	IGL
chr22_22801195	22801195	IGLV1-44	intergenic	intergenic	6095	IGL
chr22_22750988	22750988	IGLV9-49	intergenic	intergenic	5915	IGL
chr22_22752434	22752434	IGLV9-49	intergenic	intergenic	4469	IGL
chr22_22578888	22578888	IGLV4-60	intergenic	intergenic	2633	IGL
chr22_22698511	22698511	IGLV5-52	intergenic	intergenic	33954	IGL
chr22_22709391	22709391	IGLV5-52	intergenic	intergenic	23074	IGL
chr22_22722577	22722577	IGLV5-52	intergenic	intergenic	9888	IGL
chr22_22726040	22726040	IGLV5-52	intergenic	intergenic	6425	IGL
chr22_22726105	22726105	IGLV5-52	intergenic	intergenic	6360	IGL
chr22_22729395	22729395	IGLV5-52	intergenic	intergenic	3070	IGL
chr22_22729487	22729487	IGLV5-52	intergenic	intergenic	2978	IGL
chr22_22730202	22730202	IGLV5-52	intergenic	intergenic	2263	IGL
chr22_22734668	22734668	IGLV1-51	intergenic	intergenic	1538	IGL
chr22_22734671	22734671	IGLV1-51	intergenic	intergenic	1535	IGL
chr22_22737754	22737754	IGLV1-51	intergenic	intergenic	1011	IGL
chr22_22738355	22738355	IGLV1-51	intergenic	intergenic	1612	IGL
chr22_22739039	22739039	IGLV1-50	intergenic	intergenic	1998	IGL
chr22_22690140	22690140	IGLV5-52	intergenic	intergenic	42325	IGL
chr22_22545379	22545379	IGLV4-60	intergenic	intergenic	30355	IGL
chr22_22694984	22694984	IGLV5-52	intergenic	intergenic	37481	IGL
chr22_22826714	22826714	IGLV1-41	intergenic	intergenic	354	IGL
chr22_22800063	22800063	IGLV1-44	intergenic	intergenic	4963	IGL
chr22_23075846	23075846	IGLV3-27	intergenic	intergenic	15458	IGL
chr22_22779795	22779795	IGLV7-46	intergenic	intergenic	3531	IGL
chr22_23076144	23076144	IGLV3-27	intergenic	intergenic	15160	IGL
chr22_23076245	23076245	IGLV3-27	intergenic	intergenic	15059	IGL
chr22_23076270	23076270	IGLV3-27	intergenic	intergenic	15034	IGL
chr22_23076637	23076637	IGLV3-27	intergenic	intergenic	14667	IGL
chr22_23076705	23076705	IGLV3-27	intergenic	intergenic	14599	IGL
chr22_23076999	23076999	IGLV3-27	intergenic	intergenic	14305	IGL
chr22_23077122	23077122	IGLV3-27	intergenic	intergenic	14182	IGL
chr22_23077346	23077346	IGLV3-27	intergenic	intergenic	13958	IGL
chr22_23077389	23077389	IGLV3-27	intergenic	intergenic	13915	IGL
chr22_23077393	23077393	IGLV3-27	intergenic	intergenic	13911	IGL
chr22_23077589	23077589	IGLV3-27	intergenic	intergenic	13715	IGL
chr22_23077709	23077709	IGLV3-27	intergenic	intergenic	13595	IGL
chr22_23078675	23078675	IGLV3-27	intergenic	intergenic	12629	IGL
chr22_23079161	23079161	IGLV3-27	intergenic	intergenic	12143	IGL
chr22_23080195	23080195	IGLV3-27	intergenic	intergenic	11109	IGL
chr22_22707797	22707797	IGLV5-52	intergenic	intergenic	24668	IGL
chr22_22723998	22723998	IGLV5-52	intergenic	intergenic	8467	IGL
chr22_22676954	22676954	IGLV10-54	intergenic	intergenic	48111	IGL
chr22_23127100	23127100	IGLV3-22	intergenic	intergenic	135	IGL
chr22_23231121	23231121	IGLV3-10	intergenic	intergenic	3503	IGL
chr22_22840970	22840970	IGLV1-40	intergenic	intergenic	7839	IGL
chr22_22875794	22875794	IGLV1-36	intergenic	intergenic	20453	IGL
chr22_23072500	23072500	IGLV3-27	intergenic	intergenic	18804	IGL
chr22_23072862	23072862	IGLV3-27	intergenic	intergenic	18442	IGL
chr22_23072888	23072888	IGLV3-27	intergenic	intergenic	18416	IGL
chr22_23072950	23072950	IGLV3-27	intergenic	intergenic	18354	IGL
chr22_23073406	23073406	IGLV3-27	intergenic	intergenic	17898	IGL
chr22_23073409	23073409	IGLV3-27	intergenic	intergenic	17895	IGL
chr22_23073425	23073425	IGLV3-27	intergenic	intergenic	17879	IGL
chr22_23073438	23073438	IGLV3-27	intergenic	intergenic	17866	IGL
chr22_23073464	23073464	IGLV3-27	intergenic	intergenic	17840	IGL
chr22_23073474	23073474	IGLV3-27	intergenic	intergenic	17830	IGL
chr22_23073572	23073572	IGLV3-27	intergenic	intergenic	17732	IGL
chr22_23073616	23073616	IGLV3-27	intergenic	intergenic	17688	IGL
chr22_23073747	23073747	IGLV3-27	intergenic	intergenic	17557	IGL
chr22_23073818	23073818	IGLV3-27	intergenic	intergenic	17486	IGL
chr22_23073823	23073823	IGLV3-27	intergenic	intergenic	17481	IGL
chr22_23073848	23073848	IGLV3-27	intergenic	intergenic	17456	IGL
chr22_23073871	23073871	IGLV3-27	intergenic	intergenic	17433	IGL
chr22_23073881	23073881	IGLV3-27	intergenic	intergenic	17423	IGL
chr22_23073890	23073890	IGLV3-27	intergenic	intergenic	17414	IGL
chr22_23073892	23073892	IGLV3-27	intergenic	intergenic	17412	IGL
chr22_23073897	23073897	IGLV3-27	intergenic	intergenic	17407	IGL
chr22_23073934	23073934	IGLV3-27	intergenic	intergenic	17370	IGL
chr22_23074108	23074108	IGLV3-27	intergenic	intergenic	17196	IGL
chr22_23074149	23074149	IGLV3-27	intergenic	intergenic	17155	IGL
chr22_23074523	23074523	IGLV3-27	intergenic	intergenic	16781	IGL
chr22_23074556	23074556	IGLV3-27	intergenic	intergenic	16748	IGL
chr22_23074598	23074598	IGLV3-27	intergenic	intergenic	16706	IGL
chr22_23074628	23074628	IGLV3-27	intergenic	intergenic	16676	IGL
chr22_23074638	23074638	IGLV3-27	intergenic	intergenic	16666	IGL
chr22_23074709	23074709	IGLV3-27	intergenic	intergenic	16595	IGL
chr22_23074710	23074710	IGLV3-27	intergenic	intergenic	16594	IGL
chr22_23074761	23074761	IGLV3-27	intergenic	intergenic	16543	IGL
chr22_23074804	23074804	IGLV3-27	intergenic	intergenic	16500	IGL
chr22_23074831	23074831	IGLV3-27	intergenic	intergenic	16473	IGL
chr22_23074848	23074848	IGLV3-27	intergenic	intergenic	16456	IGL
chr22_23074884	23074884	IGLV3-27	intergenic	intergenic	16420	IGL
chr22_23074901	23074901	IGLV3-27	intergenic	intergenic	16403	IGL
chr22_23075094	23075094	IGLV3-27	intergenic	intergenic	16210	IGL
chr22_23075256	23075256	IGLV3-27	intergenic	intergenic	16048	IGL
chr22_23075367	23075367	IGLV3-27	intergenic	intergenic	15937	IGL
chr22_23075368	23075368	IGLV3-27	intergenic	intergenic	15936	IGL
chr22_23075375	23075375	IGLV3-27	intergenic	intergenic	15929	IGL
chr22_23075389	23075389	IGLV3-27	intergenic	intergenic	15915	IGL
chr22_23075450	23075450	IGLV3-27	intergenic	intergenic	15854	IGL
chr22_23075527	23075527	IGLV3-27	intergenic	intergenic	15777	IGL
chr22_23075820	23075820	IGLV3-27	intergenic	intergenic	15484	IGL
chr22_23075842	23075842	IGLV3-27	intergenic	intergenic	15462	IGL
chr22_23075847	23075847	IGLV3-27	intergenic	intergenic	15457	IGL
chr22_23075884	23075884	IGLV3-27	intergenic	intergenic	15420	IGL
chr22_23075895	23075895	IGLV3-27	intergenic	intergenic	15409	IGL
chr22_23075922	23075922	IGLV3-27	intergenic	intergenic	15382	IGL
chr22_23076032	23076032	IGLV3-27	intergenic	intergenic	15272	IGL
chr22_23076090	23076090	IGLV3-27	intergenic	intergenic	15214	IGL
chr22_23076108	23076108	IGLV3-27	intergenic	intergenic	15196	IGL
chr22_23073511	23073511	IGLV3-27	intergenic	intergenic	17793	IGL
chr22_22799251	22799251	IGLV1-44	intergenic	intergenic	4151	IGL
chr22_23081304	23081304	IGLV3-27	intergenic	intergenic	10000	IGL
chr22_22805605	22805605	IGLV7-43	intergenic	intergenic	3127	IGL
chr22_22565717	22565717	IGLV4-60	intergenic	intergenic	10017	IGL
chr22_22838423	22838423	IGLV1-40	intergenic	intergenic	5292	IGL
chr22_22836010	22836010	IGLV1-40	intergenic	intergenic	2879	IGL
chr22_22542514	22542514	IGLV8-61	intergenic	intergenic	29717	IGL
chr22_22723925	22723925	IGLV5-52	intergenic	intergenic	8540	IGL
chr22_22563046	22563046	IGLV4-60	intergenic	intergenic	12688	IGL
chr22_22691153	22691153	IGLV5-52	intergenic	intergenic	41312	IGL
chr22_22672426	22672426	IGLV10-54	intergenic	intergenic	43583	IGL
chr22_23075665	23075665	IGLV3-27	intergenic	intergenic	15639	IGL
chr22_22672372	22672372	IGLV10-54	intergenic	intergenic	43529	IGL
chr22_22733979	22733979	IGLV5-52	intergenic	intergenic	975	IGL
chr22_22735786	22735786	IGLV1-51	intergenic	intergenic	420	IGL
chr22_22737046	22737046	IGLV1-51	intergenic	intergenic	303	IGL
chr22_23076921	23076921	IGLV3-27	intergenic	intergenic	14383	IGL
chr22_23077000	23077000	IGLV3-27	intergenic	intergenic	14304	IGL
chr22_22862019	22862019	IGLV1-36	intergenic	intergenic	6678	IGL
chr22_23073258	23073258	IGLV3-27	intergenic	intergenic	18046	IGL
chr22_22839926	22839926	IGLV1-40	intergenic	intergenic	6795	IGL
chr22_23070068	23070068	IGLV3-27	intergenic	intergenic	21236	IGL
chr22_23072327	23072327	IGLV3-27	intergenic	intergenic	18977	IGL
chr22_23077761	23077761	IGLV3-27	intergenic	intergenic	13543	IGL
chr22_22727275	22727275	IGLV5-52	intergenic	intergenic	5190	IGL
chr22_23077458	23077458	IGLV3-27	intergenic	intergenic	13846	IGL
chr22_23091923	23091923	IGLV3-27	intergenic	intergenic	59	IGL
chr22_23092008	23092008	IGLV3-27	intergenic	intergenic	144	IGL
chr22_23093143	23093143	IGLV3-27	intergenic	intergenic	1279	IGL
chr22_23093256	23093256	IGLV3-27	intergenic	intergenic	1392	IGL
chr22_23093554	23093554	IGLV3-27	intergenic	intergenic	1690	IGL
chr22_23093609	23093609	IGLV3-27	intergenic	intergenic	1745	IGL
chr22_23093718	23093718	IGLV3-27	intergenic	intergenic	1854	IGL
chr22_23093897	23093897	IGLV3-27	intergenic	intergenic	2033	IGL
chr22_23093902	23093902	IGLV3-27	intergenic	intergenic	2038	IGL
chr22_23094030	23094030	IGLV3-27	intergenic	intergenic	2166	IGL
chr22_23094347	23094347	IGLV3-27	intergenic	intergenic	2483	IGL
chr22_23094356	23094356	IGLV3-27	intergenic	intergenic	2492	IGL
chr22_23094367	23094367	IGLV3-27	intergenic	intergenic	2503	IGL
chr22_23095204	23095204	IGLV3-27	intergenic	intergenic	3340	IGL
chr22_22846047	22846047	IGLV5-37	intergenic	intergenic	4328	IGL
chr22_22806676	22806676	IGLV7-43	intergenic	intergenic	2056	IGL
chr22_22675865	22675865	IGLV10-54	intergenic	intergenic	47022	IGL
chr22_22676366	22676366	IGLV10-54	intergenic	intergenic	47523	IGL
chr22_23092543	23092543	IGLV3-27	intergenic	intergenic	679	IGL
chr22_22695963	22695963	IGLV5-52	intergenic	intergenic	36502	IGL
chr22_23073632	23073632	IGLV3-27	intergenic	intergenic	17672	IGL
chr22_23073524	23073524	IGLV3-27	intergenic	intergenic	17780	IGL
chr22_22737347	22737347	IGLV1-51	intergenic	intergenic	604	IGL
chr22_22738013	22738013	IGLV1-51	intergenic	intergenic	1270	IGL
chr22_22628168	22628168	IGLV10-54	intergenic	intergenic	171	IGL
chr22_23356055	23356055	IGLJ6	intergenic	intergenic	1073	IGL
chr22_22598847	22598847	IGLV6-57	intergenic	intergenic	10487	IGL
chr22_22599415	22599415	IGLV6-57	intergenic	intergenic	9919	IGL
chr22_22602032	22602032	IGLV6-57	intergenic	intergenic	7302	IGL
chr22_22602267	22602267	IGLV6-57	intergenic	intergenic	7067	IGL
chr22_22602548	22602548	IGLV6-57	intergenic	intergenic	6786	IGL
chr22_22602670	22602670	IGLV6-57	intergenic	intergenic	6664	IGL
chr22_22602736	22602736	IGLV6-57	intergenic	intergenic	6598	IGL
chr22_22602847	22602847	IGLV6-57	intergenic	intergenic	6487	IGL
chr22_22602903	22602903	IGLV6-57	intergenic	intergenic	6431	IGL
chr22_22603648	22603648	IGLV6-57	intergenic	intergenic	5686	IGL
chr22_22604149	22604149	IGLV6-57	intergenic	intergenic	5185	IGL
chr22_22604837	22604837	IGLV6-57	intergenic	intergenic	4497	IGL
chr22_22606165	22606165	IGLV6-57	intergenic	intergenic	3169	IGL
chr22_22606808	22606808	IGLV6-57	intergenic	intergenic	2526	IGL
chr22_22607030	22607030	IGLV6-57	intergenic	intergenic	2304	IGL
chr22_22607628	22607628	IGLV6-57	intergenic	intergenic	1706	IGL
chr22_22720537	22720537	IGLV5-52	intergenic	intergenic	11928	IGL
chr22_22523809	22523809	IGLV8-61	intergenic	intergenic	11012	IGL
chr22_22848151	22848151	IGLV5-37	intergenic	intergenic	2224	IGL
chr22_22720514	22720514	IGLV5-52	intergenic	intergenic	11951	IGL
chr22_22799655	22799655	IGLV1-44	intergenic	intergenic	4555	IGL
chr22_22674809	22674809	IGLV10-54	intergenic	intergenic	45966	IGL
chr22_22740766	22740766	IGLV1-50	intergenic	intergenic	271	IGL
chr22_22723029	22723029	IGLV5-52	intergenic	intergenic	9436	IGL
chr22_22725584	22725584	IGLV5-52	intergenic	intergenic	6881	IGL
chr22_22576621	22576621	IGLV4-60	intergenic	intergenic	366	IGL
chr22_22670221	22670221	IGLV10-54	intergenic	intergenic	41378	IGL
chr22_22670603	22670603	IGLV10-54	intergenic	intergenic	41760	IGL
chr22_22799222	22799222	IGLV1-44	intergenic	intergenic	4122	IGL
chr22_22524186	22524186	IGLV8-61	intergenic	intergenic	11389	IGL
chr22_23101905	23101905	IGLV3-25	intergenic	intergenic	7830	IGL
chr22_23079184	23079184	IGLV3-27	intergenic	intergenic	12120	IGL
chr22_23080024	23080024	IGLV3-27	intergenic	intergenic	11280	IGL
chr22_23080581	23080581	IGLV3-27	intergenic	intergenic	10723	IGL
chr22_22629425	22629425	IGLV10-54	intergenic	intergenic	582	IGL
chr22_22636365	22636365	IGLV10-54	intergenic	intergenic	7522	IGL
chr22_22636902	22636902	IGLV10-54	intergenic	intergenic	8059	IGL
chr22_22672314	22672314	IGLV10-54	intergenic	intergenic	43471	IGL
chr22_22672588	22672588	IGLV10-54	intergenic	intergenic	43745	IGL
chr22_22673081	22673081	IGLV10-54	intergenic	intergenic	44238	IGL
chr22_22701832	22701832	IGLV5-52	intergenic	intergenic	30633	IGL
chr22_23074778	23074778	IGLV3-27	intergenic	intergenic	16526	IGL
chr22_23080766	23080766	IGLV3-27	intergenic	intergenic	10538	IGL
chr22_23080829	23080829	IGLV3-27	intergenic	intergenic	10475	IGL
chr22_23081192	23081192	IGLV3-27	intergenic	intergenic	10112	IGL
chr22_23081232	23081232	IGLV3-27	intergenic	intergenic	10072	IGL
chr22_23081241	23081241	IGLV3-27	intergenic	intergenic	10063	IGL
chr22_22681765	22681765	IGLV5-52	intergenic	intergenic	50700	IGL
chr22_22682981	22682981	IGLV5-52	intergenic	intergenic	49484	IGL
chr22_22535745	22535745	IGLV8-61	intergenic	intergenic	22948	IGL
chr22_22799201	22799201	IGLV1-44	intergenic	intergenic	4101	IGL
chr22_22799204	22799204	IGLV1-44	intergenic	intergenic	4104	IGL
chr22_22799206	22799206	IGLV1-44	intergenic	intergenic	4106	IGL
chr22_22799213	22799213	IGLV1-44	intergenic	intergenic	4113	IGL
chr22_22799217	22799217	IGLV1-44	intergenic	intergenic	4117	IGL
chr22_22799223	22799223	IGLV1-44	intergenic	intergenic	4123	IGL
chr22_22725726	22725726	IGLV5-52	intergenic	intergenic	6739	IGL
chr22_22595641	22595641	IGLV6-57	intergenic	intergenic	13693	IGL
chr22_22596099	22596099	IGLV6-57	intergenic	intergenic	13235	IGL
chr22_22597288	22597288	IGLV6-57	intergenic	intergenic	12046	IGL
chr22_22597337	22597337	IGLV6-57	intergenic	intergenic	11997	IGL
chr22_22598709	22598709	IGLV6-57	intergenic	intergenic	10625	IGL
chr22_22579443	22579443	IGLV4-60	intergenic	intergenic	3188	IGL
chr22_23127228	23127228	IGLV3-22	intergenic	intergenic	7	IGL
chr22_22579208	22579208	IGLV4-60	intergenic	intergenic	2953	IGL
chr22_23133453	23133453	IGLV3-21	intergenic	intergenic	1206	IGL
chr22_22579689	22579689	IGLV4-60	intergenic	intergenic	3434	IGL
chr22_22542609	22542609	IGLV8-61	intergenic	intergenic	29812	IGL
chr22_23320009	23320009	IGLJ2	intergenic	intergenic	2479	IGL
chr22_23320050	23320050	IGLJ2	intergenic	intergenic	2438	IGL
chr22_23320273	23320273	IGLJ2	intergenic	intergenic	2215	IGL
chr22_23320308	23320308	IGLJ2	intergenic	intergenic	2180	IGL
chr22_22722447	22722447	IGLV5-52	intergenic	intergenic	10018	IGL
chr22_22722448	22722448	IGLV5-52	intergenic	intergenic	10017	IGL
chr22_22556027	22556027	IGLV4-60	intergenic	intergenic	19707	IGL
chr22_22714020	22714020	IGLV5-52	intergenic	intergenic	18445	IGL
chr22_22849095	22849095	IGLV5-37	intergenic	intergenic	1280	IGL
chr22_22811736	22811736	IGLV7-43	intergenic	intergenic	2493	IGL
chr22_22549080	22549080	IGLV4-60	intergenic	intergenic	26654	IGL
chr22_22549148	22549148	IGLV4-60	intergenic	intergenic	26586	IGL
chr22_22549483	22549483	IGLV4-60	intergenic	intergenic	26251	IGL
chr22_22549711	22549711	IGLV4-60	intergenic	intergenic	26023	IGL
chr22_22549822	22549822	IGLV4-60	intergenic	intergenic	25912	IGL
chr22_22550117	22550117	IGLV4-60	intergenic	intergenic	25617	IGL
chr22_22550803	22550803	IGLV4-60	intergenic	intergenic	24931	IGL
chr22_22550951	22550951	IGLV4-60	intergenic	intergenic	24783	IGL
chr22_22551092	22551092	IGLV4-60	intergenic	intergenic	24642	IGL
chr22_22551219	22551219	IGLV4-60	intergenic	intergenic	24515	IGL
chr22_22551226	22551226	IGLV4-60	intergenic	intergenic	24508	IGL
chr22_22551235	22551235	IGLV4-60	intergenic	intergenic	24499	IGL
chr22_22551388	22551388	IGLV4-60	intergenic	intergenic	24346	IGL
chr22_22551533	22551533	IGLV4-60	intergenic	intergenic	24201	IGL
chr22_22551635	22551635	IGLV4-60	intergenic	intergenic	24099	IGL
chr22_22551636	22551636	IGLV4-60	intergenic	intergenic	24098	IGL
chr22_22551879	22551879	IGLV4-60	intergenic	intergenic	23855	IGL
chr22_22552381	22552381	IGLV4-60	intergenic	intergenic	23353	IGL
chr22_22552598	22552598	IGLV4-60	intergenic	intergenic	23136	IGL
chr22_22553191	22553191	IGLV4-60	intergenic	intergenic	22543	IGL
chr22_22553685	22553685	IGLV4-60	intergenic	intergenic	22049	IGL
chr22_22555289	22555289	IGLV4-60	intergenic	intergenic	20445	IGL
chr22_22557517	22557517	IGLV4-60	intergenic	intergenic	18217	IGL
chr22_22559808	22559808	IGLV4-60	intergenic	intergenic	15926	IGL
chr22_23133396	23133396	IGLV3-21	intergenic	intergenic	1263	IGL
chr22_23133410	23133410	IGLV3-21	intergenic	intergenic	1249	IGL
chr22_22558452	22558452	IGLV4-60	intergenic	intergenic	17282	IGL
chr22_23129636	23129636	IGLV3-22	intergenic	intergenic	1808	IGL
chr22_22538931	22538931	IGLV8-61	intergenic	intergenic	26134	IGL
chr22_22542599	22542599	IGLV8-61	intergenic	intergenic	29802	IGL
chr22_22665414	22665414	IGLV10-54	intergenic	intergenic	36571	IGL
chr22_22782274	22782274	IGLV7-46	intergenic	intergenic	1052	IGL
chr22_22821733	22821733	IGLV5-39	intergenic	intergenic	4901	IGL
chr22_23077989	23077989	IGLV3-27	intergenic	intergenic	13315	IGL
chr22_23078088	23078088	IGLV3-27	intergenic	intergenic	13216	IGL
chr22_22720419	22720419	IGLV5-52	intergenic	intergenic	12046	IGL
chr22_22579866	22579866	IGLV4-60	intergenic	intergenic	3611	IGL
chr22_23358677	23358677	IGLJ6	intergenic	intergenic	1483	IGL
chr22_22541595	22541595	IGLV8-61	intergenic	intergenic	28798	IGL
chr22_22541779	22541779	IGLV8-61	intergenic	intergenic	28982	IGL
chr22_22541916	22541916	IGLV8-61	intergenic	intergenic	29119	IGL
chr22_22542056	22542056	IGLV8-61	intergenic	intergenic	29259	IGL
chr22_22542295	22542295	IGLV8-61	intergenic	intergenic	29498	IGL
chr22_22542402	22542402	IGLV8-61	intergenic	intergenic	29605	IGL
chr22_23144418	23144418	IGLV3-19	intergenic	intergenic	253	IGL
chr22_23149707	23149707	IGLV3-19	intergenic	intergenic	5542	IGL
chr22_22531657	22531657	IGLV8-61	intergenic	intergenic	18860	IGL
chr22_23360525	23360525	IGLJ7	intergenic	intergenic	101	IGL
chr22_23213351	23213351	IGLV2-11	intergenic	intergenic	2017	IGL
chr22_23128631	23128631	IGLV3-22	intergenic	intergenic	803	IGL
chr22_22822960	22822960	IGLV1-41	intergenic	intergenic	4108	IGL
chr22_23215106	23215106	IGLV2-11	intergenic	intergenic	262	IGL
chr22_22577479	22577479	IGLV4-60	intergenic	intergenic	1224	IGL
chr22_22577908	22577908	IGLV4-60	intergenic	intergenic	1653	IGL
chr22_23086411	23086411	IGLV3-27	intergenic	intergenic	4893	IGL
chr22_22626117	22626117	IGLV10-54	intergenic	intergenic	2222	IGL
chr22_22705978	22705978	IGLV5-52	intergenic	intergenic	26487	IGL
chr22_22708257	22708257	IGLV5-52	intergenic	intergenic	24208	IGL
chr22_23126824	23126824	IGLV3-22	intergenic	intergenic	411	IGL
chr22_22532584	22532584	IGLV8-61	intergenic	intergenic	19787	IGL
chr22_23360068	23360068	IGLJ7	intergenic	intergenic	290	IGL
chr22_22719602	22719602	IGLV5-52	intergenic	intergenic	12863	IGL
chr22_22930971	22930971	IGLV1-36	intergenic	intergenic	75630	IGL
chr22_22822550	22822550	IGLV1-41	intergenic	intergenic	4518	IGL
chr22_22832312	22832312	IGLV1-40	intergenic	intergenic	263	IGL
chr22_22630777	22630777	IGLV10-54	intergenic	intergenic	1934	IGL
chr22_22631019	22631019	IGLV10-54	intergenic	intergenic	2176	IGL
chr22_22631363	22631363	IGLV10-54	intergenic	intergenic	2520	IGL
chr22_22631976	22631976	IGLV10-54	intergenic	intergenic	3133	IGL
chr22_22631986	22631986	IGLV10-54	intergenic	intergenic	3143	IGL
chr22_22632068	22632068	IGLV10-54	intergenic	intergenic	3225	IGL
chr22_22632578	22632578	IGLV10-54	intergenic	intergenic	3735	IGL
chr22_22633001	22633001	IGLV10-54	intergenic	intergenic	4158	IGL
chr22_22633042	22633042	IGLV10-54	intergenic	intergenic	4199	IGL
chr22_22633269	22633269	IGLV10-54	intergenic	intergenic	4426	IGL
chr22_22627752	22627752	IGLV10-54	intergenic	intergenic	587	IGL
chr22_22848773	22848773	IGLV5-37	intergenic	intergenic	1602	IGL
chr22_22801893	22801893	IGLV1-44	intergenic	intergenic	6793	IGL
chr22_22804459	22804459	IGLV7-43	intergenic	intergenic	4273	IGL
chr22_22801358	22801358	IGLV1-44	intergenic	intergenic	6258	IGL
chr22_23176818	23176818	IGLV2-14	intergenic	intergenic	4854	IGL
chr22_23077420	23077420	IGLV3-27	intergenic	intergenic	13884	IGL
chr22_23133454	23133454	IGLV3-21	intergenic	intergenic	1205	IGL
chr22_23076931	23076931	IGLV3-27	intergenic	intergenic	14373	IGL
chr22_23358373	23358373	IGLJ6	intergenic	intergenic	1179	IGL
chr22_23133258	23133258	IGLV3-21	intergenic	intergenic	1401	IGL
chr22_22633622	22633622	IGLV10-54	intergenic	intergenic	4779	IGL
chr22_22680828	22680828	IGLV5-52	intergenic	intergenic	51637	IGL
chr22_22810781	22810781	IGLV7-43	intergenic	intergenic	1538	IGL
chr22_22705722	22705722	IGLV5-52	intergenic	intergenic	26743	IGL
chr22_22702970	22702970	IGLV5-52	intergenic	intergenic	29495	IGL
chr22_23158699	23158699	IGLV2-18	intergenic	intergenic	600	IGL
chr22_23158813	23158813	IGLV2-18	intergenic	intergenic	714	IGL
chr22_23160472	23160472	IGLV2-18	intergenic	intergenic	2373	IGL
chr22_22565576	22565576	IGLV4-60	intergenic	intergenic	10158	IGL
chr22_22566205	22566205	IGLV4-60	intergenic	intergenic	9529	IGL
chr22_22786557	22786557	IGLV7-46	intergenic	intergenic	2719	IGL
chr22_22788074	22788074	IGLV5-45	intergenic	intergenic	1624	IGL
chr22_22576278	22576278	IGLV4-60	intergenic	intergenic	23	IGL
chr22_22576304	22576304	IGLV4-60	intergenic	intergenic	49	IGL
chr22_22821506	22821506	IGLV5-39	intergenic	intergenic	4674	IGL
chr22_22822331	22822331	IGLV1-41	intergenic	intergenic	4737	IGL
chr22_22628901	22628901	IGLV10-54	intergenic	intergenic	58	IGL
chr22_22573936	22573936	IGLV4-60	intergenic	intergenic	1798	IGL
chr22_22574813	22574813	IGLV4-60	intergenic	intergenic	921	IGL
chr22_22575069	22575069	IGLV4-60	intergenic	intergenic	665	IGL
chr22_22627673	22627673	IGLV10-54	intergenic	intergenic	666	IGL
chr22_22627963	22627963	IGLV10-54	intergenic	intergenic	376	IGL
chr22_22629414	22629414	IGLV10-54	intergenic	intergenic	571	IGL
chr22_22698635	22698635	IGLV5-52	intergenic	intergenic	33830	IGL
chr22_22822722	22822722	IGLV1-41	intergenic	intergenic	4346	IGL
chr22_22822953	22822953	IGLV1-41	intergenic	intergenic	4115	IGL
chr22_22823021	22823021	IGLV1-41	intergenic	intergenic	4047	IGL
chr22_22634571	22634571	IGLV10-54	intergenic	intergenic	5728	IGL
chr22_22785280	22785280	IGLV7-46	intergenic	intergenic	1442	IGL
chr22_23232385	23232385	IGLV3-10	intergenic	intergenic	2239	IGL
chr22_23188489	23188489	IGLV3-12	intergenic	intergenic	6215	IGL
chr22_23189023	23189023	IGLV3-12	intergenic	intergenic	5681	IGL
chr22_22788774	22788774	IGLV5-45	intergenic	intergenic	924	IGL
chr22_22797662	22797662	IGLV1-44	intergenic	intergenic	2562	IGL
chr22_23069055	23069055	IGLV3-27	intergenic	intergenic	22249	IGL
chr22_23069261	23069261	IGLV3-27	intergenic	intergenic	22043	IGL
chr22_23071013	23071013	IGLV3-27	intergenic	intergenic	20291	IGL
chr22_23074079	23074079	IGLV3-27	intergenic	intergenic	17225	IGL
chr22_23075432	23075432	IGLV3-27	intergenic	intergenic	15872	IGL
chr22_23075930	23075930	IGLV3-27	intergenic	intergenic	15374	IGL
chr22_23077168	23077168	IGLV3-27	intergenic	intergenic	14136	IGL
chr22_23081443	23081443	IGLV3-27	intergenic	intergenic	9861	IGL
chr22_23083444	23083444	IGLV3-27	intergenic	intergenic	7860	IGL
chr22_22543391	22543391	IGLV8-61	intergenic	intergenic	30594	IGL
chr22_22842975	22842975	IGLV5-37	intergenic	intergenic	7400	IGL
chr22_22572722	22572722	IGLV4-60	intergenic	intergenic	3012	IGL
chr22_22573848	22573848	IGLV4-60	intergenic	intergenic	1886	IGL
chr22_22505709	22505709	IGLV8-61	intergenic	intergenic	6052	IGL
chr22_22571558	22571558	IGLV4-60	intergenic	intergenic	4176	IGL
chr22_22629801	22629801	IGLV10-54	intergenic	intergenic	958	IGL
chr22_22630846	22630846	IGLV10-54	intergenic	intergenic	2003	IGL
chr22_22631146	22631146	IGLV10-54	intergenic	intergenic	2303	IGL
chr22_22632373	22632373	IGLV10-54	intergenic	intergenic	3530	IGL
chr22_22632529	22632529	IGLV10-54	intergenic	intergenic	3686	IGL
chr22_22633137	22633137	IGLV10-54	intergenic	intergenic	4294	IGL
chr22_22633199	22633199	IGLV10-54	intergenic	intergenic	4356	IGL
chr22_22633412	22633412	IGLV10-54	intergenic	intergenic	4569	IGL
chr22_22634019	22634019	IGLV10-54	intergenic	intergenic	5176	IGL
chr22_22822140	22822140	IGLV1-41	intergenic	intergenic	4928	IGL
chr22_22623871	22623871	IGLV10-54	intergenic	intergenic	4468	IGL
chr22_22503710	22503710	IGLV8-61	intergenic	intergenic	8051	IGL
chr22_22568251	22568251	IGLV4-60	intergenic	intergenic	7483	IGL
chr22_22563641	22563641	IGLV4-60	intergenic	intergenic	12093	IGL
chr22_22693623	22693623	IGLV5-52	intergenic	intergenic	38842	IGL
chr22_22765555	22765555	IGLV5-48	intergenic	intergenic	1099	IGL
chr22_22766369	22766369	IGLV5-48	intergenic	intergenic	285	IGL
chr22_22766373	22766373	IGLV5-48	intergenic	intergenic	281	IGL
chr22_22766397	22766397	IGLV5-48	intergenic	intergenic	257	IGL
chr22_22766428	22766428	IGLV5-48	intergenic	intergenic	226	IGL
chr22_22766454	22766454	IGLV5-48	intergenic	intergenic	200	IGL
chr22_22766463	22766463	IGLV5-48	intergenic	intergenic	191	IGL
chr22_22766471	22766471	IGLV5-48	intergenic	intergenic	183	IGL
chr22_22766472	22766472	IGLV5-48	intergenic	intergenic	182	IGL
chr22_22766489	22766489	IGLV5-48	intergenic	intergenic	165	IGL
chr22_22766501	22766501	IGLV5-48	intergenic	intergenic	153	IGL
chr22_22766506	22766506	IGLV5-48	intergenic	intergenic	148	IGL
chr22_22766543	22766543	IGLV5-48	intergenic	intergenic	111	IGL
chr22_22767354	22767354	IGLV5-48	intergenic	intergenic	169	IGL
chr22_22767462	22767462	IGLV5-48	intergenic	intergenic	277	IGL
chr22_22767630	22767630	IGLV5-48	intergenic	intergenic	445	IGL
chr22_22767653	22767653	IGLV5-48	intergenic	intergenic	468	IGL
chr22_22767680	22767680	IGLV5-48	intergenic	intergenic	495	IGL
chr22_22789547	22789547	IGLV5-45	intergenic	intergenic	151	IGL
chr22_23084847	23084847	IGLV3-27	intergenic	intergenic	6457	IGL
chr22_22545947	22545947	IGLV4-60	intergenic	intergenic	29787	IGL
chr22_23170943	23170943	IGLV3-16	intergenic	intergenic	21	IGL
chr22_23170950	23170950	IGLV3-16	intergenic	intergenic	28	IGL
chr22_23171014	23171014	IGLV3-16	intergenic	intergenic	92	IGL
chr22_23171060	23171060	IGLV3-16	intergenic	intergenic	138	IGL
chr22_23171144	23171144	IGLV3-16	intergenic	intergenic	222	IGL
chr22_23171166	23171166	IGLV3-16	intergenic	intergenic	244	IGL
chr22_23171392	23171392	IGLV3-16	intergenic	intergenic	470	IGL
chr22_23171720	23171720	IGLV3-16	intergenic	intergenic	798	IGL
chr22_23172138	23172138	IGLV3-16	intergenic	intergenic	1216	IGL
chr22_23172141	23172141	IGLV3-16	intergenic	intergenic	1219	IGL
chr22_23172668	23172668	IGLV3-16	intergenic	intergenic	1746	IGL
chr22_23172812	23172812	IGLV3-16	intergenic	intergenic	1890	IGL
chr22_23172902	23172902	IGLV3-16	intergenic	intergenic	1980	IGL
chr22_23173686	23173686	IGLV3-16	intergenic	intergenic	2764	IGL
chr22_23177207	23177207	IGLV2-14	intergenic	intergenic	4465	IGL
chr22_23172618	23172618	IGLV3-16	intergenic	intergenic	1696	IGL
chr22_23177553	23177553	IGLV2-14	intergenic	intergenic	4119	IGL
chr22_23180113	23180113	IGLV2-14	intergenic	intergenic	1559	IGL
chr22_22543490	22543490	IGLV8-61	intergenic	intergenic	30693	IGL
chr22_23376178	23376178	IGLJ7	intergenic	intergenic	15754	IGL
chr22_23161867	23161867	IGLV2-18	intergenic	intergenic	3768	IGL
chr22_23161874	23161874	IGLV2-18	intergenic	intergenic	3775	IGL
chr22_22545247	22545247	IGLV4-60	intergenic	intergenic	30487	IGL
chr22_22549351	22549351	IGLV4-60	intergenic	intergenic	26383	IGL
chr22_22552688	22552688	IGLV4-60	intergenic	intergenic	23046	IGL
chr22_22554624	22554624	IGLV4-60	intergenic	intergenic	21110	IGL
chr22_22556541	22556541	IGLV4-60	intergenic	intergenic	19193	IGL
chr22_22557049	22557049	IGLV4-60	intergenic	intergenic	18685	IGL
chr22_22559244	22559244	IGLV4-60	intergenic	intergenic	16490	IGL
chr22_22562781	22562781	IGLV4-60	intergenic	intergenic	12953	IGL
chr22_22563429	22563429	IGLV4-60	intergenic	intergenic	12305	IGL
chr22_22564577	22564577	IGLV4-60	intergenic	intergenic	11157	IGL
chr22_22564736	22564736	IGLV4-60	intergenic	intergenic	10998	IGL
chr22_22761755	22761755	IGLV9-49	intergenic	intergenic	4265	IGL
chr22_23180749	23180749	IGLV2-14	intergenic	intergenic	923	IGL
chr22_23180827	23180827	IGLV2-14	intergenic	intergenic	845	IGL
chr22_23180860	23180860	IGLV2-14	intergenic	intergenic	812	IGL
chr22_23180869	23180869	IGLV2-14	intergenic	intergenic	803	IGL
chr22_23180894	23180894	IGLV2-14	intergenic	intergenic	778	IGL
chr22_23180926	23180926	IGLV2-14	intergenic	intergenic	746	IGL
chr22_23180930	23180930	IGLV2-14	intergenic	intergenic	742	IGL
chr22_23180931	23180931	IGLV2-14	intergenic	intergenic	741	IGL
chr22_23180932	23180932	IGLV2-14	intergenic	intergenic	740	IGL
chr22_23180935	23180935	IGLV2-14	intergenic	intergenic	737	IGL
chr22_23180961	23180961	IGLV2-14	intergenic	intergenic	711	IGL
chr22_23181050	23181050	IGLV2-14	intergenic	intergenic	622	IGL
chr22_23181199	23181199	IGLV2-14	intergenic	intergenic	473	IGL
chr22_23181243	23181243	IGLV2-14	intergenic	intergenic	429	IGL
chr22_23181284	23181284	IGLV2-14	intergenic	intergenic	388	IGL
chr22_23181314	23181314	IGLV2-14	intergenic	intergenic	358	IGL
chr22_23181539	23181539	IGLV2-14	intergenic	intergenic	133	IGL
chr22_23181616	23181616	IGLV2-14	intergenic	intergenic	56	IGL
chr22_22658184	22658184	IGLV10-54	intergenic	intergenic	29341	IGL
chr22_22548457	22548457	IGLV4-60	intergenic	intergenic	27277	IGL
chr22_22823542	22823542	IGLV1-41	intergenic	intergenic	3526	IGL
chr22_22548872	22548872	IGLV4-60	intergenic	intergenic	26862	IGL
chr22_22704642	22704642	IGLV5-52	intergenic	intergenic	27823	IGL
chr22_23074855	23074855	IGLV3-27	intergenic	intergenic	16449	IGL
chr22_22544263	22544263	IGLV8-61	intergenic	intergenic	31466	IGL
chr22_22544269	22544269	IGLV4-60	intergenic	intergenic	31465	IGL
chr22_22544343	22544343	IGLV4-60	intergenic	intergenic	31391	IGL
chr22_22544370	22544370	IGLV4-60	intergenic	intergenic	31364	IGL
chr22_22547166	22547166	IGLV4-60	intergenic	intergenic	28568	IGL
chr22_23070170	23070170	IGLV3-27	intergenic	intergenic	21134	IGL
chr22_23071874	23071874	IGLV3-27	intergenic	intergenic	19430	IGL
chr22_23074994	23074994	IGLV3-27	intergenic	intergenic	16310	IGL
chr22_23078524	23078524	IGLV3-27	intergenic	intergenic	12780	IGL
chr22_22789661	22789661	IGLV5-45	intergenic	intergenic	37	IGL
chr22_22789662	22789662	IGLV5-45	intergenic	intergenic	36	IGL
chr22_22791815	22791815	IGLV5-45	intergenic	intergenic	1558	IGL
chr22_22793503	22793503	IGLV1-44	intergenic	intergenic	976	IGL
chr22_22795134	22795134	IGLV1-44	intergenic	intergenic	34	IGL
chr22_23174687	23174687	IGLV3-16	intergenic	intergenic	3765	IGL
chr22_23116016	23116016	IGLV2-23	intergenic	intergenic	4742	IGL
chr22_22788480	22788480	IGLV5-45	intergenic	intergenic	1218	IGL
chr22_22654363	22654363	IGLV10-54	intergenic	intergenic	25520	IGL
chr22_22821509	22821509	IGLV5-39	intergenic	intergenic	4677	IGL
chr22_23180622	23180622	IGLV2-14	intergenic	intergenic	1050	IGL
chr22_23180708	23180708	IGLV2-14	intergenic	intergenic	964	IGL
chr22_23180710	23180710	IGLV2-14	intergenic	intergenic	962	IGL
chr22_23180713	23180713	IGLV2-14	intergenic	intergenic	959	IGL
chr22_23180714	23180714	IGLV2-14	intergenic	intergenic	958	IGL
chr22_23180715	23180715	IGLV2-14	intergenic	intergenic	957	IGL
chr22_23180718	23180718	IGLV2-14	intergenic	intergenic	954	IGL
chr22_23180726	23180726	IGLV2-14	intergenic	intergenic	946	IGL
chr22_23180727	23180727	IGLV2-14	intergenic	intergenic	945	IGL
chr22_23180741	23180741	IGLV2-14	intergenic	intergenic	931	IGL
chr22_23180742	23180742	IGLV2-14	intergenic	intergenic	930	IGL
chr22_23180743	23180743	IGLV2-14	intergenic	intergenic	929	IGL
chr22_23180746	23180746	IGLV2-14	intergenic	intergenic	926	IGL
chr22_22544480	22544480	IGLV4-60	intergenic	intergenic	31254	IGL
chr22_22544579	22544579	IGLV4-60	intergenic	intergenic	31155	IGL
chr22_22544601	22544601	IGLV4-60	intergenic	intergenic	31133	IGL
chr22_22544813	22544813	IGLV4-60	intergenic	intergenic	30921	IGL
chr22_22544819	22544819	IGLV4-60	intergenic	intergenic	30915	IGL
chr22_22544915	22544915	IGLV4-60	intergenic	intergenic	30819	IGL
chr22_22544966	22544966	IGLV4-60	intergenic	intergenic	30768	IGL
chr22_22545068	22545068	IGLV4-60	intergenic	intergenic	30666	IGL
chr22_22545125	22545125	IGLV4-60	intergenic	intergenic	30609	IGL
chr22_22545133	22545133	IGLV4-60	intergenic	intergenic	30601	IGL
chr22_22545151	22545151	IGLV4-60	intergenic	intergenic	30583	IGL
chr22_22545159	22545159	IGLV4-60	intergenic	intergenic	30575	IGL
chr22_22545171	22545171	IGLV4-60	intergenic	intergenic	30563	IGL
chr22_22545180	22545180	IGLV4-60	intergenic	intergenic	30554	IGL
chr22_22545526	22545526	IGLV4-60	intergenic	intergenic	30208	IGL
chr22_22545538	22545538	IGLV4-60	intergenic	intergenic	30196	IGL
chr22_22545929	22545929	IGLV4-60	intergenic	intergenic	29805	IGL
chr22_22546073	22546073	IGLV4-60	intergenic	intergenic	29661	IGL
chr22_22546168	22546168	IGLV4-60	intergenic	intergenic	29566	IGL
chr22_22546395	22546395	IGLV4-60	intergenic	intergenic	29339	IGL
chr22_22546484	22546484	IGLV4-60	intergenic	intergenic	29250	IGL
chr22_22546531	22546531	IGLV4-60	intergenic	intergenic	29203	IGL
chr22_22546556	22546556	IGLV4-60	intergenic	intergenic	29178	IGL
chr22_22547187	22547187	IGLV4-60	intergenic	intergenic	28547	IGL
chr22_22547302	22547302	IGLV4-60	intergenic	intergenic	28432	IGL
chr22_22547410	22547410	IGLV4-60	intergenic	intergenic	28324	IGL
chr22_22547526	22547526	IGLV4-60	intergenic	intergenic	28208	IGL
chr22_22547768	22547768	IGLV4-60	intergenic	intergenic	27966	IGL
chr22_22547902	22547902	IGLV4-60	intergenic	intergenic	27832	IGL
chr22_22548312	22548312	IGLV4-60	intergenic	intergenic	27422	IGL
chr22_22548415	22548415	IGLV4-60	intergenic	intergenic	27319	IGL
chr22_23162509	23162509	IGLV2-18	intergenic	intergenic	4410	IGL
chr22_23162691	23162691	IGLV2-18	intergenic	intergenic	4592	IGL
chr22_23162692	23162692	IGLV2-18	intergenic	intergenic	4593	IGL
chr22_23162725	23162725	IGLV2-18	intergenic	intergenic	4626	IGL
chr22_23162874	23162874	IGLV2-18	intergenic	intergenic	4775	IGL
chr22_23162978	23162978	IGLV2-18	intergenic	intergenic	4879	IGL
chr22_23163106	23163106	IGLV2-18	intergenic	intergenic	5007	IGL
chr22_23163144	23163144	IGLV2-18	intergenic	intergenic	5045	IGL
chr22_23163173	23163173	IGLV2-18	intergenic	intergenic	5074	IGL
chr22_23163283	23163283	IGLV2-18	intergenic	intergenic	5184	IGL
chr22_23163553	23163553	IGLV2-18	intergenic	intergenic	5454	IGL
chr22_23163558	23163558	IGLV2-18	intergenic	intergenic	5459	IGL
chr22_23163774	23163774	IGLV2-18	intergenic	intergenic	5675	IGL
chr22_23163992	23163992	IGLV2-18	intergenic	intergenic	5893	IGL
chr22_23164037	23164037	IGLV2-18	intergenic	intergenic	5938	IGL
chr22_23164112	23164112	IGLV2-18	intergenic	intergenic	6013	IGL
chr22_23164208	23164208	IGLV2-18	intergenic	intergenic	6109	IGL
chr22_23164341	23164341	IGLV3-16	intergenic	intergenic	6005	IGL
chr22_23164417	23164417	IGLV3-16	intergenic	intergenic	5929	IGL
chr22_23164748	23164748	IGLV3-16	intergenic	intergenic	5598	IGL
chr22_23165101	23165101	IGLV3-16	intergenic	intergenic	5245	IGL
chr22_23165360	23165360	IGLV3-16	intergenic	intergenic	4986	IGL
chr22_23165362	23165362	IGLV3-16	intergenic	intergenic	4984	IGL
chr22_23165368	23165368	IGLV3-16	intergenic	intergenic	4978	IGL
chr22_23165442	23165442	IGLV3-16	intergenic	intergenic	4904	IGL
chr22_23165664	23165664	IGLV3-16	intergenic	intergenic	4682	IGL
chr22_23167477	23167477	IGLV3-16	intergenic	intergenic	2869	IGL
chr22_23169155	23169155	IGLV3-16	intergenic	intergenic	1191	IGL
chr22_23170013	23170013	IGLV3-16	intergenic	intergenic	333	IGL
chr22_23170303	23170303	IGLV3-16	intergenic	intergenic	43	IGL
chr22_23170342	23170342	IGLV3-16	intergenic	intergenic	4	IGL
chr22_23180001	23180001	IGLV2-14	intergenic	intergenic	1671	IGL
chr22_23180510	23180510	IGLV2-14	intergenic	intergenic	1162	IGL
chr22_22768163	22768163	IGLV5-48	intergenic	intergenic	978	IGL
chr22_22529001	22529001	IGLV8-61	intergenic	intergenic	16204	IGL
chr22_22529002	22529002	IGLV8-61	intergenic	intergenic	16205	IGL
chr22_23117674	23117674	IGLV2-23	intergenic	intergenic	3084	IGL
chr22_22627254	22627254	IGLV10-54	intergenic	intergenic	1085	IGL
chr22_23112079	23112079	IGLV3-25	intergenic	intergenic	1749	IGL
chr22_22548703	22548703	IGLV4-60	intergenic	intergenic	27031	IGL
chr22_22808461	22808461	IGLV7-43	intergenic	intergenic	271	IGL
chr22_23353101	23353101	IGLJ5	intergenic	intergenic	135	IGL
chr22_23144544	23144544	IGLV3-19	intergenic	intergenic	379	IGL
chr22_23162570	23162570	IGLV2-18	intergenic	intergenic	4471	IGL
chr22_23081416	23081416	IGLV3-27	intergenic	intergenic	9888	IGL
chr22_23076403	23076403	IGLV3-27	intergenic	intergenic	14901	IGL
chr22_23112125	23112125	IGLV3-25	intergenic	intergenic	1795	IGL
chr22_23113505	23113505	IGLV3-25	intergenic	intergenic	3175	IGL
chr22_23115498	23115498	IGLV3-25	intergenic	intergenic	5168	IGL
chr22_23115718	23115718	IGLV2-23	intergenic	intergenic	5040	IGL
chr22_23115842	23115842	IGLV2-23	intergenic	intergenic	4916	IGL
chr22_23116520	23116520	IGLV2-23	intergenic	intergenic	4238	IGL
chr22_23117278	23117278	IGLV2-23	intergenic	intergenic	3480	IGL
chr22_23379793	23379793	IGLJ7	intergenic	intergenic	19369	IGL
chr22_23184301	23184301	IGLV2-14	intergenic	intergenic	2078	IGL
chr22_23231190	23231190	IGLV3-10	intergenic	intergenic	3434	IGL
chr22_22590975	22590975	IGLV4-60	intergenic	intergenic	14720	IGL
chr22_22591346	22591346	IGLV4-60	intergenic	intergenic	15091	IGL
chr22_22591616	22591616	IGLV4-60	intergenic	intergenic	15361	IGL
chr22_22591782	22591782	IGLV4-60	intergenic	intergenic	15527	IGL
chr22_22592370	22592370	IGLV4-60	intergenic	intergenic	16115	IGL
chr22_22592491	22592491	IGLV4-60	intergenic	intergenic	16236	IGL
chr22_22592564	22592564	IGLV4-60	intergenic	intergenic	16309	IGL
chr22_22593181	22593181	IGLV6-57	intergenic	intergenic	16153	IGL
chr22_22593182	22593182	IGLV6-57	intergenic	intergenic	16152	IGL
chr22_22593669	22593669	IGLV6-57	intergenic	intergenic	15665	IGL
chr22_22593829	22593829	IGLV6-57	intergenic	intergenic	15505	IGL
chr22_23090996	23090996	IGLV3-27	intergenic	intergenic	308	IGL
chr22_22540734	22540734	IGLV8-61	intergenic	intergenic	27937	IGL
chr22_22541612	22541612	IGLV8-61	intergenic	intergenic	28815	IGL
chr22_23362935	23362935	IGLJ7	intergenic	intergenic	2511	IGL
chr22_22795392	22795392	IGLV1-44	intergenic	intergenic	292	IGL
chr22_22797133	22797133	IGLV1-44	intergenic	intergenic	2033	IGL
chr22_23185287	23185287	IGLV2-14	intergenic	intergenic	3064	IGL
chr22_22595431	22595431	IGLV6-57	intergenic	intergenic	13903	IGL
chr22_22537919	22537919	IGLV8-61	intergenic	intergenic	25122	IGL
chr22_22801684	22801684	IGLV1-44	intergenic	intergenic	6584	IGL
chr22_22804872	22804872	IGLV7-43	intergenic	intergenic	3860	IGL
chr22_22807875	22807875	IGLV7-43	intergenic	intergenic	857	IGL
chr22_22808102	22808102	IGLV7-43	intergenic	intergenic	630	IGL
chr22_22624652	22624652	IGLV10-54	intergenic	intergenic	3687	IGL
chr22_22788813	22788813	IGLV5-45	intergenic	intergenic	885	IGL
chr22_23355123	23355123	IGLJ5	intergenic	intergenic	1821	IGL
chr22_23355817	23355817	IGLJ6	intergenic	intergenic	1311	IGL
chr22_22627090	22627090	IGLV10-54	intergenic	intergenic	1249	IGL
chr22_22627156	22627156	IGLV10-54	intergenic	intergenic	1183	IGL
chr22_23170236	23170236	IGLV3-16	intergenic	intergenic	110	IGL
chr22_23175034	23175034	IGLV3-16	intergenic	intergenic	4112	IGL
chr22_23176009	23176009	IGLV3-16	intergenic	intergenic	5087	IGL
chr22_23180331	23180331	IGLV2-14	intergenic	intergenic	1341	IGL
chr22_22677635	22677635	IGLV10-54	intergenic	intergenic	48792	IGL
chr22_22720519	22720519	IGLV5-52	intergenic	intergenic	11946	IGL
chr22_22527821	22527821	IGLV8-61	intergenic	intergenic	15024	IGL
chr22_22630754	22630754	IGLV10-54	intergenic	intergenic	1911	IGL
chr22_22786016	22786016	IGLV7-46	intergenic	intergenic	2178	IGL
chr22_22759467	22759467	IGLV9-49	intergenic	intergenic	1977	IGL
chr22_23356324	23356324	IGLJ6	intergenic	intergenic	804	IGL
chr22_22799537	22799537	IGLV1-44	intergenic	intergenic	4437	IGL
chr22_23358640	23358640	IGLJ6	intergenic	intergenic	1446	IGL
chr22_22802911	22802911	IGLV7-43	intergenic	intergenic	5821	IGL
chr22_22803749	22803749	IGLV7-43	intergenic	intergenic	4983	IGL
chr22_23366236	23366236	IGLJ7	intergenic	intergenic	5812	IGL
chr22_22634662	22634662	IGLV10-54	intergenic	intergenic	5819	IGL
chr22_23158902	23158902	IGLV2-18	intergenic	intergenic	803	IGL
chr22_23096048	23096048	IGLV3-27	intergenic	intergenic	4184	IGL
chr22_23112267	23112267	IGLV3-25	intergenic	intergenic	1937	IGL
chr22_23114816	23114816	IGLV3-25	intergenic	intergenic	4486	IGL
chr22_23181256	23181256	IGLV2-14	intergenic	intergenic	416	IGL
chr22_22574692	22574692	IGLV4-60	intergenic	intergenic	1042	IGL
chr22_23364869	23364869	IGLJ7	intergenic	intergenic	4445	IGL
chr22_22590719	22590719	IGLV4-60	intergenic	intergenic	14464	IGL
chr22_22788517	22788517	IGLV5-45	intergenic	intergenic	1181	IGL
chr22_22788529	22788529	IGLV5-45	intergenic	intergenic	1169	IGL
chr22_23355054	23355054	IGLJ5	intergenic	intergenic	1752	IGL
chr22_22536532	22536532	IGLV8-61	intergenic	intergenic	23735	IGL
chr22_22540468	22540468	IGLV8-61	intergenic	intergenic	27671	IGL
chr22_22586706	22586706	IGLV4-60	intergenic	intergenic	10451	IGL
chr22_22539877	22539877	IGLV8-61	intergenic	intergenic	27080	IGL
chr22_22537558	22537558	IGLV8-61	intergenic	intergenic	24761	IGL
chr22_23163178	23163178	IGLV2-18	intergenic	intergenic	5079	IGL
chr22_23235267	23235267	IGLV3-10	intergenic	intergenic	69	IGL
chr22_22792678	22792678	IGLV1-44	intergenic	intergenic	1801	IGL
chr22_22792746	22792746	IGLV1-44	intergenic	intergenic	1733	IGL
chr22_23158837	23158837	IGLV2-18	intergenic	intergenic	738	IGL
chr22_22629964	22629964	IGLV10-54	intergenic	intergenic	1121	IGL
chr22_22630599	22630599	IGLV10-54	intergenic	intergenic	1756	IGL
chr22_22626904	22626904	IGLV10-54	intergenic	intergenic	1435	IGL
chr22_22658801	22658801	IGLV10-54	intergenic	intergenic	29958	IGL
chr22_22658832	22658832	IGLV10-54	intergenic	intergenic	29989	IGL
chr22_22659215	22659215	IGLV10-54	intergenic	intergenic	30372	IGL
chr22_22659328	22659328	IGLV10-54	intergenic	intergenic	30485	IGL
chr22_22659337	22659337	IGLV10-54	intergenic	intergenic	30494	IGL
chr22_22659768	22659768	IGLV10-54	intergenic	intergenic	30925	IGL
chr22_22768353	22768353	IGLV5-48	intergenic	intergenic	1168	IGL
chr22_22768377	22768377	IGLV5-48	intergenic	intergenic	1192	IGL
chr22_22768465	22768465	IGLV5-48	intergenic	intergenic	1280	IGL
chr22_23083486	23083486	IGLV3-27	intergenic	intergenic	7818	IGL
chr22_23218339	23218339	IGLV2-11	intergenic	intergenic	2419	IGL
chr22_22627816	22627816	IGLV10-54	intergenic	intergenic	523	IGL
chr22_22805982	22805982	IGLV7-43	intergenic	intergenic	2750	IGL
chr22_22807435	22807435	IGLV7-43	intergenic	intergenic	1297	IGL
chr22_22776754	22776754	IGLV1-47	intergenic	intergenic	4736	IGL
chr22_22668837	22668837	IGLV10-54	intergenic	intergenic	39994	IGL
chr22_22625704	22625704	IGLV10-54	intergenic	intergenic	2635	IGL
chr22_22800738	22800738	IGLV1-44	intergenic	intergenic	5638	IGL
chr22_22622171	22622171	IGLV10-54	intergenic	intergenic	6168	IGL
chr22_22800202	22800202	IGLV1-44	intergenic	intergenic	5102	IGL
chr22_22802603	22802603	IGLV7-43	intergenic	intergenic	6129	IGL
chr22_22805134	22805134	IGLV7-43	intergenic	intergenic	3598	IGL
chr22_22805319	22805319	IGLV7-43	intergenic	intergenic	3413	IGL
chr22_22805802	22805802	IGLV7-43	intergenic	intergenic	2930	IGL
chr22_22806809	22806809	IGLV7-43	intergenic	intergenic	1923	IGL
chr22_22807054	22807054	IGLV7-43	intergenic	intergenic	1678	IGL
chr22_22807577	22807577	IGLV7-43	intergenic	intergenic	1155	IGL
chr22_22586978	22586978	IGLV4-60	intergenic	intergenic	10723	IGL
chr22_22877023	22877023	IGLV1-36	intergenic	intergenic	21682	IGL
chr22_22877121	22877121	IGLV1-36	intergenic	intergenic	21780	IGL
chr22_23312263	23312263	IGLJ1	intergenic	intergenic	4398	IGL
chr22_22608874	22608874	IGLV6-57	intergenic	intergenic	460	IGL
chr22_22542866	22542866	IGLV8-61	intergenic	intergenic	30069	IGL
chr22_23353082	23353082	IGLJ5	intergenic	intergenic	154	IGL
chr22_23181643	23181643	IGLV2-14	intergenic	intergenic	29	IGL
chr22_22810479	22810479	IGLV7-43	intergenic	intergenic	1236	IGL
chr22_22793904	22793904	IGLV1-44	intergenic	intergenic	575	IGL
chr22_22530788	22530788	IGLV8-61	intergenic	intergenic	17991	IGL
chr22_22791017	22791017	IGLV5-45	intergenic	intergenic	760	IGL
chr22_22791102	22791102	IGLV5-45	intergenic	intergenic	845	IGL
chr22_22791434	22791434	IGLV5-45	intergenic	intergenic	1177	IGL
chr22_22791509	22791509	IGLV5-45	intergenic	intergenic	1252	IGL
chr22_22791517	22791517	IGLV5-45	intergenic	intergenic	1260	IGL
chr22_22791520	22791520	IGLV5-45	intergenic	intergenic	1263	IGL
chr22_22791557	22791557	IGLV5-45	intergenic	intergenic	1300	IGL
chr22_22791774	22791774	IGLV5-45	intergenic	intergenic	1517	IGL
chr22_22792491	22792491	IGLV1-44	intergenic	intergenic	1988	IGL
chr22_22794193	22794193	IGLV1-44	intergenic	intergenic	286	IGL
chr22_22876997	22876997	IGLV1-36	intergenic	intergenic	21656	IGL
chr22_22543054	22543054	IGLV8-61	intergenic	intergenic	30257	IGL
chr22_23175621	23175621	IGLV3-16	intergenic	intergenic	4699	IGL
chr22_23175631	23175631	IGLV3-16	intergenic	intergenic	4709	IGL
chr22_23181205	23181205	IGLV2-14	intergenic	intergenic	467	IGL
chr22_23181587	23181587	IGLV2-14	intergenic	intergenic	85	IGL
chr22_22638152	22638152	IGLV10-54	intergenic	intergenic	9309	IGL
chr22_22767773	22767773	IGLV5-48	intergenic	intergenic	588	IGL
chr22_22634390	22634390	IGLV10-54	intergenic	intergenic	5547	IGL
chr22_23216610	23216610	IGLV2-11	intergenic	intergenic	690	IGL
chr22_22542710	22542710	IGLV8-61	intergenic	intergenic	29913	IGL
chr22_22542772	22542772	IGLV8-61	intergenic	intergenic	29975	IGL
chr22_22542773	22542773	IGLV8-61	intergenic	intergenic	29976	IGL
chr22_22656202	22656202	IGLV10-54	intergenic	intergenic	27359	IGL
chr22_22656534	22656534	IGLV10-54	intergenic	intergenic	27691	IGL
chr22_22595989	22595989	IGLV6-57	intergenic	intergenic	13345	IGL
chr22_22596792	22596792	IGLV6-57	intergenic	intergenic	12542	IGL
chr22_22598059	22598059	IGLV6-57	intergenic	intergenic	11275	IGL
chr22_22602054	22602054	IGLV6-57	intergenic	intergenic	7280	IGL
chr22_22606672	22606672	IGLV6-57	intergenic	intergenic	2662	IGL
chr22_23139107	23139107	IGLV3-21	intergenic	intergenic	2898	IGL
chr22_23139144	23139144	IGLV3-21	intergenic	intergenic	2935	IGL
chr22_23143376	23143376	IGLV3-19	intergenic	intergenic	217	IGL
chr22_23145805	23145805	IGLV3-19	intergenic	intergenic	1640	IGL
chr22_22647553	22647553	IGLV10-54	intergenic	intergenic	18710	IGL
chr22_22795636	22795636	IGLV1-44	intergenic	intergenic	536	IGL
chr22_22797481	22797481	IGLV1-44	intergenic	intergenic	2381	IGL
chr22_22789646	22789646	IGLV5-45	intergenic	intergenic	52	IGL
chr22_22602904	22602904	IGLV6-57	intergenic	intergenic	6430	IGL
chr22_22595947	22595947	IGLV6-57	intergenic	intergenic	13387	IGL
chr22_22534088	22534088	IGLV8-61	intergenic	intergenic	21291	IGL
chr22_22751584	22751584	IGLV9-49	intergenic	intergenic	5319	IGL
chr22_23160929	23160929	IGLV2-18	intergenic	intergenic	2830	IGL
chr22_22768528	22768528	IGLV5-48	intergenic	intergenic	1343	IGL
chr22_22671894	22671894	IGLV10-54	intergenic	intergenic	43051	IGL
chr22_23235763	23235763	IGLV3-10	intergenic	intergenic	565	IGL
chr22_23237866	23237866	IGLV3-10	intergenic	intergenic	2668	IGL
chr22_23238267	23238267	IGLV3-10	intergenic	intergenic	3069	IGL
chr22_23067789	23067789	IGLV3-27	intergenic	intergenic	23515	IGL
chr22_23357987	23357987	IGLJ6	intergenic	intergenic	793	IGL
chr22_22588649	22588649	IGLV4-60	intergenic	intergenic	12394	IGL
chr22_22588871	22588871	IGLV4-60	intergenic	intergenic	12616	IGL
chr22_22589310	22589310	IGLV4-60	intergenic	intergenic	13055	IGL
chr22_22590170	22590170	IGLV4-60	intergenic	intergenic	13915	IGL
chr22_22590207	22590207	IGLV4-60	intergenic	intergenic	13952	IGL
chr22_22592766	22592766	IGLV4-60	intergenic	intergenic	16511	IGL
chr22_22593506	22593506	IGLV6-57	intergenic	intergenic	15828	IGL
chr22_22594280	22594280	IGLV6-57	intergenic	intergenic	15054	IGL
chr22_22594287	22594287	IGLV6-57	intergenic	intergenic	15047	IGL
chr22_22778945	22778945	IGLV7-46	intergenic	intergenic	4381	IGL
chr22_23277898	23277898	IGLV4-3	intergenic	intergenic	16483	IGL
chr22_23277907	23277907	IGLV4-3	intergenic	intergenic	16474	IGL
chr22_23158173	23158173	IGLV2-18	intergenic	intergenic	74	IGL
chr22_22702591	22702591	IGLV5-52	intergenic	intergenic	29874	IGL
chr22_23358983	23358983	IGLJ7	intergenic	intergenic	1375	IGL
chr22_23145996	23145996	IGLV3-19	intergenic	intergenic	1831	IGL
chr22_22433619	22433619	IGLV4-69	intergenic	intergenic	10867	IGL
chr22_22593691	22593691	IGLV6-57	intergenic	intergenic	15643	IGL
chr22_23131008	23131008	IGLV3-22	intergenic	intergenic	3180	IGL
chr22_23221331	23221331	IGLV2-11	intergenic	intergenic	5411	IGL
chr22_22784928	22784928	IGLV7-46	intergenic	intergenic	1090	IGL
chr22_22656729	22656729	IGLV10-54	intergenic	intergenic	27886	IGL
chr22_22946861	22946861	IGLV2-33	intergenic	intergenic	64084	IGL
chr22_22661323	22661323	IGLV10-54	intergenic	intergenic	32480	IGL
chr22_22664040	22664040	IGLV10-54	intergenic	intergenic	35197	IGL
chr22_22664734	22664734	IGLV10-54	intergenic	intergenic	35891	IGL
chr22_22666527	22666527	IGLV10-54	intergenic	intergenic	37684	IGL
chr22_22669135	22669135	IGLV10-54	intergenic	intergenic	40292	IGL
chr22_22670951	22670951	IGLV10-54	intergenic	intergenic	42108	IGL
chr22_22671144	22671144	IGLV10-54	intergenic	intergenic	42301	IGL
chr22_22780273	22780273	IGLV7-46	intergenic	intergenic	3053	IGL
chr22_22780327	22780327	IGLV7-46	intergenic	intergenic	2999	IGL
chr22_22780328	22780328	IGLV7-46	intergenic	intergenic	2998	IGL
chr22_22780367	22780367	IGLV7-46	intergenic	intergenic	2959	IGL
chr22_22780644	22780644	IGLV7-46	intergenic	intergenic	2682	IGL
chr22_22780997	22780997	IGLV7-46	intergenic	intergenic	2329	IGL
chr22_22781223	22781223	IGLV7-46	intergenic	intergenic	2103	IGL
chr22_22781320	22781320	IGLV7-46	intergenic	intergenic	2006	IGL
chr22_22782078	22782078	IGLV7-46	intergenic	intergenic	1248	IGL
chr22_22782115	22782115	IGLV7-46	intergenic	intergenic	1211	IGL
chr22_22786067	22786067	IGLV7-46	intergenic	intergenic	2229	IGL
chr22_23180720	23180720	IGLV2-14	intergenic	intergenic	952	IGL
chr22_22628043	22628043	IGLV10-54	intergenic	intergenic	296	IGL
chr22_22628044	22628044	IGLV10-54	intergenic	intergenic	295	IGL
chr22_22792878	22792878	IGLV1-44	intergenic	intergenic	1601	IGL
chr22_23184901	23184901	IGLV2-14	intergenic	intergenic	2678	IGL
chr22_22770654	22770654	IGLV1-47	intergenic	intergenic	801	IGL
chr22_22498240	22498240	IGLV8-61	intergenic	intergenic	13521	IGL
chr22_22524680	22524680	IGLV8-61	intergenic	intergenic	11883	IGL
chr22_22770763	22770763	IGLV1-47	intergenic	intergenic	692	IGL
chr22_22617883	22617883	IGLV11-55	intergenic	intergenic	2146	IGL
chr22_22963194	22963194	IGLV2-33	intergenic	intergenic	47751	IGL
chr22_22963912	22963912	IGLV2-33	intergenic	intergenic	47033	IGL
chr22_23320010	23320010	IGLJ2	intergenic	intergenic	2478	IGL
chr22_23145998	23145998	IGLV3-19	intergenic	intergenic	1833	IGL
chr22_22592397	22592397	IGLV4-60	intergenic	intergenic	16142	IGL
chr22_23162388	23162388	IGLV2-18	intergenic	intergenic	4289	IGL
chr22_23169572	23169572	IGLV3-16	intergenic	intergenic	774	IGL
chr22_23169816	23169816	IGLV3-16	intergenic	intergenic	530	IGL
chr22_23169988	23169988	IGLV3-16	intergenic	intergenic	358	IGL
chr22_23170334	23170334	IGLV3-16	intergenic	intergenic	12	IGL
chr22_23052340	23052340	IGLV3-32	intergenic	intergenic	34515	IGL
chr22_23089894	23089894	IGLV3-27	intergenic	intergenic	1410	IGL
chr22_23091043	23091043	IGLV3-27	intergenic	intergenic	261	IGL
chr22_23095708	23095708	IGLV3-27	intergenic	intergenic	3844	IGL
chr22_23095848	23095848	IGLV3-27	intergenic	intergenic	3984	IGL
chr22_23096133	23096133	IGLV3-27	intergenic	intergenic	4269	IGL
chr22_23096134	23096134	IGLV3-27	intergenic	intergenic	4270	IGL
chr22_23096170	23096170	IGLV3-27	intergenic	intergenic	4306	IGL
chr22_23096204	23096204	IGLV3-27	intergenic	intergenic	4340	IGL
chr22_23161341_2	23161341	IGLV2-18	intergenic	intergenic	3242	IGL
chr22_23186371	23186371	IGLV2-14	intergenic	intergenic	4148	IGL
chr22_23182924	23182924	IGLV2-14	intergenic	intergenic	701	IGL
chr22_23183576	23183576	IGLV2-14	intergenic	intergenic	1353	IGL
chr22_23213163	23213163	IGLV2-11	intergenic	intergenic	2205	IGL
chr22_22496015	22496015	IGLV8-61	intergenic	intergenic	15746	IGL
chr22_22592448	22592448	IGLV4-60	intergenic	intergenic	16193	IGL
chr22_22592471	22592471	IGLV4-60	intergenic	intergenic	16216	IGL
chr22_22592475	22592475	IGLV4-60	intergenic	intergenic	16220	IGL
chr22_22805562	22805562	IGLV7-43	intergenic	intergenic	3170	IGL
chr22_23163506	23163506	IGLV2-18	intergenic	intergenic	5407	IGL
chr22_22673676	22673676	IGLV10-54	intergenic	intergenic	44833	IGL
chr22_23191587	23191587	IGLV3-12	intergenic	intergenic	3117	IGL
chr22_23354200	23354200	IGLJ5	intergenic	intergenic	898	IGL
chr22_22499923	22499923	IGLV8-61	intergenic	intergenic	11838	IGL
chr22_22637776	22637776	IGLV10-54	intergenic	intergenic	8933	IGL
chr22_23226093	23226093	IGLV3-10	intergenic	intergenic	8531	IGL
chr22_23229752	23229752	IGLV3-10	intergenic	intergenic	4872	IGL
chr22_23117515	23117515	IGLV2-23	intergenic	intergenic	3243	IGL
chr22_22418419	22418419	IGLV4-69	intergenic	intergenic	26067	IGL
chr22_23357887	23357887	IGLJ6	intergenic	intergenic	693	IGL
chr22_23218140	23218140	IGLV2-11	intergenic	intergenic	2220	IGL
chr22_23218269	23218269	IGLV2-11	intergenic	intergenic	2349	IGL
chr22_23219873	23219873	IGLV2-11	intergenic	intergenic	3953	IGL
chr22_23220425	23220425	IGLV2-11	intergenic	intergenic	4505	IGL
chr22_23087070	23087070	IGLV3-27	intergenic	intergenic	4234	IGL
chr22_23215977	23215977	IGLV2-11	intergenic	intergenic	57	IGL
chr22_23183900	23183900	IGLV2-14	intergenic	intergenic	1677	IGL
chr22_23184485	23184485	IGLV2-14	intergenic	intergenic	2262	IGL
chr22_23184906	23184906	IGLV2-14	intergenic	intergenic	2683	IGL
chr22_23185247	23185247	IGLV2-14	intergenic	intergenic	3024	IGL
chr22_23186171	23186171	IGLV2-14	intergenic	intergenic	3948	IGL
chr22_23186200	23186200	IGLV2-14	intergenic	intergenic	3977	IGL
chr22_23186265	23186265	IGLV2-14	intergenic	intergenic	4042	IGL
chr22_23186337	23186337	IGLV2-14	intergenic	intergenic	4114	IGL
chr22_23186350	23186350	IGLV2-14	intergenic	intergenic	4127	IGL
chr22_22766131	22766131	IGLV5-48	intergenic	intergenic	523	IGL
chr22_22766505	22766505	IGLV5-48	intergenic	intergenic	149	IGL
chr22_22946007	22946007	IGLV2-33	intergenic	intergenic	64938	IGL
chr22_22946096	22946096	IGLV2-33	intergenic	intergenic	64849	IGL
chr22_22772111	22772111	IGLV1-47	intergenic	intergenic	93	IGL
chr22_22772200	22772200	IGLV1-47	intergenic	intergenic	182	IGL
chr22_22643399	22643399	IGLV10-54	intergenic	intergenic	14556	IGL
chr22_23136930	23136930	IGLV3-21	intergenic	intergenic	721	IGL
chr22_23369443	23369443	IGLJ7	intergenic	intergenic	9019	IGL
chr22_22499401	22499401	IGLV8-61	intergenic	intergenic	12360	IGL
chr22_22839958	22839958	IGLV1-40	intergenic	intergenic	6827	IGL
chr22_22653097	22653097	IGLV10-54	intergenic	intergenic	24254	IGL
chr22_22875299	22875299	IGLV1-36	intergenic	intergenic	19958	IGL
chr22_22658891	22658891	IGLV10-54	intergenic	intergenic	30048	IGL
chr22_22584974	22584974	IGLV4-60	intergenic	intergenic	8719	IGL
chr22_22599177	22599177	IGLV6-57	intergenic	intergenic	10157	IGL
chr22_22604139	22604139	IGLV6-57	intergenic	intergenic	5195	IGL
chr22_22604219	22604219	IGLV6-57	intergenic	intergenic	5115	IGL
chr22_22606943	22606943	IGLV6-57	intergenic	intergenic	2391	IGL
chr22_22606993	22606993	IGLV6-57	intergenic	intergenic	2341	IGL
chr22_22607005	22607005	IGLV6-57	intergenic	intergenic	2329	IGL
chr22_22607025	22607025	IGLV6-57	intergenic	intergenic	2309	IGL
chr22_22607168	22607168	IGLV6-57	intergenic	intergenic	2166	IGL
chr22_22531507	22531507	IGLV8-61	intergenic	intergenic	18710	IGL
chr22_22758445	22758445	IGLV9-49	intergenic	intergenic	955	IGL
chr22_22915596	22915596	IGLV1-36	intergenic	intergenic	60255	IGL
chr22_22620213	22620213	IGLV11-55	intergenic	intergenic	4476	IGL
chr22_22620505	22620505	IGLV11-55	intergenic	intergenic	4768	IGL
chr22_22620724	22620724	IGLV11-55	intergenic	intergenic	4987	IGL
chr22_22620747	22620747	IGLV11-55	intergenic	intergenic	5010	IGL
chr22_22621549	22621549	IGLV11-55	intergenic	intergenic	5812	IGL
chr22_22621699	22621699	IGLV11-55	intergenic	intergenic	5962	IGL
chr22_22430793	22430793	IGLV4-69	intergenic	intergenic	13693	IGL
chr22_23182796	23182796	IGLV2-14	intergenic	intergenic	573	IGL
chr22_23182958	23182958	IGLV2-14	intergenic	intergenic	735	IGL
chr22_22655598	22655598	IGLV10-54	intergenic	intergenic	26755	IGL
chr22_23374094	23374094	IGLJ7	intergenic	intergenic	13670	IGL
chr22_23116224	23116224	IGLV2-23	intergenic	intergenic	4534	IGL
chr22_22869194	22869194	IGLV1-36	intergenic	intergenic	13853	IGL
chr22_22789446	22789446	IGLV5-45	intergenic	intergenic	252	IGL
chr22_22790491	22790491	IGLV5-45	intergenic	intergenic	234	IGL
chr22_23182572	23182572	IGLV2-14	intergenic	intergenic	349	IGL
chr22_23183908	23183908	IGLV2-14	intergenic	intergenic	1685	IGL
chr22_22672054	22672054	IGLV10-54	intergenic	intergenic	43211	IGL
chr22_23186878	23186878	IGLV2-14	intergenic	intergenic	4655	IGL
chr22_22681920	22681920	IGLV5-52	intergenic	intergenic	50545	IGL
chr22_22772605	22772605	IGLV1-47	intergenic	intergenic	587	IGL
chr22_22608934	22608934	IGLV6-57	intergenic	intergenic	400	IGL
chr22_22608935	22608935	IGLV6-57	intergenic	intergenic	399	IGL
chr22_22610098	22610098	IGLV6-57	intergenic	intergenic	247	IGL
chr22_23097137	23097137	IGLV3-27	intergenic	intergenic	5273	IGL
chr22_22570610	22570610	IGLV4-60	intergenic	intergenic	5124	IGL
chr22_22570639	22570639	IGLV4-60	intergenic	intergenic	5095	IGL
chr22_22570711	22570711	IGLV4-60	intergenic	intergenic	5023	IGL
chr22_22570731	22570731	IGLV4-60	intergenic	intergenic	5003	IGL
chr22_22570862	22570862	IGLV4-60	intergenic	intergenic	4872	IGL
chr22_22571467	22571467	IGLV4-60	intergenic	intergenic	4267	IGL
chr22_22571722	22571722	IGLV4-60	intergenic	intergenic	4012	IGL
chr22_22571942	22571942	IGLV4-60	intergenic	intergenic	3792	IGL
chr22_22572066	22572066	IGLV4-60	intergenic	intergenic	3668	IGL
chr22_22572206	22572206	IGLV4-60	intergenic	intergenic	3528	IGL
chr22_22572258	22572258	IGLV4-60	intergenic	intergenic	3476	IGL
chr22_22572279	22572279	IGLV4-60	intergenic	intergenic	3455	IGL
chr22_22572374	22572374	IGLV4-60	intergenic	intergenic	3360	IGL
chr22_22572541	22572541	IGLV4-60	intergenic	intergenic	3193	IGL
chr22_22572864	22572864	IGLV4-60	intergenic	intergenic	2870	IGL
chr22_22573305	22573305	IGLV4-60	intergenic	intergenic	2429	IGL
chr22_22573388	22573388	IGLV4-60	intergenic	intergenic	2346	IGL
chr22_22573779	22573779	IGLV4-60	intergenic	intergenic	1955	IGL
chr22_22574164	22574164	IGLV4-60	intergenic	intergenic	1570	IGL
chr22_22574367	22574367	IGLV4-60	intergenic	intergenic	1367	IGL
chr22_22574520	22574520	IGLV4-60	intergenic	intergenic	1214	IGL
chr22_22574522	22574522	IGLV4-60	intergenic	intergenic	1212	IGL
chr22_22574612	22574612	IGLV4-60	intergenic	intergenic	1122	IGL
chr22_22574736	22574736	IGLV4-60	intergenic	intergenic	998	IGL
chr22_22574933	22574933	IGLV4-60	intergenic	intergenic	801	IGL
chr22_22575023	22575023	IGLV4-60	intergenic	intergenic	711	IGL
chr22_22575208	22575208	IGLV4-60	intergenic	intergenic	526	IGL
chr22_22575291	22575291	IGLV4-60	intergenic	intergenic	443	IGL
chr22_23177491	23177491	IGLV2-14	intergenic	intergenic	4181	IGL
chr22_23179751	23179751	IGLV2-14	intergenic	intergenic	1921	IGL
chr22_23116573	23116573	IGLV2-23	intergenic	intergenic	4185	IGL
chr22_22639464	22639464	IGLV10-54	intergenic	intergenic	10621	IGL
chr22_22877642	22877642	IGLV1-36	intergenic	intergenic	22301	IGL
chr22_22420667	22420667	IGLV4-69	intergenic	intergenic	23819	IGL
chr22_23160669	23160669	IGLV2-18	intergenic	intergenic	2570	IGL
chr22_22981217	22981217	IGLV2-33	intergenic	intergenic	29728	IGL
chr22_22499485	22499485	IGLV8-61	intergenic	intergenic	12276	IGL
chr22_22747339	22747339	IGLV1-50	intergenic	intergenic	5746	IGL
chr22_22747484	22747484	IGLV1-50	intergenic	intergenic	5891	IGL
chr22_22747584	22747584	IGLV1-50	intergenic	intergenic	5991	IGL
chr22_22771397	22771397	IGLV1-47	intergenic	intergenic	58	IGL
chr22_22618642	22618642	IGLV11-55	intergenic	intergenic	2905	IGL
chr22_22556767	22556767	IGLV4-60	intergenic	intergenic	18967	IGL
chr22_22557085	22557085	IGLV4-60	intergenic	intergenic	18649	IGL
chr22_22557154	22557154	IGLV4-60	intergenic	intergenic	18580	IGL
chr22_22557183	22557183	IGLV4-60	intergenic	intergenic	18551	IGL
chr22_22557324	22557324	IGLV4-60	intergenic	intergenic	18410	IGL
chr22_22557491	22557491	IGLV4-60	intergenic	intergenic	18243	IGL
chr22_22557799	22557799	IGLV4-60	intergenic	intergenic	17935	IGL
chr22_22557816	22557816	IGLV4-60	intergenic	intergenic	17918	IGL
chr22_22557926	22557926	IGLV4-60	intergenic	intergenic	17808	IGL
chr22_22557946	22557946	IGLV4-60	intergenic	intergenic	17788	IGL
chr22_22558226	22558226	IGLV4-60	intergenic	intergenic	17508	IGL
chr22_22558279	22558279	IGLV4-60	intergenic	intergenic	17455	IGL
chr22_22558473	22558473	IGLV4-60	intergenic	intergenic	17261	IGL
chr22_22772954	22772954	IGLV1-47	intergenic	intergenic	936	IGL
chr22_22773286	22773286	IGLV1-47	intergenic	intergenic	1268	IGL
chr22_22773772	22773772	IGLV1-47	intergenic	intergenic	1754	IGL
chr22_22774180	22774180	IGLV1-47	intergenic	intergenic	2162	IGL
chr22_22774186	22774186	IGLV1-47	intergenic	intergenic	2168	IGL
chr22_22774418	22774418	IGLV1-47	intergenic	intergenic	2400	IGL
chr22_22774862	22774862	IGLV1-47	intergenic	intergenic	2844	IGL
chr22_22775346	22775346	IGLV1-47	intergenic	intergenic	3328	IGL
chr22_22775741	22775741	IGLV1-47	intergenic	intergenic	3723	IGL
chr22_22775904	22775904	IGLV1-47	intergenic	intergenic	3886	IGL
chr22_22775939	22775939	IGLV1-47	intergenic	intergenic	3921	IGL
chr22_22776086	22776086	IGLV1-47	intergenic	intergenic	4068	IGL
chr22_22776248	22776248	IGLV1-47	intergenic	intergenic	4230	IGL
chr22_22776780	22776780	IGLV1-47	intergenic	intergenic	4762	IGL
chr22_22776880	22776880	IGLV1-47	intergenic	intergenic	4862	IGL
chr22_22777210	22777210	IGLV1-47	intergenic	intergenic	5192	IGL
chr22_22777602	22777602	IGLV1-47	intergenic	intergenic	5584	IGL
chr22_22778040	22778040	IGLV7-46	intergenic	intergenic	5286	IGL
chr22_22778324	22778324	IGLV7-46	intergenic	intergenic	5002	IGL
chr22_22778387	22778387	IGLV7-46	intergenic	intergenic	4939	IGL
chr22_22778500	22778500	IGLV7-46	intergenic	intergenic	4826	IGL
chr22_22778632	22778632	IGLV7-46	intergenic	intergenic	4694	IGL
chr22_22779200	22779200	IGLV7-46	intergenic	intergenic	4126	IGL
chr22_22590672	22590672	IGLV4-60	intergenic	intergenic	14417	IGL
chr22_22825752	22825752	IGLV1-41	intergenic	intergenic	1316	IGL
chr22_23221634	23221634	IGLV2-11	intergenic	intergenic	5714	IGL
chr22_23222019	23222019	IGLV2-11	intergenic	intergenic	6099	IGL
chr22_22798957	22798957	IGLV1-44	intergenic	intergenic	3857	IGL
chr22_22514457	22514457	IGLV8-61	intergenic	intergenic	1660	IGL
chr22_22445984	22445984	IGLV4-69	intergenic	intergenic	920	IGL
chr22_23089695	23089695	IGLV3-27	intergenic	intergenic	1609	IGL
chr22_22595853	22595853	IGLV6-57	intergenic	intergenic	13481	IGL
chr22_22596156	22596156	IGLV6-57	intergenic	intergenic	13178	IGL
chr22_22596575	22596575	IGLV6-57	intergenic	intergenic	12759	IGL
chr22_22596724	22596724	IGLV6-57	intergenic	intergenic	12610	IGL
chr22_22597034	22597034	IGLV6-57	intergenic	intergenic	12300	IGL
chr22_22598219	22598219	IGLV6-57	intergenic	intergenic	11115	IGL
chr22_22598571	22598571	IGLV6-57	intergenic	intergenic	10763	IGL
chr22_23092596	23092596	IGLV3-27	intergenic	intergenic	732	IGL
chr22_23203416	23203416	IGLV3-12	intergenic	intergenic	7914	IGL
chr22_22588953	22588953	IGLV4-60	intergenic	intergenic	12698	IGL
chr22_22590221	22590221	IGLV4-60	intergenic	intergenic	13966	IGL
chr22_22871209	22871209	IGLV1-36	intergenic	intergenic	15868	IGL
chr22_22919971	22919971	IGLV1-36	intergenic	intergenic	64630	IGL
chr22_22659666	22659666	IGLV10-54	intergenic	intergenic	30823	IGL
chr22_22624804	22624804	IGLV10-54	intergenic	intergenic	3535	IGL
chr22_22753851	22753851	IGLV9-49	intergenic	intergenic	3052	IGL
chr22_22769830	22769830	IGLV1-47	intergenic	intergenic	1625	IGL
chr22_22769934	22769934	IGLV1-47	intergenic	intergenic	1521	IGL
chr22_22770013	22770013	IGLV1-47	intergenic	intergenic	1442	IGL
chr22_22770123	22770123	IGLV1-47	intergenic	intergenic	1332	IGL
chr22_22498433	22498433	IGLV8-61	intergenic	intergenic	13328	IGL
chr22_22793973	22793973	IGLV1-44	intergenic	intergenic	506	IGL
chr22_22596083	22596083	IGLV6-57	intergenic	intergenic	13251	IGL
chr22_22596484	22596484	IGLV6-57	intergenic	intergenic	12850	IGL
chr22_22596841	22596841	IGLV6-57	intergenic	intergenic	12493	IGL
chr22_22596842	22596842	IGLV6-57	intergenic	intergenic	12492	IGL
chr22_22596843	22596843	IGLV6-57	intergenic	intergenic	12491	IGL
chr22_22596845	22596845	IGLV6-57	intergenic	intergenic	12489	IGL
chr22_22597367	22597367	IGLV6-57	intergenic	intergenic	11967	IGL
chr22_22597881	22597881	IGLV6-57	intergenic	intergenic	11453	IGL
chr22_22598783	22598783	IGLV6-57	intergenic	intergenic	10551	IGL
chr22_22598892	22598892	IGLV6-57	intergenic	intergenic	10442	IGL
chr22_22599448	22599448	IGLV6-57	intergenic	intergenic	9886	IGL
chr22_22599462	22599462	IGLV6-57	intergenic	intergenic	9872	IGL
chr22_22599575	22599575	IGLV6-57	intergenic	intergenic	9759	IGL
chr22_22600200	22600200	IGLV6-57	intergenic	intergenic	9134	IGL
chr22_22600421	22600421	IGLV6-57	intergenic	intergenic	8913	IGL
chr22_22600632	22600632	IGLV6-57	intergenic	intergenic	8702	IGL
chr22_22601226	22601226	IGLV6-57	intergenic	intergenic	8108	IGL
chr22_22601449	22601449	IGLV6-57	intergenic	intergenic	7885	IGL
chr22_22601659	22601659	IGLV6-57	intergenic	intergenic	7675	IGL
chr22_22601674	22601674	IGLV6-57	intergenic	intergenic	7660	IGL
chr22_22601821	22601821	IGLV6-57	intergenic	intergenic	7513	IGL
chr22_22601872	22601872	IGLV6-57	intergenic	intergenic	7462	IGL
chr22_22601900	22601900	IGLV6-57	intergenic	intergenic	7434	IGL
chr22_22602287	22602287	IGLV6-57	intergenic	intergenic	7047	IGL
chr22_22603668	22603668	IGLV6-57	intergenic	intergenic	5666	IGL
chr22_22604660	22604660	IGLV6-57	intergenic	intergenic	4674	IGL
chr22_22604963	22604963	IGLV6-57	intergenic	intergenic	4371	IGL
chr22_22605213	22605213	IGLV6-57	intergenic	intergenic	4121	IGL
chr22_22605228	22605228	IGLV6-57	intergenic	intergenic	4106	IGL
chr22_22605300	22605300	IGLV6-57	intergenic	intergenic	4034	IGL
chr22_22605327	22605327	IGLV6-57	intergenic	intergenic	4007	IGL
chr22_22605503	22605503	IGLV6-57	intergenic	intergenic	3831	IGL
chr22_22606202	22606202	IGLV6-57	intergenic	intergenic	3132	IGL
chr22_22606483	22606483	IGLV6-57	intergenic	intergenic	2851	IGL
chr22_22606601	22606601	IGLV6-57	intergenic	intergenic	2733	IGL
chr22_22606741	22606741	IGLV6-57	intergenic	intergenic	2593	IGL
chr22_22606768	22606768	IGLV6-57	intergenic	intergenic	2566	IGL
chr22_22607026	22607026	IGLV6-57	intergenic	intergenic	2308	IGL
chr22_22607111	22607111	IGLV6-57	intergenic	intergenic	2223	IGL
chr22_22607177	22607177	IGLV6-57	intergenic	intergenic	2157	IGL
chr22_22607281	22607281	IGLV6-57	intergenic	intergenic	2053	IGL
chr22_22670899	22670899	IGLV10-54	intergenic	intergenic	42056	IGL
chr22_22770723	22770723	IGLV1-47	intergenic	intergenic	732	IGL
chr22_23361681	23361681	IGLJ7	intergenic	intergenic	1257	IGL
chr22_22763341	22763341	IGLV5-48	intergenic	intergenic	3313	IGL
chr22_23318939	23318939	IGLJ1	intergenic	intergenic	2212	IGL
chr22_22743670	22743670	IGLV1-50	intergenic	intergenic	2077	IGL
chr22_23146000	23146000	IGLV3-19	intergenic	intergenic	1835	IGL
chr22_22601484	22601484	IGLV6-57	intergenic	intergenic	7850	IGL
chr22_22634984	22634984	IGLV10-54	intergenic	intergenic	6141	IGL
chr22_23185896	23185896	IGLV2-14	intergenic	intergenic	3673	IGL
chr22_23082032	23082032	IGLV3-27	intergenic	intergenic	9272	IGL
chr22_23222411	23222411	IGLV2-11	intergenic	intergenic	6491	IGL
chr22_23222425	23222425	IGLV2-11	intergenic	intergenic	6505	IGL
chr22_23222613	23222613	IGLV2-11	intergenic	intergenic	6693	IGL
chr22_23222746	23222746	IGLV2-11	intergenic	intergenic	6826	IGL
chr22_23222795	23222795	IGLV2-11	intergenic	intergenic	6875	IGL
chr22_23223372	23223372	IGLV2-11	intergenic	intergenic	7452	IGL
chr22_23223468	23223468	IGLV2-11	intergenic	intergenic	7548	IGL
chr22_23223475	23223475	IGLV2-11	intergenic	intergenic	7555	IGL
chr22_23223763	23223763	IGLV2-11	intergenic	intergenic	7843	IGL
chr22_23224684	23224684	IGLV2-11	intergenic	intergenic	8764	IGL
chr22_22591796	22591796	IGLV4-60	intergenic	intergenic	15541	IGL
chr22_22592722	22592722	IGLV4-60	intergenic	intergenic	16467	IGL
chr22_22791334	22791334	IGLV5-45	intergenic	intergenic	1077	IGL
chr22_22864992	22864992	IGLV1-36	intergenic	intergenic	9651	IGL
chr22_22519494	22519494	IGLV8-61	intergenic	intergenic	6697	IGL
chr22_23249800	23249800	IGLV2-8	intergenic	intergenic	3594	IGL
chr22_22675302	22675302	IGLV10-54	intergenic	intergenic	46459	IGL
chr22_23137222	23137222	IGLV3-21	intergenic	intergenic	1013	IGL
chr22_23151496	23151496	IGLV2-18	intergenic	intergenic	6081	IGL
chr22_22702541	22702541	IGLV5-52	intergenic	intergenic	29924	IGL
chr22_23200485	23200485	IGLV3-12	intergenic	intergenic	4983	IGL
chr22_23229729	23229729	IGLV3-10	intergenic	intergenic	4895	IGL
chr22_22619972	22619972	IGLV11-55	intergenic	intergenic	4235	IGL
chr22_22619995	22619995	IGLV11-55	intergenic	intergenic	4258	IGL
chr22_22620980	22620980	IGLV11-55	intergenic	intergenic	5243	IGL
chr22_22621110	22621110	IGLV11-55	intergenic	intergenic	5373	IGL
chr22_22621257	22621257	IGLV11-55	intergenic	intergenic	5520	IGL
chr22_22621356	22621356	IGLV11-55	intergenic	intergenic	5619	IGL
chr22_22621371	22621371	IGLV11-55	intergenic	intergenic	5634	IGL
chr22_22621884	22621884	IGLV11-55	intergenic	intergenic	6147	IGL
chr22_22622291	22622291	IGLV10-54	intergenic	intergenic	6048	IGL
chr22_23136238	23136238	IGLV3-21	intergenic	intergenic	29	IGL
chr22_23083250	23083250	IGLV3-27	intergenic	intergenic	8054	IGL
chr22_22785590	22785590	IGLV7-46	intergenic	intergenic	1752	IGL
chr22_22859110	22859110	IGLV1-36	intergenic	intergenic	3769	IGL
chr22_22861662	22861662	IGLV1-36	intergenic	intergenic	6321	IGL
chr22_22652080	22652080	IGLV10-54	intergenic	intergenic	23237	IGL
chr22_23358547	23358547	IGLJ6	intergenic	intergenic	1353	IGL
chr22_23352712	23352712	IGLJ5	intergenic	intergenic	524	IGL
chr22_22780060	22780060	IGLV7-46	intergenic	intergenic	3266	IGL
chr22_23161324	23161324	IGLV2-18	intergenic	intergenic	3225	IGL
chr22_22521596	22521596	IGLV8-61	intergenic	intergenic	8799	IGL
chr22_22616176	22616176	IGLV11-55	intergenic	intergenic	439	IGL
chr22_22616311	22616311	IGLV11-55	intergenic	intergenic	574	IGL
chr22_22802114	22802114	IGLV7-43	intergenic	intergenic	6618	IGL
chr22_22650315	22650315	IGLV10-54	intergenic	intergenic	21472	IGL
chr22_23357907	23357907	IGLJ6	intergenic	intergenic	713	IGL
chr22_23154440	23154440	IGLV2-18	intergenic	intergenic	3137	IGL
chr22_23355192	23355192	IGLJ5	intergenic	intergenic	1890	IGL
chr22_23360419	23360419	IGLJ7	intergenic	intergenic	5	IGL
chr22_22938673	22938673	IGLV2-33	intergenic	intergenic	72272	IGL
chr22_23365328	23365328	IGLJ7	intergenic	intergenic	4904	IGL
chr22_22775448	22775448	IGLV1-47	intergenic	intergenic	3430	IGL
chr22_22564094	22564094	IGLV4-60	intergenic	intergenic	11640	IGL
chr22_22564470	22564470	IGLV4-60	intergenic	intergenic	11264	IGL
chr22_22564687	22564687	IGLV4-60	intergenic	intergenic	11047	IGL
chr22_22564722	22564722	IGLV4-60	intergenic	intergenic	11012	IGL
chr22_22719591	22719591	IGLV5-52	intergenic	intergenic	12874	IGL
chr22_23139106	23139106	IGLV3-21	intergenic	intergenic	2897	IGL
chr22_23131893	23131893	IGLV3-21	intergenic	intergenic	2766	IGL
chr22_22616670	22616670	IGLV11-55	intergenic	intergenic	933	IGL
chr22_22763378	22763378	IGLV5-48	intergenic	intergenic	3276	IGL
chr22_22967090	22967090	IGLV2-33	intergenic	intergenic	43855	IGL
chr22_23380440	23380440	IGLJ7	intergenic	intergenic	20016	IGL
chr22_22506627	22506627	IGLV8-61	intergenic	intergenic	5134	IGL
chr22_23161295	23161295	IGLV2-18	intergenic	intergenic	3196	IGL
chr22_22608304	22608304	IGLV6-57	intergenic	intergenic	1030	IGL
chr22_22565488	22565488	IGLV4-60	intergenic	intergenic	10246	IGL
chr22_22610020	22610020	IGLV6-57	intergenic	intergenic	169	IGL
chr22_22722131	22722131	IGLV5-52	intergenic	intergenic	10334	IGL
chr22_22723739	22723739	IGLV5-52	intergenic	intergenic	8726	IGL
chr22_23182895	23182895	IGLV2-14	intergenic	intergenic	672	IGL
chr22_22518534	22518534	IGLV8-61	intergenic	intergenic	5737	IGL
chr22_22518904	22518904	IGLV8-61	intergenic	intergenic	6107	IGL
chr22_22520112	22520112	IGLV8-61	intergenic	intergenic	7315	IGL
chr22_22431376	22431376	IGLV4-69	intergenic	intergenic	13110	IGL
chr22_22427952	22427952	IGLV4-69	intergenic	intergenic	16534	IGL
chr22_22429445	22429445	IGLV4-69	intergenic	intergenic	15041	IGL
chr22_22650218	22650218	IGLV10-54	intergenic	intergenic	21375	IGL
chr22_22784839	22784839	IGLV7-46	intergenic	intergenic	1001	IGL
chr22_22900794	22900794	IGLV1-36	intergenic	intergenic	45453	IGL
chr22_22909661	22909661	IGLV1-36	intergenic	intergenic	54320	IGL
chr22_22915031	22915031	IGLV1-36	intergenic	intergenic	59690	IGL
chr22_23222514	23222514	IGLV2-11	intergenic	intergenic	6594	IGL
chr22_23222534	23222534	IGLV2-11	intergenic	intergenic	6614	IGL
chr22_22786445	22786445	IGLV7-46	intergenic	intergenic	2607	IGL
chr22_23356558	23356558	IGLJ6	intergenic	intergenic	570	IGL
chr22_22618886	22618886	IGLV11-55	intergenic	intergenic	3149	IGL
chr22_22503105	22503105	IGLV8-61	intergenic	intergenic	8656	IGL
chr22_23187179	23187179	IGLV2-14	intergenic	intergenic	4956	IGL
chr22_23187192	23187192	IGLV2-14	intergenic	intergenic	4969	IGL
chr22_23187197	23187197	IGLV2-14	intergenic	intergenic	4974	IGL
chr22_22865450	22865450	IGLV1-36	intergenic	intergenic	10109	IGL
chr22_22749070	22749070	IGLV1-50	intergenic	intergenic	7477	IGL
chr22_22644196	22644196	IGLV10-54	intergenic	intergenic	15353	IGL
chr22_22653634	22653634	IGLV10-54	intergenic	intergenic	24791	IGL
chr22_23284956	23284956	IGLV4-3	intergenic	intergenic	9425	IGL
chr22_22905751	22905751	IGLV1-36	intergenic	intergenic	50410	IGL
chr22_23069047	23069047	IGLV3-27	intergenic	intergenic	22257	IGL
chr22_22922510	22922510	IGLV1-36	intergenic	intergenic	67169	IGL
chr22_23188492	23188492	IGLV3-12	intergenic	intergenic	6212	IGL
chr22_23189828	23189828	IGLV3-12	intergenic	intergenic	4876	IGL
chr22_23190920	23190920	IGLV3-12	intergenic	intergenic	3784	IGL
chr22_23219756	23219756	IGLV2-11	intergenic	intergenic	3836	IGL
chr22_23158822	23158822	IGLV2-18	intergenic	intergenic	723	IGL
chr22_22771151	22771151	IGLV1-47	intergenic	intergenic	304	IGL
chr22_22774417	22774417	IGLV1-47	intergenic	intergenic	2399	IGL
chr22_22649712	22649712	IGLV10-54	intergenic	intergenic	20869	IGL
chr22_22650183	22650183	IGLV10-54	intergenic	intergenic	21340	IGL
chr22_22422062	22422062	IGLV4-69	intergenic	intergenic	22424	IGL
chr22_22742037	22742037	IGLV1-50	intergenic	intergenic	444	IGL
chr22_22516812	22516812	IGLV8-61	intergenic	intergenic	4015	IGL
chr22_22693084	22693084	IGLV5-52	intergenic	intergenic	39381	IGL
chr22_22565518	22565518	IGLV4-60	intergenic	intergenic	10216	IGL
chr22_22966897	22966897	IGLV2-33	intergenic	intergenic	44048	IGL
chr22_22707198	22707198	IGLV5-52	intergenic	intergenic	25267	IGL
chr22_23308308	23308308	IGLV3-1	intergenic	intergenic	3967	IGL
chr22_23359181	23359181	IGLJ7	intergenic	intergenic	1177	IGL
chr22_22902591	22902591	IGLV1-36	intergenic	intergenic	47250	IGL
chr22_22652170	22652170	IGLV10-54	intergenic	intergenic	23327	IGL
chr22_22725027	22725027	IGLV5-52	intergenic	intergenic	7438	IGL
chr22_22725621	22725621	IGLV5-52	intergenic	intergenic	6844	IGL
chr22_22727207	22727207	IGLV5-52	intergenic	intergenic	5258	IGL
chr22_22729465	22729465	IGLV5-52	intergenic	intergenic	3000	IGL
chr22_23174401	23174401	IGLV3-16	intergenic	intergenic	3479	IGL
chr22_22616562	22616562	IGLV11-55	intergenic	intergenic	825	IGL
chr22_23137897	23137897	IGLV3-21	intergenic	intergenic	1688	IGL
chr22_23137906	23137906	IGLV3-21	intergenic	intergenic	1697	IGL
chr22_23139939	23139939	IGLV3-19	intergenic	intergenic	3654	IGL
chr22_23140049	23140049	IGLV3-19	intergenic	intergenic	3544	IGL
chr22_23140190	23140190	IGLV3-19	intergenic	intergenic	3403	IGL
chr22_23141180	23141180	IGLV3-19	intergenic	intergenic	2413	IGL
chr22_23141987	23141987	IGLV3-19	intergenic	intergenic	1606	IGL
chr22_23190237	23190237	IGLV3-12	intergenic	intergenic	4467	IGL
chr22_23191391	23191391	IGLV3-12	intergenic	intergenic	3313	IGL
chr22_22924460	22924460	IGLV1-36	intergenic	intergenic	69119	IGL
chr22_22616554	22616554	IGLV11-55	intergenic	intergenic	817	IGL
chr22_22616558	22616558	IGLV11-55	intergenic	intergenic	821	IGL
chr22_22908055	22908055	IGLV1-36	intergenic	intergenic	52714	IGL
chr22_23187683	23187683	IGLV2-14	intergenic	intergenic	5460	IGL
chr22_23191211	23191211	IGLV3-12	intergenic	intergenic	3493	IGL
chr22_23191231	23191231	IGLV3-12	intergenic	intergenic	3473	IGL
chr22_22656458	22656458	IGLV10-54	intergenic	intergenic	27615	IGL
chr22_23102684	23102684	IGLV3-25	intergenic	intergenic	7051	IGL
chr22_23090780	23090780	IGLV3-27	intergenic	intergenic	524	IGL
chr22_22863496	22863496	IGLV1-36	intergenic	intergenic	8155	IGL
chr22_22518616	22518616	IGLV8-61	intergenic	intergenic	5819	IGL
chr22_22519818	22519818	IGLV8-61	intergenic	intergenic	7021	IGL
chr22_22513716	22513716	IGLV8-61	intergenic	intergenic	919	IGL
chr22_22515768	22515768	IGLV8-61	intergenic	intergenic	2971	IGL
chr22_22518566	22518566	IGLV8-61	intergenic	intergenic	5769	IGL
chr22_22660134	22660134	IGLV10-54	intergenic	intergenic	31291	IGL
chr22_23145992	23145992	IGLV3-19	intergenic	intergenic	1827	IGL
chr22_23145994	23145994	IGLV3-19	intergenic	intergenic	1829	IGL
chr22_22518717	22518717	IGLV8-61	intergenic	intergenic	5920	IGL
chr22_22518738	22518738	IGLV8-61	intergenic	intergenic	5941	IGL
chr22_22519432	22519432	IGLV8-61	intergenic	intergenic	6635	IGL
chr22_22519434	22519434	IGLV8-61	intergenic	intergenic	6637	IGL
chr22_22519443	22519443	IGLV8-61	intergenic	intergenic	6646	IGL
chr22_22519665	22519665	IGLV8-61	intergenic	intergenic	6868	IGL
chr22_22519692	22519692	IGLV8-61	intergenic	intergenic	6895	IGL
chr22_22519793	22519793	IGLV8-61	intergenic	intergenic	6996	IGL
chr22_22519841	22519841	IGLV8-61	intergenic	intergenic	7044	IGL
chr22_22519856	22519856	IGLV8-61	intergenic	intergenic	7059	IGL
chr22_22519905	22519905	IGLV8-61	intergenic	intergenic	7108	IGL
chr22_22519922	22519922	IGLV8-61	intergenic	intergenic	7125	IGL
chr22_22521006	22521006	IGLV8-61	intergenic	intergenic	8209	IGL
chr22_22521237	22521237	IGLV8-61	intergenic	intergenic	8440	IGL
chr22_22515126	22515126	IGLV8-61	intergenic	intergenic	2329	IGL
chr22_22515321	22515321	IGLV8-61	intergenic	intergenic	2524	IGL
chr22_22515546	22515546	IGLV8-61	intergenic	intergenic	2749	IGL
chr22_22515712	22515712	IGLV8-61	intergenic	intergenic	2915	IGL
chr22_22515811	22515811	IGLV8-61	intergenic	intergenic	3014	IGL
chr22_22515834	22515834	IGLV8-61	intergenic	intergenic	3037	IGL
chr22_22515875	22515875	IGLV8-61	intergenic	intergenic	3078	IGL
chr22_22516183	22516183	IGLV8-61	intergenic	intergenic	3386	IGL
chr22_22516548	22516548	IGLV8-61	intergenic	intergenic	3751	IGL
chr22_22516682	22516682	IGLV8-61	intergenic	intergenic	3885	IGL
chr22_22516817	22516817	IGLV8-61	intergenic	intergenic	4020	IGL
chr22_22517000	22517000	IGLV8-61	intergenic	intergenic	4203	IGL
chr22_22517142	22517142	IGLV8-61	intergenic	intergenic	4345	IGL
chr22_22517202	22517202	IGLV8-61	intergenic	intergenic	4405	IGL
chr22_22517292	22517292	IGLV8-61	intergenic	intergenic	4495	IGL
chr22_22517360	22517360	IGLV8-61	intergenic	intergenic	4563	IGL
chr22_22517534	22517534	IGLV8-61	intergenic	intergenic	4737	IGL
chr22_22517542	22517542	IGLV8-61	intergenic	intergenic	4745	IGL
chr22_22518293	22518293	IGLV8-61	intergenic	intergenic	5496	IGL
chr22_22778958	22778958	IGLV7-46	intergenic	intergenic	4368	IGL
chr22_22607658	22607658	IGLV6-57	intergenic	intergenic	1676	IGL
chr22_23363969	23363969	IGLJ7	intergenic	intergenic	3545	IGL
chr22_22410438	22410438	IGLV4-69	intergenic	intergenic	34048	IGL
chr22_23365804	23365804	IGLJ7	intergenic	intergenic	5380	IGL
chr22_23090239	23090239	IGLV3-27	intergenic	intergenic	1065	IGL
chr22_23094154	23094154	IGLV3-27	intergenic	intergenic	2290	IGL
chr22_22840203	22840203	IGLV1-40	intergenic	intergenic	7072	IGL
chr22_22461132	22461132	IGLV4-69	intergenic	intergenic	16068	IGL
chr22_22807480	22807480	IGLV7-43	intergenic	intergenic	1252	IGL
chr22_22808528	22808528	IGLV7-43	intergenic	intergenic	204	IGL
chr22_23091052	23091052	IGLV3-27	intergenic	intergenic	252	IGL
chr22_22650282	22650282	IGLV10-54	intergenic	intergenic	21439	IGL
chr22_22859880	22859880	IGLV1-36	intergenic	intergenic	4539	IGL
chr22_22859941	22859941	IGLV1-36	intergenic	intergenic	4600	IGL
chr22_22860654	22860654	IGLV1-36	intergenic	intergenic	5313	IGL
chr22_22861599	22861599	IGLV1-36	intergenic	intergenic	6258	IGL
chr22_22862399	22862399	IGLV1-36	intergenic	intergenic	7058	IGL
chr22_22865743	22865743	IGLV1-36	intergenic	intergenic	10402	IGL
chr22_22866376	22866376	IGLV1-36	intergenic	intergenic	11035	IGL
chr22_23096822	23096822	IGLV3-27	intergenic	intergenic	4958	IGL
chr22_23097530	23097530	IGLV3-27	intergenic	intergenic	5666	IGL
chr22_23098852	23098852	IGLV3-27	intergenic	intergenic	6988	IGL
chr22_23099457	23099457	IGLV3-27	intergenic	intergenic	7593	IGL
chr22_23099854	23099854	IGLV3-27	intergenic	intergenic	7990	IGL
chr22_23100094	23100094	IGLV3-27	intergenic	intergenic	8230	IGL
chr22_23100433	23100433	IGLV3-27	intergenic	intergenic	8569	IGL
chr22_23100823	23100823	IGLV3-25	intergenic	intergenic	8912	IGL
chr22_23101516	23101516	IGLV3-25	intergenic	intergenic	8219	IGL
chr22_23102415	23102415	IGLV3-25	intergenic	intergenic	7320	IGL
chr22_22873486	22873486	IGLV1-36	intergenic	intergenic	18145	IGL
chr22_22873553	22873553	IGLV1-36	intergenic	intergenic	18212	IGL
chr22_23187157	23187157	IGLV2-14	intergenic	intergenic	4934	IGL
chr22_23187261	23187261	IGLV2-14	intergenic	intergenic	5038	IGL
chr22_23187771	23187771	IGLV2-14	intergenic	intergenic	5548	IGL
chr22_23188006	23188006	IGLV2-14	intergenic	intergenic	5783	IGL
chr22_23188832_2	23188832	IGLV3-12	intergenic	intergenic	5872	IGL
chr22_23189028	23189028	IGLV3-12	intergenic	intergenic	5676	IGL
chr22_23189355	23189355	IGLV3-12	intergenic	intergenic	5349	IGL
chr22_23191043	23191043	IGLV3-12	intergenic	intergenic	3661	IGL
chr22_23191145	23191145	IGLV3-12	intergenic	intergenic	3559	IGL
chr22_22646275	22646275	IGLV10-54	intergenic	intergenic	17432	IGL
chr22_22649078	22649078	IGLV10-54	intergenic	intergenic	20235	IGL
chr22_23308271	23308271	IGLV3-1	intergenic	intergenic	3930	IGL
chr22_23171931	23171931	IGLV3-16	intergenic	intergenic	1009	IGL
chr22_23173206	23173206	IGLV3-16	intergenic	intergenic	2284	IGL
chr22_22928808	22928808	IGLV1-36	intergenic	intergenic	73467	IGL
chr22_22642396	22642396	IGLV10-54	intergenic	intergenic	13553	IGL
chr22_22644467	22644467	IGLV10-54	intergenic	intergenic	15624	IGL
chr22_22634448	22634448	IGLV10-54	intergenic	intergenic	5605	IGL
chr22_22522115	22522115	IGLV8-61	intergenic	intergenic	9318	IGL
chr22_22419805	22419805	IGLV4-69	intergenic	intergenic	24681	IGL
chr22_23176068	23176068	IGLV3-16	intergenic	intergenic	5146	IGL
chr22_23176071	23176071	IGLV3-16	intergenic	intergenic	5149	IGL
chr22_23180249	23180249	IGLV2-14	intergenic	intergenic	1423	IGL
chr22_23180884	23180884	IGLV2-14	intergenic	intergenic	788	IGL
chr22_23297257	23297257	IGLV4-3	intergenic	intergenic	2308	IGL
chr22_22657334	22657334	IGLV10-54	intergenic	intergenic	28491	IGL
chr22_22658009	22658009	IGLV10-54	intergenic	intergenic	29166	IGL
chr22_23161609	23161609	IGLV2-18	intergenic	intergenic	3510	IGL
chr22_23382479	23382479	IGLJ7	intergenic	intergenic	22055	IGL
chr22_22645825	22645825	IGLV10-54	intergenic	intergenic	16982	IGL
chr22_22650714	22650714	IGLV10-54	intergenic	intergenic	21871	IGL
chr22_23281029	23281029	IGLV4-3	intergenic	intergenic	13352	IGL
chr22_23282079	23282079	IGLV4-3	intergenic	intergenic	12302	IGL
chr22_23283661	23283661	IGLV4-3	intergenic	intergenic	10720	IGL
chr22_22747690	22747690	IGLV1-50	intergenic	intergenic	6097	IGL
chr22_22649910	22649910	IGLV10-54	intergenic	intergenic	21067	IGL
chr22_22650003	22650003	IGLV10-54	intergenic	intergenic	21160	IGL
chr22_22650134	22650134	IGLV10-54	intergenic	intergenic	21291	IGL
chr22_23182986	23182986	IGLV2-14	intergenic	intergenic	763	IGL
chr22_23183494	23183494	IGLV2-14	intergenic	intergenic	1271	IGL
chr22_23185149	23185149	IGLV2-14	intergenic	intergenic	2926	IGL
chr22_23185711	23185711	IGLV2-14	intergenic	intergenic	3488	IGL
chr22_23179879	23179879	IGLV2-14	intergenic	intergenic	1793	IGL
chr22_23180594	23180594	IGLV2-14	intergenic	intergenic	1078	IGL
chr22_23181445	23181445	IGLV2-14	intergenic	intergenic	227	IGL
chr22_22519923	22519923	IGLV8-61	intergenic	intergenic	7126	IGL
chr22_22545966	22545966	IGLV4-60	intergenic	intergenic	29768	IGL
chr22_23252929	23252929	IGLV2-8	intergenic	intergenic	6723	IGL
chr22_22492485	22492485	IGLV8-61	intergenic	intergenic	19276	IGL
chr22_22492506	22492506	IGLV8-61	intergenic	intergenic	19255	IGL
chr22_23353286	23353286	IGLJ5	intergenic	intergenic	16	IGL
chr22_23353873	23353873	IGLJ5	intergenic	intergenic	571	IGL
chr22_22427800	22427800	IGLV4-69	intergenic	intergenic	16686	IGL
chr22_22779391	22779391	IGLV7-46	intergenic	intergenic	3935	IGL
chr22_22750644	22750644	IGLV9-49	intergenic	intergenic	6259	IGL
chr22_22750650	22750650	IGLV9-49	intergenic	intergenic	6253	IGL
chr22_23285986	23285986	IGLV4-3	intergenic	intergenic	8395	IGL
chr22_23286038	23286038	IGLV4-3	intergenic	intergenic	8343	IGL
chr22_22609036	22609036	IGLV6-57	intergenic	intergenic	298	IGL
chr22_22609214	22609214	IGLV6-57	intergenic	intergenic	120	IGL
chr22_22609896	22609896	IGLV6-57	intergenic	intergenic	45	IGL
chr22_22655389	22655389	IGLV10-54	intergenic	intergenic	26546	IGL
chr22_22656419	22656419	IGLV10-54	intergenic	intergenic	27576	IGL
chr22_23227836	23227836	IGLV3-10	intergenic	intergenic	6788	IGL
chr22_22969693	22969693	IGLV2-33	intergenic	intergenic	41252	IGL
chr22_23189712	23189712	IGLV3-12	intergenic	intergenic	4992	IGL
chr22_22531698	22531698	IGLV8-61	intergenic	intergenic	18901	IGL
chr22_22616077	22616077	IGLV11-55	intergenic	intergenic	340	IGL
chr22_22877070	22877070	IGLV1-36	intergenic	intergenic	21729	IGL
chr22_22877215	22877215	IGLV1-36	intergenic	intergenic	21874	IGL
chr22_22877246	22877246	IGLV1-36	intergenic	intergenic	21905	IGL
chr22_22877273	22877273	IGLV1-36	intergenic	intergenic	21932	IGL
chr22_22877392	22877392	IGLV1-36	intergenic	intergenic	22051	IGL
chr22_22877493	22877493	IGLV1-36	intergenic	intergenic	22152	IGL
chr22_22877610	22877610	IGLV1-36	intergenic	intergenic	22269	IGL
chr22_22877660	22877660	IGLV1-36	intergenic	intergenic	22319	IGL
chr22_22877713	22877713	IGLV1-36	intergenic	intergenic	22372	IGL
chr22_23362454	23362454	IGLJ7	intergenic	intergenic	2030	IGL
chr22_23363493	23363493	IGLJ7	intergenic	intergenic	3069	IGL
chr22_22872822	22872822	IGLV1-36	intergenic	intergenic	17481	IGL
chr22_22866653	22866653	IGLV1-36	intergenic	intergenic	11312	IGL
chr22_22867216	22867216	IGLV1-36	intergenic	intergenic	11875	IGL
chr22_22867230	22867230	IGLV1-36	intergenic	intergenic	11889	IGL
chr22_22867303	22867303	IGLV1-36	intergenic	intergenic	11962	IGL
chr22_22868075	22868075	IGLV1-36	intergenic	intergenic	12734	IGL
chr22_22868948	22868948	IGLV1-36	intergenic	intergenic	13607	IGL
chr22_22869127	22869127	IGLV1-36	intergenic	intergenic	13786	IGL
chr22_22869336	22869336	IGLV1-36	intergenic	intergenic	13995	IGL
chr22_22869840	22869840	IGLV1-36	intergenic	intergenic	14499	IGL
chr22_22870046	22870046	IGLV1-36	intergenic	intergenic	14705	IGL
chr22_22870149	22870149	IGLV1-36	intergenic	intergenic	14808	IGL
chr22_22870565	22870565	IGLV1-36	intergenic	intergenic	15224	IGL
chr22_22870595	22870595	IGLV1-36	intergenic	intergenic	15254	IGL
chr22_22870714	22870714	IGLV1-36	intergenic	intergenic	15373	IGL
chr22_22870772	22870772	IGLV1-36	intergenic	intergenic	15431	IGL
chr22_22870907	22870907	IGLV1-36	intergenic	intergenic	15566	IGL
chr22_22871568	22871568	IGLV1-36	intergenic	intergenic	16227	IGL
chr22_23088800	23088800	IGLV3-27	intergenic	intergenic	2504	IGL
chr22_22896523	22896523	IGLV1-36	intergenic	intergenic	41182	IGL
chr22_22648897	22648897	IGLV10-54	intergenic	intergenic	20054	IGL
chr22_22639475	22639475	IGLV10-54	intergenic	intergenic	10632	IGL
chr22_22616285	22616285	IGLV11-55	intergenic	intergenic	548	IGL
chr22_22616302	22616302	IGLV11-55	intergenic	intergenic	565	IGL
chr22_22616561	22616561	IGLV11-55	intergenic	intergenic	824	IGL
chr22_22638983	22638983	IGLV10-54	intergenic	intergenic	10140	IGL
chr22_22874658	22874658	IGLV1-36	intergenic	intergenic	19317	IGL
chr22_22620501	22620501	IGLV11-55	intergenic	intergenic	4764	IGL
chr22_22620895	22620895	IGLV11-55	intergenic	intergenic	5158	IGL
chr22_22622011	22622011	IGLV11-55	intergenic	intergenic	6274	IGL
chr22_22649243	22649243	IGLV10-54	intergenic	intergenic	20400	IGL
chr22_23107047	23107047	IGLV3-25	intergenic	intergenic	2688	IGL
chr22_22740405	22740405	IGLV1-50	intergenic	intergenic	632	IGL
chr22_22658342	22658342	IGLV10-54	intergenic	intergenic	29499	IGL
chr22_22658343	22658343	IGLV10-54	intergenic	intergenic	29500	IGL
chr22_22731054	22731054	IGLV5-52	intergenic	intergenic	1411	IGL
chr22_22892012	22892012	IGLV1-36	intergenic	intergenic	36671	IGL
chr22_23288177	23288177	IGLV4-3	intergenic	intergenic	6204	IGL
chr22_22764482	22764482	IGLV5-48	intergenic	intergenic	2172	IGL
chr22_22453903	22453903	IGLV4-69	intergenic	intergenic	8839	IGL
chr22_23152480	23152480	IGLV2-18	intergenic	intergenic	5097	IGL
chr22_22891829	22891829	IGLV1-36	intergenic	intergenic	36488	IGL
chr22_22613442	22613442	IGLV11-55	intergenic	intergenic	1769	IGL
chr22_22613743	22613743	IGLV11-55	intergenic	intergenic	1468	IGL
chr22_22613859	22613859	IGLV11-55	intergenic	intergenic	1352	IGL
chr22_22613888	22613888	IGLV11-55	intergenic	intergenic	1323	IGL
chr22_22613897	22613897	IGLV11-55	intergenic	intergenic	1314	IGL
chr22_22614012	22614012	IGLV11-55	intergenic	intergenic	1199	IGL
chr22_22614092	22614092	IGLV11-55	intergenic	intergenic	1119	IGL
chr22_22614093	22614093	IGLV11-55	intergenic	intergenic	1118	IGL
chr22_22614128	22614128	IGLV11-55	intergenic	intergenic	1083	IGL
chr22_22614221	22614221	IGLV11-55	intergenic	intergenic	990	IGL
chr22_22614526	22614526	IGLV11-55	intergenic	intergenic	685	IGL
chr22_22614605	22614605	IGLV11-55	intergenic	intergenic	606	IGL
chr22_22614633	22614633	IGLV11-55	intergenic	intergenic	578	IGL
chr22_22614704	22614704	IGLV11-55	intergenic	intergenic	507	IGL
chr22_22614779	22614779	IGLV11-55	intergenic	intergenic	432	IGL
chr22_22614820	22614820	IGLV11-55	intergenic	intergenic	391	IGL
chr22_22614831	22614831	IGLV11-55	intergenic	intergenic	380	IGL
chr22_22614911	22614911	IGLV11-55	intergenic	intergenic	300	IGL
chr22_22614939	22614939	IGLV11-55	intergenic	intergenic	272	IGL
chr22_22615083	22615083	IGLV11-55	intergenic	intergenic	128	IGL
chr22_22615805	22615805	IGLV11-55	intergenic	intergenic	68	IGL
chr22_22616254	22616254	IGLV11-55	intergenic	intergenic	517	IGL
chr22_22616410	22616410	IGLV11-55	intergenic	intergenic	673	IGL
chr22_22616434	22616434	IGLV11-55	intergenic	intergenic	697	IGL
chr22_23286677	23286677	IGLV4-3	intergenic	intergenic	7704	IGL
chr22_23286699	23286699	IGLV4-3	intergenic	intergenic	7682	IGL
chr22_23286951	23286951	IGLV4-3	intergenic	intergenic	7430	IGL
chr22_23287152	23287152	IGLV4-3	intergenic	intergenic	7229	IGL
chr22_23287223	23287223	IGLV4-3	intergenic	intergenic	7158	IGL
chr22_23287295	23287295	IGLV4-3	intergenic	intergenic	7086	IGL
chr22_23187610	23187610	IGLV2-14	intergenic	intergenic	5387	IGL
chr22_22877247	22877247	IGLV1-36	intergenic	intergenic	21906	IGL
chr22_22735822	22735822	IGLV1-51	intergenic	intergenic	384	IGL
chr22_22738278	22738278	IGLV1-51	intergenic	intergenic	1535	IGL
chr22_22727810	22727810	IGLV5-52	intergenic	intergenic	4655	IGL
chr22_23102838	23102838	IGLV3-25	intergenic	intergenic	6897	IGL
chr22_23375406	23375406	IGLJ7	intergenic	intergenic	14982	IGL
chr22_22586349	22586349	IGLV4-60	intergenic	intergenic	10094	IGL
chr22_22722775	22722775	IGLV5-52	intergenic	intergenic	9690	IGL
chr22_22610118	22610118	IGLV6-57	intergenic	intergenic	267	IGL
chr22_22880484	22880484	IGLV1-36	intergenic	intergenic	25143	IGL
chr22_22884748	22884748	IGLV1-36	intergenic	intergenic	29407	IGL
chr22_23178893	23178893	IGLV2-14	intergenic	intergenic	2779	IGL
chr22_22640263	22640263	IGLV10-54	intergenic	intergenic	11420	IGL
chr22_22608832	22608832	IGLV6-57	intergenic	intergenic	502	IGL
chr22_22874905	22874905	IGLV1-36	intergenic	intergenic	19564	IGL
chr22_22874909	22874909	IGLV1-36	intergenic	intergenic	19568	IGL
chr22_22497185	22497185	IGLV8-61	intergenic	intergenic	14576	IGL
chr22_23086228	23086228	IGLV3-27	intergenic	intergenic	5076	IGL
chr22_23086966	23086966	IGLV3-27	intergenic	intergenic	4338	IGL
chr22_23088554	23088554	IGLV3-27	intergenic	intergenic	2750	IGL
chr22_23256420	23256420	IGLV2-8	intergenic	intergenic	10214	IGL
chr22_22652536	22652536	IGLV10-54	intergenic	intergenic	23693	IGL
chr22_22775145	22775145	IGLV1-47	intergenic	intergenic	3127	IGL
chr22_23161279	23161279	IGLV2-18	intergenic	intergenic	3180	IGL
chr22_23055166	23055166	IGLV3-27	intergenic	intergenic	36138	IGL
chr22_23055584	23055584	IGLV3-27	intergenic	intergenic	35720	IGL
chr22_23059114	23059114	IGLV3-27	intergenic	intergenic	32190	IGL
chr22_22945465	22945465	IGLV2-33	intergenic	intergenic	65480	IGL
chr22_22611250	22611250	IGLV6-57	intergenic	intergenic	1399	IGL
chr22_22639609	22639609	IGLV10-54	intergenic	intergenic	10766	IGL
chr22_23187316	23187316	IGLV2-14	intergenic	intergenic	5093	IGL
chr22_23187739	23187739	IGLV2-14	intergenic	intergenic	5516	IGL
chr22_23188173	23188173	IGLV2-14	intergenic	intergenic	5950	IGL
chr22_23188293	23188293	IGLV2-14	intergenic	intergenic	6070	IGL
chr22_23188329	23188329	IGLV2-14	intergenic	intergenic	6106	IGL
chr22_23188330	23188330	IGLV2-14	intergenic	intergenic	6107	IGL
chr22_23188399	23188399	IGLV2-14	intergenic	intergenic	6176	IGL
chr22_23188400	23188400	IGLV2-14	intergenic	intergenic	6177	IGL
chr22_23188521	23188521	IGLV3-12	intergenic	intergenic	6183	IGL
chr22_23188522	23188522	IGLV3-12	intergenic	intergenic	6182	IGL
chr22_23188524	23188524	IGLV3-12	intergenic	intergenic	6180	IGL
chr22_23188525	23188525	IGLV3-12	intergenic	intergenic	6179	IGL
chr22_23188552	23188552	IGLV3-12	intergenic	intergenic	6152	IGL
chr22_23188570	23188570	IGLV3-12	intergenic	intergenic	6134	IGL
chr22_23188578	23188578	IGLV3-12	intergenic	intergenic	6126	IGL
chr22_23188586	23188586	IGLV3-12	intergenic	intergenic	6118	IGL
chr22_23188605	23188605	IGLV3-12	intergenic	intergenic	6099	IGL
chr22_23188785	23188785	IGLV3-12	intergenic	intergenic	5919	IGL
chr22_23188800	23188800	IGLV3-12	intergenic	intergenic	5904	IGL
chr22_23188801	23188801	IGLV3-12	intergenic	intergenic	5903	IGL
chr22_23188827	23188827	IGLV3-12	intergenic	intergenic	5877	IGL
chr22_23188838	23188838	IGLV3-12	intergenic	intergenic	5866	IGL
chr22_23188839	23188839	IGLV3-12	intergenic	intergenic	5865	IGL
chr22_23188840	23188840	IGLV3-12	intergenic	intergenic	5864	IGL
chr22_23188850	23188850	IGLV3-12	intergenic	intergenic	5854	IGL
chr22_23188861	23188861	IGLV3-12	intergenic	intergenic	5843	IGL
chr22_23189011	23189011	IGLV3-12	intergenic	intergenic	5693	IGL
chr22_23189185	23189185	IGLV3-12	intergenic	intergenic	5519	IGL
chr22_23190289	23190289	IGLV3-12	intergenic	intergenic	4415	IGL
chr22_23140794	23140794	IGLV3-19	intergenic	intergenic	2799	IGL
chr22_23141583	23141583	IGLV3-19	intergenic	intergenic	2010	IGL
chr22_23144392	23144392	IGLV3-19	intergenic	intergenic	227	IGL
chr22_23144757	23144757	IGLV3-19	intergenic	intergenic	592	IGL
chr22_23144773	23144773	IGLV3-19	intergenic	intergenic	608	IGL
chr22_23145043	23145043	IGLV3-19	intergenic	intergenic	878	IGL
chr22_23145208	23145208	IGLV3-19	intergenic	intergenic	1043	IGL
chr22_23145224	23145224	IGLV3-19	intergenic	intergenic	1059	IGL
chr22_23145468	23145468	IGLV3-19	intergenic	intergenic	1303	IGL
chr22_23145503	23145503	IGLV3-19	intergenic	intergenic	1338	IGL
chr22_23145513	23145513	IGLV3-19	intergenic	intergenic	1348	IGL
chr22_23145806	23145806	IGLV3-19	intergenic	intergenic	1641	IGL
chr22_23146217	23146217	IGLV3-19	intergenic	intergenic	2052	IGL
chr22_23147165	23147165	IGLV3-19	intergenic	intergenic	3000	IGL
chr22_23147464	23147464	IGLV3-19	intergenic	intergenic	3299	IGL
chr22_23147962	23147962	IGLV3-19	intergenic	intergenic	3797	IGL
chr22_23152149	23152149	IGLV2-18	intergenic	intergenic	5428	IGL
chr22_23352347	23352347	IGLJ5	intergenic	intergenic	889	IGL
chr22_22440482	22440482	IGLV4-69	intergenic	intergenic	4004	IGL
chr22_22740056	22740056	IGLV1-50	intergenic	intergenic	981	IGL
chr22_22433599	22433599	IGLV4-69	intergenic	intergenic	10887	IGL
chr22_22506873	22506873	IGLV8-61	intergenic	intergenic	4888	IGL
chr22_22599066	22599066	IGLV6-57	intergenic	intergenic	10268	IGL
chr22_22603575	22603575	IGLV6-57	intergenic	intergenic	5759	IGL
chr22_22603860	22603860	IGLV6-57	intergenic	intergenic	5474	IGL
chr22_22603862	22603862	IGLV6-57	intergenic	intergenic	5472	IGL
chr22_22605073	22605073	IGLV6-57	intergenic	intergenic	4261	IGL
chr22_22605798	22605798	IGLV6-57	intergenic	intergenic	3536	IGL
chr22_22605910	22605910	IGLV6-57	intergenic	intergenic	3424	IGL
chr22_22608231	22608231	IGLV6-57	intergenic	intergenic	1103	IGL
chr22_22875989	22875989	IGLV1-36	intergenic	intergenic	20648	IGL
chr22_22876527	22876527	IGLV1-36	intergenic	intergenic	21186	IGL
chr22_22647317	22647317	IGLV10-54	intergenic	intergenic	18474	IGL
chr22_22647759	22647759	IGLV10-54	intergenic	intergenic	18916	IGL
chr22_22647997	22647997	IGLV10-54	intergenic	intergenic	19154	IGL
chr22_22648139	22648139	IGLV10-54	intergenic	intergenic	19296	IGL
chr22_22648163	22648163	IGLV10-54	intergenic	intergenic	19320	IGL
chr22_22648382	22648382	IGLV10-54	intergenic	intergenic	19539	IGL
chr22_22648555	22648555	IGLV10-54	intergenic	intergenic	19712	IGL
chr22_22648556	22648556	IGLV10-54	intergenic	intergenic	19713	IGL
chr22_22652639	22652639	IGLV10-54	intergenic	intergenic	23796	IGL
chr22_22734029	22734029	IGLV5-52	intergenic	intergenic	1025	IGL
chr22_22859235	22859235	IGLV1-36	intergenic	intergenic	3894	IGL
chr22_22866159	22866159	IGLV1-36	intergenic	intergenic	10818	IGL
chr22_22866871	22866871	IGLV1-36	intergenic	intergenic	11530	IGL
chr22_22522729	22522729	IGLV8-61	intergenic	intergenic	9932	IGL
chr22_22803306	22803306	IGLV7-43	intergenic	intergenic	5426	IGL
chr22_22803600	22803600	IGLV7-43	intergenic	intergenic	5132	IGL
chr22_22799243	22799243	IGLV1-44	intergenic	intergenic	4143	IGL
chr22_22899123	22899123	IGLV1-36	intergenic	intergenic	43782	IGL
chr22_23246521	23246521	IGLV2-8	intergenic	intergenic	315	IGL
chr22_23211007	23211007	IGLV2-11	intergenic	intergenic	4361	IGL
chr22_22744712	22744712	IGLV1-50	intergenic	intergenic	3119	IGL
chr22_23145558	23145558	IGLV3-19	intergenic	intergenic	1393	IGL
chr22_23145560	23145560	IGLV3-19	intergenic	intergenic	1395	IGL
chr22_23169172	23169172	IGLV3-16	intergenic	intergenic	1174	IGL
chr22_23234439	23234439	IGLV3-10	intergenic	intergenic	185	IGL
chr22_22644913	22644913	IGLV10-54	intergenic	intergenic	16070	IGL
chr22_22641264	22641264	IGLV10-54	intergenic	intergenic	12421	IGL
chr22_22948053	22948053	IGLV2-33	intergenic	intergenic	62892	IGL
chr22_22886561	22886561	IGLV1-36	intergenic	intergenic	31220	IGL
chr22_22872623	22872623	IGLV1-36	intergenic	intergenic	17282	IGL
chr22_22874393	22874393	IGLV1-36	intergenic	intergenic	19052	IGL
chr22_22654942	22654942	IGLV10-54	intergenic	intergenic	26099	IGL
chr22_22719166	22719166	IGLV5-52	intergenic	intergenic	13299	IGL
chr22_22911635	22911635	IGLV1-36	intergenic	intergenic	56294	IGL
chr22_22782816	22782816	IGLV7-46	intergenic	intergenic	510	IGL
chr22_22624057	22624057	IGLV10-54	intergenic	intergenic	4282	IGL
chr22_22723574	22723574	IGLV5-52	intergenic	intergenic	8891	IGL
chr22_22844777	22844777	IGLV5-37	intergenic	intergenic	5598	IGL
chr22_22930053	22930053	IGLV1-36	intergenic	intergenic	74712	IGL
chr22_23181023	23181023	IGLV2-14	intergenic	intergenic	649	IGL
chr22_23213299	23213299	IGLV2-11	intergenic	intergenic	2069	IGL
chr22_23248018	23248018	IGLV2-8	intergenic	intergenic	1812	IGL
chr22_23248186	23248186	IGLV2-8	intergenic	intergenic	1980	IGL
chr22_23244963	23244963	IGLV2-8	intergenic	intergenic	572	IGL
chr22_23365494	23365494	IGLJ7	intergenic	intergenic	5070	IGL
chr22_23370058	23370058	IGLJ7	intergenic	intergenic	9634	IGL
chr22_22640530	22640530	IGLV10-54	intergenic	intergenic	11687	IGL
chr22_23279812	23279812	IGLV4-3	intergenic	intergenic	14569	IGL
chr22_23289215	23289215	IGLV4-3	intergenic	intergenic	5166	IGL
chr22_22657928	22657928	IGLV10-54	intergenic	intergenic	29085	IGL
chr22_22496003	22496003	IGLV8-61	intergenic	intergenic	15758	IGL
chr22_22560638	22560638	IGLV4-60	intergenic	intergenic	15096	IGL
chr22_22720545	22720545	IGLV5-52	intergenic	intergenic	11920	IGL
chr22_22983443	22983443	IGLV2-33	intergenic	intergenic	27502	IGL
chr22_23002065	23002065	IGLV2-33	intergenic	intergenic	8880	IGL
chr22_22595116	22595116	IGLV6-57	intergenic	intergenic	14218	IGL
chr22_22864592	22864592	IGLV1-36	intergenic	intergenic	9251	IGL
chr22_22642715	22642715	IGLV10-54	intergenic	intergenic	13872	IGL
chr22_22496790	22496790	IGLV8-61	intergenic	intergenic	14971	IGL
chr22_23067452	23067452	IGLV3-27	intergenic	intergenic	23852	IGL
chr22_23277788	23277788	IGLV4-3	intergenic	intergenic	16593	IGL
chr22_23278047	23278047	IGLV4-3	intergenic	intergenic	16334	IGL
chr22_23186806	23186806	IGLV2-14	intergenic	intergenic	4583	IGL
chr22_23234030	23234030	IGLV3-10	intergenic	intergenic	594	IGL
chr22_22888234	22888234	IGLV1-36	intergenic	intergenic	32893	IGL
chr22_23078601	23078601	IGLV3-27	intergenic	intergenic	12703	IGL
chr22_23365943	23365943	IGLJ7	intergenic	intergenic	5519	IGL
chr22_23200574	23200574	IGLV3-12	intergenic	intergenic	5072	IGL
chr22_23376249	23376249	IGLJ7	intergenic	intergenic	15825	IGL
chr22_22893866	22893866	IGLV1-36	intergenic	intergenic	38525	IGL
chr22_22635074	22635074	IGLV10-54	intergenic	intergenic	6231	IGL
chr22_22683105	22683105	IGLV5-52	intergenic	intergenic	49360	IGL
chr22_22649676	22649676	IGLV10-54	intergenic	intergenic	20833	IGL
chr22_22650050	22650050	IGLV10-54	intergenic	intergenic	21207	IGL
chr22_22650225	22650225	IGLV10-54	intergenic	intergenic	21382	IGL
chr22_22957313	22957313	IGLV2-33	intergenic	intergenic	53632	IGL
chr22_23198404	23198404	IGLV3-12	intergenic	intergenic	2902	IGL
chr22_22785955	22785955	IGLV7-46	intergenic	intergenic	2117	IGL
chr22_22705885	22705885	IGLV5-52	intergenic	intergenic	26580	IGL
chr22_22972455	22972455	IGLV2-33	intergenic	intergenic	38490	IGL
chr22_22974563	22974563	IGLV2-33	intergenic	intergenic	36382	IGL
chr22_22692583	22692583	IGLV5-52	intergenic	intergenic	39882	IGL
chr22_22715399	22715399	IGLV5-52	intergenic	intergenic	17066	IGL
chr22_22857026	22857026	IGLV1-36	intergenic	intergenic	1685	IGL
chr22_22859658	22859658	IGLV1-36	intergenic	intergenic	4317	IGL
chr22_22860697	22860697	IGLV1-36	intergenic	intergenic	5356	IGL
chr22_23082424	23082424	IGLV3-27	intergenic	intergenic	8880	IGL
chr22_22613142	22613142	IGLV11-55	intergenic	intergenic	2069	IGL
chr22_22494981	22494981	IGLV8-61	intergenic	intergenic	16780	IGL
chr22_22646583	22646583	IGLV10-54	intergenic	intergenic	17740	IGL
chr22_22494096	22494096	IGLV8-61	intergenic	intergenic	17665	IGL
chr22_22635272	22635272	IGLV10-54	intergenic	intergenic	6429	IGL
chr22_22836728	22836728	IGLV1-40	intergenic	intergenic	3597	IGL
chr22_22947613	22947613	IGLV2-33	intergenic	intergenic	63332	IGL
chr22_23352691	23352691	IGLJ5	intergenic	intergenic	545	IGL
chr22_22426852	22426852	IGLV4-69	intergenic	intergenic	17634	IGL
chr22_22585209	22585209	IGLV4-60	intergenic	intergenic	8954	IGL
chr22_23144624	23144624	IGLV3-19	intergenic	intergenic	459	IGL
chr22_23217863	23217863	IGLV2-11	intergenic	intergenic	1943	IGL
chr22_23199860	23199860	IGLV3-12	intergenic	intergenic	4358	IGL
chr22_23095831	23095831	IGLV3-27	intergenic	intergenic	3967	IGL
chr22_22974223	22974223	IGLV2-33	intergenic	intergenic	36722	IGL
chr22_22974520	22974520	IGLV2-33	intergenic	intergenic	36425	IGL
chr22_22975436	22975436	IGLV2-33	intergenic	intergenic	35509	IGL
chr22_23073416	23073416	IGLV3-27	intergenic	intergenic	17888	IGL
chr22_23189780	23189780	IGLV3-12	intergenic	intergenic	4924	IGL
chr22_22417565	22417565	IGLV4-69	intergenic	intergenic	26921	IGL
chr22_23085869	23085869	IGLV3-27	intergenic	intergenic	5435	IGL
chr22_22942192	22942192	IGLV2-33	intergenic	intergenic	68753	IGL
chr22_23055627	23055627	IGLV3-27	intergenic	intergenic	35677	IGL
chr22_22558537	22558537	IGLV4-60	intergenic	intergenic	17197	IGL
chr22_22778937	22778937	IGLV7-46	intergenic	intergenic	4389	IGL
chr22_22816255	22816255	IGLV5-39	intergenic	intergenic	46	IGL
chr22_22619043	22619043	IGLV11-55	intergenic	intergenic	3306	IGL
chr22_22648057	22648057	IGLV10-54	intergenic	intergenic	19214	IGL
chr22_22648475	22648475	IGLV10-54	intergenic	intergenic	19632	IGL
chr22_22648538	22648538	IGLV10-54	intergenic	intergenic	19695	IGL
chr22_22649085	22649085	IGLV10-54	intergenic	intergenic	20242	IGL
chr22_22489741	22489741	IGLV8-61	intergenic	intergenic	22020	IGL
chr22_22489949	22489949	IGLV8-61	intergenic	intergenic	21812	IGL
chr22_22490090	22490090	IGLV8-61	intergenic	intergenic	21671	IGL
chr22_22490969	22490969	IGLV8-61	intergenic	intergenic	20792	IGL
chr22_22671922	22671922	IGLV10-54	intergenic	intergenic	43079	IGL
chr22_22612800	22612800	IGLV11-55	intergenic	intergenic	2411	IGL
chr22_22612981	22612981	IGLV11-55	intergenic	intergenic	2230	IGL
chr22_22613324	22613324	IGLV11-55	intergenic	intergenic	1887	IGL
chr22_22613369	22613369	IGLV11-55	intergenic	intergenic	1842	IGL
chr22_22613385	22613385	IGLV11-55	intergenic	intergenic	1826	IGL
chr22_22615060	22615060	IGLV11-55	intergenic	intergenic	151	IGL
chr22_23189240	23189240	IGLV3-12	intergenic	intergenic	5464	IGL
chr22_23189621	23189621	IGLV3-12	intergenic	intergenic	5083	IGL
chr22_22583787	22583787	IGLV4-60	intergenic	intergenic	7532	IGL
chr22_22584346	22584346	IGLV4-60	intergenic	intergenic	8091	IGL
chr22_22486161	22486161	IGLV8-61	intergenic	intergenic	25600	IGL
chr22_23102790	23102790	IGLV3-25	intergenic	intergenic	6945	IGL
chr22_22787184	22787184	IGLV5-45	intergenic	intergenic	2514	IGL
chr22_22787810	22787810	IGLV5-45	intergenic	intergenic	1888	IGL
chr22_22788224	22788224	IGLV5-45	intergenic	intergenic	1474	IGL
chr22_23129885	23129885	IGLV3-22	intergenic	intergenic	2057	IGL
chr22_22507967	22507967	IGLV8-61	intergenic	intergenic	3794	IGL
chr22_22508297	22508297	IGLV8-61	intergenic	intergenic	3464	IGL
chr22_22508311	22508311	IGLV8-61	intergenic	intergenic	3450	IGL
chr22_22508511	22508511	IGLV8-61	intergenic	intergenic	3250	IGL
chr22_22509207	22509207	IGLV8-61	intergenic	intergenic	2554	IGL
chr22_22548124	22548124	IGLV4-60	intergenic	intergenic	27610	IGL
chr22_22947774	22947774	IGLV2-33	intergenic	intergenic	63171	IGL
chr22_23239270	23239270	IGLV3-9	intergenic	intergenic	2617	IGL
chr22_22849440	22849440	IGLV5-37	intergenic	intergenic	935	IGL
chr22_22584007	22584007	IGLV4-60	intergenic	intergenic	7752	IGL
chr22_22768796	22768796	IGLV5-48	intergenic	intergenic	1611	IGL
chr22_23158408	23158408	IGLV2-18	intergenic	intergenic	309	IGL
chr22_23161262	23161262	IGLV2-18	intergenic	intergenic	3163	IGL
chr22_23161263	23161263	IGLV2-18	intergenic	intergenic	3164	IGL
chr22_23161269	23161269	IGLV2-18	intergenic	intergenic	3170	IGL
chr22_23161273	23161273	IGLV2-18	intergenic	intergenic	3174	IGL
chr22_23161914	23161914	IGLV2-18	intergenic	intergenic	3815	IGL
chr22_23167676	23167676	IGLV3-16	intergenic	intergenic	2670	IGL
chr22_23168233	23168233	IGLV3-16	intergenic	intergenic	2113	IGL
chr22_23168503	23168503	IGLV3-16	intergenic	intergenic	1843	IGL
chr22_23373276	23373276	IGLJ7	intergenic	intergenic	12852	IGL
chr22_22492228	22492228	IGLV8-61	intergenic	intergenic	19533	IGL
chr22_22761656	22761656	IGLV9-49	intergenic	intergenic	4166	IGL
chr22_22968918	22968918	IGLV2-33	intergenic	intergenic	42027	IGL
chr22_23357743	23357743	IGLJ6	intergenic	intergenic	549	IGL
chr22_23381775	23381775	IGLJ7	intergenic	intergenic	21351	IGL
chr22_23381862	23381862	IGLJ7	intergenic	intergenic	21438	IGL
chr22_23209263	23209263	IGLV2-11	intergenic	intergenic	6105	IGL
chr22_22447241	22447241	IGLV4-69	intergenic	intergenic	2177	IGL
chr22_22946091	22946091	IGLV2-33	intergenic	intergenic	64854	IGL
chr22_22797937	22797937	IGLV1-44	intergenic	intergenic	2837	IGL
chr22_23273198	23273198	IGLV4-3	intergenic	intergenic	21183	IGL
chr22_22837782	22837782	IGLV1-40	intergenic	intergenic	4651	IGL
chr22_22840173	22840173	IGLV1-40	intergenic	intergenic	7042	IGL
chr22_22528474	22528474	IGLV8-61	intergenic	intergenic	15677	IGL
chr22_23283137	23283137	IGLV4-3	intergenic	intergenic	11244	IGL
chr22_23145990	23145990	IGLV3-19	intergenic	intergenic	1825	IGL
chr22_22796726	22796726	IGLV1-44	intergenic	intergenic	1626	IGL
chr22_22528351	22528351	IGLV8-61	intergenic	intergenic	15554	IGL
chr22_22444024	22444024	IGLV4-69	intergenic	intergenic	462	IGL
chr22_23141050	23141050	IGLV3-19	intergenic	intergenic	2543	IGL
chr22_22934987	22934987	IGLV2-33	intergenic	intergenic	75958	IGL
chr22_22522932	22522932	IGLV8-61	intergenic	intergenic	10135	IGL
chr22_23381570	23381570	IGLJ7	intergenic	intergenic	21146	IGL
chr22_22494031	22494031	IGLV8-61	intergenic	intergenic	17730	IGL
chr22_22452039	22452039	IGLV4-69	intergenic	intergenic	6975	IGL
chr22_22549586	22549586	IGLV4-60	intergenic	intergenic	26148	IGL
chr22_22551747	22551747	IGLV4-60	intergenic	intergenic	23987	IGL
chr22_22553256	22553256	IGLV4-60	intergenic	intergenic	22478	IGL
chr22_22553926	22553926	IGLV4-60	intergenic	intergenic	21808	IGL
chr22_22554102	22554102	IGLV4-60	intergenic	intergenic	21632	IGL
chr22_22554133	22554133	IGLV4-60	intergenic	intergenic	21601	IGL
chr22_22554277	22554277	IGLV4-60	intergenic	intergenic	21457	IGL
chr22_22554757	22554757	IGLV4-60	intergenic	intergenic	20977	IGL
chr22_22554919	22554919	IGLV4-60	intergenic	intergenic	20815	IGL
chr22_22554993	22554993	IGLV4-60	intergenic	intergenic	20741	IGL
chr22_22555412	22555412	IGLV4-60	intergenic	intergenic	20322	IGL
chr22_22555458	22555458	IGLV4-60	intergenic	intergenic	20276	IGL
chr22_22555628	22555628	IGLV4-60	intergenic	intergenic	20106	IGL
chr22_22555769	22555769	IGLV4-60	intergenic	intergenic	19965	IGL
chr22_22537554	22537554	IGLV8-61	intergenic	intergenic	24757	IGL
chr22_23187110	23187110	IGLV2-14	intergenic	intergenic	4887	IGL
chr22_23187639	23187639	IGLV2-14	intergenic	intergenic	5416	IGL
chr22_23187726	23187726	IGLV2-14	intergenic	intergenic	5503	IGL
chr22_23187916	23187916	IGLV2-14	intergenic	intergenic	5693	IGL
chr22_23188064	23188064	IGLV2-14	intergenic	intergenic	5841	IGL
chr22_23188364	23188364	IGLV2-14	intergenic	intergenic	6141	IGL
chr22_23188583	23188583	IGLV3-12	intergenic	intergenic	6121	IGL
chr22_23188633	23188633	IGLV3-12	intergenic	intergenic	6071	IGL
chr22_23188832	23188832	IGLV3-12	intergenic	intergenic	5872	IGL
chr22_23188858	23188858	IGLV3-12	intergenic	intergenic	5846	IGL
chr22_23188900	23188900	IGLV3-12	intergenic	intergenic	5804	IGL
chr22_23189330	23189330	IGLV3-12	intergenic	intergenic	5374	IGL
chr22_23189574	23189574	IGLV3-12	intergenic	intergenic	5130	IGL
chr22_23189619	23189619	IGLV3-12	intergenic	intergenic	5085	IGL
chr22_23190269	23190269	IGLV3-12	intergenic	intergenic	4435	IGL
chr22_22432551	22432551	IGLV4-69	intergenic	intergenic	11935	IGL
chr22_23246640	23246640	IGLV2-8	intergenic	intergenic	434	IGL
chr22_23054461	23054461	IGLV3-32	intergenic	intergenic	36636	IGL
chr22_23179320	23179320	IGLV2-14	intergenic	intergenic	2352	IGL
chr22_22740692	22740692	IGLV1-50	intergenic	intergenic	345	IGL
chr22_23241101	23241101	IGLV3-9	intergenic	intergenic	786	IGL
chr22_22934376	22934376	IGLV2-33	intergenic	intergenic	76569	IGL
chr22_22432546	22432546	IGLV4-69	intergenic	intergenic	11940	IGL
chr22_22432601	22432601	IGLV4-69	intergenic	intergenic	11885	IGL
chr22_23277960	23277960	IGLV4-3	intergenic	intergenic	16421	IGL
chr22_22478396	22478396	IGLV4-69	intergenic	intergenic	33332	IGL
chr22_22478911	22478911	IGLV8-61	intergenic	intergenic	32850	IGL
chr22_22479035	22479035	IGLV8-61	intergenic	intergenic	32726	IGL
chr22_22479264	22479264	IGLV8-61	intergenic	intergenic	32497	IGL
chr22_22720323	22720323	IGLV5-52	intergenic	intergenic	12142	IGL
chr22_22438140	22438140	IGLV4-69	intergenic	intergenic	6346	IGL
chr22_22438565	22438565	IGLV4-69	intergenic	intergenic	5921	IGL
chr22_22948076	22948076	IGLV2-33	intergenic	intergenic	62869	IGL
chr22_22540586	22540586	IGLV8-61	intergenic	intergenic	27789	IGL
chr22_22529171	22529171	IGLV8-61	intergenic	intergenic	16374	IGL
chr22_22596579	22596579	IGLV6-57	intergenic	intergenic	12755	IGL
chr22_22596587	22596587	IGLV6-57	intergenic	intergenic	12747	IGL
chr22_22596588	22596588	IGLV6-57	intergenic	intergenic	12746	IGL
chr22_22596592	22596592	IGLV6-57	intergenic	intergenic	12742	IGL
chr22_22664658	22664658	IGLV10-54	intergenic	intergenic	35815	IGL
chr22_22670682	22670682	IGLV10-54	intergenic	intergenic	41839	IGL
chr22_22815620	22815620	IGLV5-39	intergenic	intergenic	681	IGL
chr22_23068630	23068630	IGLV3-27	intergenic	intergenic	22674	IGL
chr22_23178401	23178401	IGLV2-14	intergenic	intergenic	3271	IGL
chr22_23178435	23178435	IGLV2-14	intergenic	intergenic	3237	IGL
chr22_23178490	23178490	IGLV2-14	intergenic	intergenic	3182	IGL
chr22_23178500	23178500	IGLV2-14	intergenic	intergenic	3172	IGL
chr22_23180844	23180844	IGLV2-14	intergenic	intergenic	828	IGL
chr22_22476517	22476517	IGLV4-69	intergenic	intergenic	31453	IGL
chr22_22476819	22476819	IGLV4-69	intergenic	intergenic	31755	IGL
chr22_22476837	22476837	IGLV4-69	intergenic	intergenic	31773	IGL
chr22_22785718	22785718	IGLV7-46	intergenic	intergenic	1880	IGL
chr22_23274060	23274060	IGLV4-3	intergenic	intergenic	20321	IGL
chr22_23241683	23241683	IGLV3-9	intergenic	intergenic	204	IGL
chr22_22739273	22739273	IGLV1-50	intergenic	intergenic	1764	IGL
chr22_22533082	22533082	IGLV8-61	intergenic	intergenic	20285	IGL
chr22_22639957	22639957	IGLV10-54	intergenic	intergenic	11114	IGL
chr22_22617639	22617639	IGLV11-55	intergenic	intergenic	1902	IGL
chr22_22477193	22477193	IGLV4-69	intergenic	intergenic	32129	IGL
chr22_22477482	22477482	IGLV4-69	intergenic	intergenic	32418	IGL
chr22_22477953	22477953	IGLV4-69	intergenic	intergenic	32889	IGL
chr22_22477974	22477974	IGLV4-69	intergenic	intergenic	32910	IGL
chr22_22478119	22478119	IGLV4-69	intergenic	intergenic	33055	IGL
chr22_22813553	22813553	IGLV5-39	intergenic	intergenic	2748	IGL
chr22_22517287	22517287	IGLV8-61	intergenic	intergenic	4490	IGL
chr22_22517685	22517685	IGLV8-61	intergenic	intergenic	4888	IGL
chr22_22517790	22517790	IGLV8-61	intergenic	intergenic	4993	IGL
chr22_22519427	22519427	IGLV8-61	intergenic	intergenic	6630	IGL
chr22_22519817	22519817	IGLV8-61	intergenic	intergenic	7020	IGL
chr22_22640789	22640789	IGLV10-54	intergenic	intergenic	11946	IGL
chr22_22441942	22441942	IGLV4-69	intergenic	intergenic	2544	IGL
chr22_23297319	23297319	IGLV4-3	intergenic	intergenic	2370	IGL
chr22_22788202	22788202	IGLV5-45	intergenic	intergenic	1496	IGL
chr22_22660941	22660941	IGLV10-54	intergenic	intergenic	32098	IGL
chr22_23219779	23219779	IGLV2-11	intergenic	intergenic	3859	IGL
chr22_22637569	22637569	IGLV10-54	intergenic	intergenic	8726	IGL
chr22_22637604	22637604	IGLV10-54	intergenic	intergenic	8761	IGL
chr22_22637605	22637605	IGLV10-54	intergenic	intergenic	8762	IGL
chr22_22486408	22486408	IGLV8-61	intergenic	intergenic	25353	IGL
chr22_22668751	22668751	IGLV10-54	intergenic	intergenic	39908	IGL
chr22_22670324	22670324	IGLV10-54	intergenic	intergenic	41481	IGL
chr22_23202813	23202813	IGLV3-12	intergenic	intergenic	7311	IGL
chr22_22616163	22616163	IGLV11-55	intergenic	intergenic	426	IGL
chr22_22657167	22657167	IGLV10-54	intergenic	intergenic	28324	IGL
chr22_22657169	22657169	IGLV10-54	intergenic	intergenic	28326	IGL
chr22_23077178	23077178	IGLV3-27	intergenic	intergenic	14126	IGL
chr22_22675726	22675726	IGLV10-54	intergenic	intergenic	46883	IGL
chr22_23071805	23071805	IGLV3-27	intergenic	intergenic	19499	IGL
chr22_23072983	23072983	IGLV3-27	intergenic	intergenic	18321	IGL
chr22_23072999	23072999	IGLV3-27	intergenic	intergenic	18305	IGL
chr22_23073149	23073149	IGLV3-27	intergenic	intergenic	18155	IGL
chr22_23075540	23075540	IGLV3-27	intergenic	intergenic	15764	IGL
chr22_23069163	23069163	IGLV3-27	intergenic	intergenic	22141	IGL
chr22_22661895	22661895	IGLV10-54	intergenic	intergenic	33052	IGL
chr22_22662151	22662151	IGLV10-54	intergenic	intergenic	33308	IGL
chr22_22664980	22664980	IGLV10-54	intergenic	intergenic	36137	IGL
chr22_22668559	22668559	IGLV10-54	intergenic	intergenic	39716	IGL
chr22_23145994_2	23145994	IGLV3-19	intergenic	intergenic	1829	IGL
chr22_22656870	22656870	IGLV10-54	intergenic	intergenic	28027	IGL
chr22_22838389	22838389	IGLV1-40	intergenic	intergenic	5258	IGL
chr22_22843914	22843914	IGLV5-37	intergenic	intergenic	6461	IGL
chr22_22844308	22844308	IGLV5-37	intergenic	intergenic	6067	IGL
chr22_22563964	22563964	IGLV4-60	intergenic	intergenic	11770	IGL
chr22_22564170	22564170	IGLV4-60	intergenic	intergenic	11564	IGL
chr22_22564278	22564278	IGLV4-60	intergenic	intergenic	11456	IGL
chr22_22564764	22564764	IGLV4-60	intergenic	intergenic	10970	IGL
chr22_22564779	22564779	IGLV4-60	intergenic	intergenic	10955	IGL
chr22_22565219	22565219	IGLV4-60	intergenic	intergenic	10515	IGL
chr22_22499634	22499634	IGLV8-61	intergenic	intergenic	12127	IGL
chr22_22611651	22611651	IGLV6-57	intergenic	intergenic	1800	IGL
chr22_22487501	22487501	IGLV8-61	intergenic	intergenic	24260	IGL
chr22_22821962	22821962	IGLV1-41	intergenic	intergenic	5106	IGL
chr22_23394467	23394467	IGLJ7	intergenic	intergenic	34043	IGL
chr22_22969713	22969713	IGLV2-33	intergenic	intergenic	41232	IGL
chr22_23243150	23243150	IGLV3-9	intergenic	intergenic	481	IGL
chr22_23309764	23309764	IGLV3-1	intergenic	intergenic	5423	IGL
chr22_23189049	23189049	IGLV3-12	intergenic	intergenic	5655	IGL
chr22_22634673	22634673	IGLV10-54	intergenic	intergenic	5830	IGL
chr22_22502782	22502782	IGLV8-61	intergenic	intergenic	8979	IGL
chr22_22942028	22942028	IGLV2-33	intergenic	intergenic	68917	IGL
chr22_22782461	22782461	IGLV7-46	intergenic	intergenic	865	IGL
chr22_22548707	22548707	IGLV4-60	intergenic	intergenic	27027	IGL
chr22_22553770	22553770	IGLV4-60	intergenic	intergenic	21964	IGL
chr22_22556240	22556240	IGLV4-60	intergenic	intergenic	19494	IGL
chr22_22557942	22557942	IGLV4-60	intergenic	intergenic	17792	IGL
chr22_22559054	22559054	IGLV4-60	intergenic	intergenic	16680	IGL
chr22_22561327	22561327	IGLV4-60	intergenic	intergenic	14407	IGL
chr22_22573276	22573276	IGLV4-60	intergenic	intergenic	2458	IGL
chr22_22575194	22575194	IGLV4-60	intergenic	intergenic	540	IGL
chr22_23253605	23253605	IGLV2-8	intergenic	intergenic	7399	IGL
chr22_22952196	22952196	IGLV2-33	intergenic	intergenic	58749	IGL
chr22_23222443	23222443	IGLV2-11	intergenic	intergenic	6523	IGL
chr22_22454189	22454189	IGLV4-69	intergenic	intergenic	9125	IGL
chr22_22865829	22865829	IGLV1-36	intergenic	intergenic	10488	IGL
chr22_22795819	22795819	IGLV1-44	intergenic	intergenic	719	IGL
chr22_23239620	23239620	IGLV3-9	intergenic	intergenic	2267	IGL
chr22_22644085	22644085	IGLV10-54	intergenic	intergenic	15242	IGL
chr22_23161341	23161341	IGLV2-18	intergenic	intergenic	3242	IGL
chr22_22876300	22876300	IGLV1-36	intergenic	intergenic	20959	IGL
chr22_23060590	23060590	IGLV3-27	intergenic	intergenic	30714	IGL
chr22_22939557	22939557	IGLV2-33	intergenic	intergenic	71388	IGL
chr22_22574284	22574284	IGLV4-60	intergenic	intergenic	1450	IGL
chr22_22576491	22576491	IGLV4-60	intergenic	intergenic	236	IGL
chr22_22576840	22576840	IGLV4-60	intergenic	intergenic	585	IGL
chr22_22576844	22576844	IGLV4-60	intergenic	intergenic	589	IGL
chr22_22576968	22576968	IGLV4-60	intergenic	intergenic	713	IGL
chr22_22577020	22577020	IGLV4-60	intergenic	intergenic	765	IGL
chr22_22577208	22577208	IGLV4-60	intergenic	intergenic	953	IGL
chr22_22577263	22577263	IGLV4-60	intergenic	intergenic	1008	IGL
chr22_22503547	22503547	IGLV8-61	intergenic	intergenic	8214	IGL
chr22_22481012	22481012	IGLV8-61	intergenic	intergenic	30749	IGL
chr22_22544440	22544440	IGLV4-60	intergenic	intergenic	31294	IGL
chr22_22545874	22545874	IGLV4-60	intergenic	intergenic	29860	IGL
chr22_22650511	22650511	IGLV10-54	intergenic	intergenic	21668	IGL
chr22_22460420	22460420	IGLV4-69	intergenic	intergenic	15356	IGL
chr22_22421508	22421508	IGLV4-69	intergenic	intergenic	22978	IGL
chr22_23232482	23232482	IGLV3-10	intergenic	intergenic	2142	IGL
chr22_22976040	22976040	IGLV2-33	intergenic	intergenic	34905	IGL
chr22_22965539	22965539	IGLV2-33	intergenic	intergenic	45406	IGL
chr22_22646890	22646890	IGLV10-54	intergenic	intergenic	18047	IGL
chr22_23186351	23186351	IGLV2-14	intergenic	intergenic	4128	IGL
chr22_23187268	23187268	IGLV2-14	intergenic	intergenic	5045	IGL
chr22_23233276	23233276	IGLV3-10	intergenic	intergenic	1348	IGL
chr22_22604975	22604975	IGLV6-57	intergenic	intergenic	4359	IGL
chr22_23239065	23239065	IGLV3-9	intergenic	intergenic	2822	IGL
chr22_23239322	23239322	IGLV3-9	intergenic	intergenic	2565	IGL
chr22_22420846	22420846	IGLV4-69	intergenic	intergenic	23640	IGL
chr22_22617599	22617599	IGLV11-55	intergenic	intergenic	1862	IGL
chr22_23244771	23244771	IGLV2-8	intergenic	intergenic	764	IGL
chr22_23209281	23209281	IGLV2-11	intergenic	intergenic	6087	IGL
chr22_23194627	23194627	IGLV3-12	intergenic	intergenic	77	IGL
chr22_23194673	23194673	IGLV3-12	intergenic	intergenic	31	IGL
chr22_22642243	22642243	IGLV10-54	intergenic	intergenic	13400	IGL
chr22_22800918	22800918	IGLV1-44	intergenic	intergenic	5818	IGL
chr22_23162789	23162789	IGLV2-18	intergenic	intergenic	4690	IGL
chr22_23164610	23164610	IGLV3-16	intergenic	intergenic	5736	IGL
chr22_23167393	23167393	IGLV3-16	intergenic	intergenic	2953	IGL
chr22_23168304	23168304	IGLV3-16	intergenic	intergenic	2042	IGL
chr22_23170217	23170217	IGLV3-16	intergenic	intergenic	129	IGL
chr22_23175756	23175756	IGLV3-16	intergenic	intergenic	4834	IGL
chr22_22525735	22525735	IGLV8-61	intergenic	intergenic	12938	IGL
chr22_23139797	23139797	IGLV3-21	intergenic	intergenic	3588	IGL
chr22_23140838	23140838	IGLV3-19	intergenic	intergenic	2755	IGL
chr22_23142884	23142884	IGLV3-19	intergenic	intergenic	709	IGL
chr22_23145538	23145538	IGLV3-19	intergenic	intergenic	1373	IGL
chr22_23151815	23151815	IGLV2-18	intergenic	intergenic	5762	IGL
chr22_23152291	23152291	IGLV2-18	intergenic	intergenic	5286	IGL
chr22_23282202	23282202	IGLV4-3	intergenic	intergenic	12179	IGL
chr22_22490807	22490807	IGLV8-61	intergenic	intergenic	20954	IGL
chr22_22663045	22663045	IGLV10-54	intergenic	intergenic	34202	IGL
chr22_23069297	23069297	IGLV3-27	intergenic	intergenic	22007	IGL
chr22_22915699	22915699	IGLV1-36	intergenic	intergenic	60358	IGL
chr22_23279850	23279850	IGLV4-3	intergenic	intergenic	14531	IGL
chr22_23281930	23281930	IGLV4-3	intergenic	intergenic	12451	IGL
chr22_23283737	23283737	IGLV4-3	intergenic	intergenic	10644	IGL
chr22_23236897	23236897	IGLV3-10	intergenic	intergenic	1699	IGL
chr22_22489414	22489414	IGLV8-61	intergenic	intergenic	22347	IGL
chr22_23108049	23108049	IGLV3-25	intergenic	intergenic	1686	IGL
chr22_22710811	22710811	IGLV5-52	intergenic	intergenic	21654	IGL
chr22_22770248	22770248	IGLV1-47	intergenic	intergenic	1207	IGL
chr22_23069459	23069459	IGLV3-27	intergenic	intergenic	21845	IGL
chr22_22753659	22753659	IGLV9-49	intergenic	intergenic	3244	IGL
chr22_23225435_2	23225435	IGLV3-10	intergenic	intergenic	9189	IGL
chr22_22544410	22544410	IGLV4-60	intergenic	intergenic	31324	IGL
chr22_22548147	22548147	IGLV4-60	intergenic	intergenic	27587	IGL
chr22_22453298	22453298	IGLV4-69	intergenic	intergenic	8234	IGL
chr22_22766640	22766640	IGLV5-48	intergenic	intergenic	14	IGL
chr22_22645136	22645136	IGLV10-54	intergenic	intergenic	16293	IGL
chr22_23157055	23157055	IGLV2-18	intergenic	intergenic	522	IGL
chr22_22916533	22916533	IGLV1-36	intergenic	intergenic	61192	IGL
chr22_23293502	23293502	IGLV4-3	intergenic	intergenic	879	IGL
chr22_22805962	22805962	IGLV7-43	intergenic	intergenic	2770	IGL
chr22_22641486	22641486	IGLV10-54	intergenic	intergenic	12643	IGL
chr22_23228465	23228465	IGLV3-10	intergenic	intergenic	6159	IGL
chr22_22528169	22528169	IGLV8-61	intergenic	intergenic	15372	IGL
chr22_23240814	23240814	IGLV3-9	intergenic	intergenic	1073	IGL
chr22_22460159	22460159	IGLV4-69	intergenic	intergenic	15095	IGL
chr22_22658507	22658507	IGLV10-54	intergenic	intergenic	29664	IGL
chr22_23249092	23249092	IGLV2-8	intergenic	intergenic	2886	IGL
chr22_23137164	23137164	IGLV3-21	intergenic	intergenic	955	IGL
chr22_23137179	23137179	IGLV3-21	intergenic	intergenic	970	IGL
chr22_23137180	23137180	IGLV3-21	intergenic	intergenic	971	IGL
chr22_23137185	23137185	IGLV3-21	intergenic	intergenic	976	IGL
chr22_23137205	23137205	IGLV3-21	intergenic	intergenic	996	IGL
chr22_23137260	23137260	IGLV3-21	intergenic	intergenic	1051	IGL
chr22_23137263	23137263	IGLV3-21	intergenic	intergenic	1054	IGL
chr22_23137282	23137282	IGLV3-21	intergenic	intergenic	1073	IGL
chr22_23137367	23137367	IGLV3-21	intergenic	intergenic	1158	IGL
chr22_23137382	23137382	IGLV3-21	intergenic	intergenic	1173	IGL
chr22_22915688	22915688	IGLV1-36	intergenic	intergenic	60347	IGL
chr22_23214076	23214076	IGLV2-11	intergenic	intergenic	1292	IGL
chr22_23191001	23191001	IGLV3-12	intergenic	intergenic	3703	IGL
chr22_23056201	23056201	IGLV3-27	intergenic	intergenic	35103	IGL
chr22_23059166	23059166	IGLV3-27	intergenic	intergenic	32138	IGL
chr22_23238385	23238385	IGLV3-10	intergenic	intergenic	3187	IGL
chr22_22796411	22796411	IGLV1-44	intergenic	intergenic	1311	IGL
chr22_22611660	22611660	IGLV6-57	intergenic	intergenic	1809	IGL
chr22_22980962	22980962	IGLV2-33	intergenic	intergenic	29983	IGL
chr22_22817938	22817938	IGLV5-39	intergenic	intergenic	1106	IGL
chr22_22913131	22913131	IGLV1-36	intergenic	intergenic	57790	IGL
chr22_23369469	23369469	IGLJ7	intergenic	intergenic	9045	IGL
chr22_22656258	22656258	IGLV10-54	intergenic	intergenic	27415	IGL
chr22_22656301	22656301	IGLV10-54	intergenic	intergenic	27458	IGL
chr22_23394062	23394062	IGLJ7	intergenic	intergenic	33638	IGL
chr22_22981425	22981425	IGLV2-33	intergenic	intergenic	29520	IGL
chr22_22648149	22648149	IGLV10-54	intergenic	intergenic	19306	IGL
chr22_23276504	23276504	IGLV4-3	intergenic	intergenic	17877	IGL
chr22_22986136	22986136	IGLV2-33	intergenic	intergenic	24809	IGL
chr22_23060771	23060771	IGLV3-27	intergenic	intergenic	30533	IGL
chr22_22475848	22475848	IGLV4-69	intergenic	intergenic	30784	IGL
chr22_23129407	23129407	IGLV3-22	intergenic	intergenic	1579	IGL
chr22_23380831	23380831	IGLJ7	intergenic	intergenic	20407	IGL
chr22_23218296	23218296	IGLV2-11	intergenic	intergenic	2376	IGL
chr22_23352378	23352378	IGLJ5	intergenic	intergenic	858	IGL
chr22_23177535	23177535	IGLV2-14	intergenic	intergenic	4137	IGL
chr22_23177814	23177814	IGLV2-14	intergenic	intergenic	3858	IGL
chr22_23179107	23179107	IGLV2-14	intergenic	intergenic	2565	IGL
chr22_22525389	22525389	IGLV8-61	intergenic	intergenic	12592	IGL
chr22_22421244	22421244	IGLV4-69	intergenic	intergenic	23242	IGL
chr22_23060230	23060230	IGLV3-27	intergenic	intergenic	31074	IGL
chr22_23060233	23060233	IGLV3-27	intergenic	intergenic	31071	IGL
chr22_23060234	23060234	IGLV3-27	intergenic	intergenic	31070	IGL
chr22_22636031	22636031	IGLV10-54	intergenic	intergenic	7188	IGL
chr22_23193894	23193894	IGLV3-12	intergenic	intergenic	810	IGL
chr22_23130957	23130957	IGLV3-22	intergenic	intergenic	3129	IGL
chr22_23131622	23131622	IGLV3-21	intergenic	intergenic	3037	IGL
chr22_22531252	22531252	IGLV8-61	intergenic	intergenic	18455	IGL
chr22_23392395	23392395	IGLJ7	intergenic	intergenic	31971	IGL
chr22_23298286	23298286	IGLV4-3	intergenic	intergenic	3337	IGL
chr22_22596623	22596623	IGLV6-57	intergenic	intergenic	12711	IGL
chr22_22596624	22596624	IGLV6-57	intergenic	intergenic	12710	IGL
chr22_22847424	22847424	IGLV5-37	intergenic	intergenic	2951	IGL
chr22_22454908	22454908	IGLV4-69	intergenic	intergenic	9844	IGL
chr22_22456208	22456208	IGLV4-69	intergenic	intergenic	11144	IGL
chr22_23297238	23297238	IGLV4-3	intergenic	intergenic	2289	IGL
chr22_23297945	23297945	IGLV4-3	intergenic	intergenic	2996	IGL
chr22_22942848	22942848	IGLV2-33	intergenic	intergenic	68097	IGL
chr22_23193552	23193552	IGLV3-12	intergenic	intergenic	1152	IGL
chr22_22438222	22438222	IGLV4-69	intergenic	intergenic	6264	IGL
chr22_22537862	22537862	IGLV8-61	intergenic	intergenic	25065	IGL
chr22_22538361	22538361	IGLV8-61	intergenic	intergenic	25564	IGL
chr22_22783129	22783129	IGLV7-46	intergenic	intergenic	197	IGL
chr22_22447175	22447175	IGLV4-69	intergenic	intergenic	2111	IGL
chr22_23281227	23281227	IGLV4-3	intergenic	intergenic	13154	IGL
chr22_23284137	23284137	IGLV4-3	intergenic	intergenic	10244	IGL
chr22_22875177	22875177	IGLV1-36	intergenic	intergenic	19836	IGL
chr22_22547858	22547858	IGLV4-60	intergenic	intergenic	27876	IGL
chr22_22548121	22548121	IGLV4-60	intergenic	intergenic	27613	IGL
chr22_23236369	23236369	IGLV3-10	intergenic	intergenic	1171	IGL
chr22_22471169	22471169	IGLV4-69	intergenic	intergenic	26105	IGL
chr22_23159291	23159291	IGLV2-18	intergenic	intergenic	1192	IGL
chr22_22893780	22893780	IGLV1-36	intergenic	intergenic	38439	IGL
chr22_22462276	22462276	IGLV4-69	intergenic	intergenic	17212	IGL
chr22_22852582	22852582	IGLV5-37	intergenic	intergenic	1672	IGL
chr22_23296807	23296807	IGLV4-3	intergenic	intergenic	1858	IGL
chr22_23298996	23298996	IGLV4-3	intergenic	intergenic	4047	IGL
chr22_22463236	22463236	IGLV4-69	intergenic	intergenic	18172	IGL
chr22_23241677	23241677	IGLV3-9	intergenic	intergenic	210	IGL
chr22_23375386	23375386	IGLJ7	intergenic	intergenic	14962	IGL
chr22_22585791	22585791	IGLV4-60	intergenic	intergenic	9536	IGL
chr22_22980929	22980929	IGLV2-33	intergenic	intergenic	30016	IGL
chr22_22638502	22638502	IGLV10-54	intergenic	intergenic	9659	IGL
chr22_23272224	23272224	IGLV4-3	intergenic	intergenic	22157	IGL
chr22_22673405	22673405	IGLV10-54	intergenic	intergenic	44562	IGL
chr22_23137079	23137079	IGLV3-21	intergenic	intergenic	870	IGL
chr22_22543985	22543985	IGLV8-61	intergenic	intergenic	31188	IGL
chr22_23161561	23161561	IGLV2-18	intergenic	intergenic	3462	IGL
chr22_22791304	22791304	IGLV5-45	intergenic	intergenic	1047	IGL
chr22_22611980	22611980	IGLV6-57	intergenic	intergenic	2129	IGL
chr22_22612055	22612055	IGLV6-57	intergenic	intergenic	2204	IGL
chr22_23224924	23224924	IGLV2-11	intergenic	intergenic	9004	IGL
chr22_22664652	22664652	IGLV10-54	intergenic	intergenic	35809	IGL
chr22_22667101	22667101	IGLV10-54	intergenic	intergenic	38258	IGL
chr22_22667319	22667319	IGLV10-54	intergenic	intergenic	38476	IGL
chr22_22670890	22670890	IGLV10-54	intergenic	intergenic	42047	IGL
chr22_23144669	23144669	IGLV3-19	intergenic	intergenic	504	IGL
chr22_23146038	23146038	IGLV3-19	intergenic	intergenic	1873	IGL
chr22_23146326	23146326	IGLV3-19	intergenic	intergenic	2161	IGL
chr22_23146555	23146555	IGLV3-19	intergenic	intergenic	2390	IGL
chr22_23146556	23146556	IGLV3-19	intergenic	intergenic	2391	IGL
chr22_23147352	23147352	IGLV3-19	intergenic	intergenic	3187	IGL
chr22_23149600	23149600	IGLV3-19	intergenic	intergenic	5435	IGL
chr22_23090380	23090380	IGLV3-27	intergenic	intergenic	924	IGL
chr22_22408356	22408356	IGLV4-69	intergenic	intergenic	36130	IGL
chr22_22500678	22500678	IGLV8-61	intergenic	intergenic	11083	IGL
chr22_23062749	23062749	IGLV3-27	intergenic	intergenic	28555	IGL
chr22_22970307	22970307	IGLV2-33	intergenic	intergenic	40638	IGL
chr22_22970959	22970959	IGLV2-33	intergenic	intergenic	39986	IGL
chr22_22460323	22460323	IGLV4-69	intergenic	intergenic	15259	IGL
chr22_23102575	23102575	IGLV3-25	intergenic	intergenic	7160	IGL
chr22_22601048	22601048	IGLV6-57	intergenic	intergenic	8286	IGL
chr22_22606921	22606921	IGLV6-57	intergenic	intergenic	2413	IGL
chr22_23109360	23109360	IGLV3-25	intergenic	intergenic	375	IGL
chr22_22528371	22528371	IGLV8-61	intergenic	intergenic	15574	IGL
chr22_23394021	23394021	IGLJ7	intergenic	intergenic	33597	IGL
chr22_23394089	23394089	IGLJ7	intergenic	intergenic	33665	IGL
chr22_23394229	23394229	IGLJ7	intergenic	intergenic	33805	IGL
chr22_22463707	22463707	IGLV4-69	intergenic	intergenic	18643	IGL
chr22_22476879	22476879	IGLV4-69	intergenic	intergenic	31815	IGL
chr22_22476970	22476970	IGLV4-69	intergenic	intergenic	31906	IGL
chr22_22466463	22466463	IGLV4-69	intergenic	intergenic	21399	IGL
chr22_22739497	22739497	IGLV1-50	intergenic	intergenic	1540	IGL
chr22_23284701	23284701	IGLV4-3	intergenic	intergenic	9680	IGL
chr22_22570254	22570254	IGLV4-60	intergenic	intergenic	5480	IGL
chr22_23287265	23287265	IGLV4-3	intergenic	intergenic	7116	IGL
chr22_22865483	22865483	IGLV1-36	intergenic	intergenic	10142	IGL
chr22_22807918	22807918	IGLV7-43	intergenic	intergenic	814	IGL
chr22_22656190	22656190	IGLV10-54	intergenic	intergenic	27347	IGL
chr22_22463539	22463539	IGLV4-69	intergenic	intergenic	18475	IGL
chr22_23269188	23269188	IGLV2-8	intergenic	intergenic	22982	IGL
chr22_22818702	22818702	IGLV5-39	intergenic	intergenic	1870	IGL
chr22_23254837	23254837	IGLV2-8	intergenic	intergenic	8631	IGL
chr22_22445589	22445589	IGLV4-69	intergenic	intergenic	525	IGL
chr22_22777017	22777017	IGLV1-47	intergenic	intergenic	4999	IGL
chr22_22777145	22777145	IGLV1-47	intergenic	intergenic	5127	IGL
chr22_22778534	22778534	IGLV7-46	intergenic	intergenic	4792	IGL
chr22_22664087	22664087	IGLV10-54	intergenic	intergenic	35244	IGL
chr22_22665132	22665132	IGLV10-54	intergenic	intergenic	36289	IGL
chr22_22666615	22666615	IGLV10-54	intergenic	intergenic	37772	IGL
chr22_22668588	22668588	IGLV10-54	intergenic	intergenic	39745	IGL
chr22_22668634	22668634	IGLV10-54	intergenic	intergenic	39791	IGL
chr22_22420674	22420674	IGLV4-69	intergenic	intergenic	23812	IGL
chr22_23126905	23126905	IGLV3-22	intergenic	intergenic	330	IGL
chr22_23312238	23312238	IGLJ1	intergenic	intergenic	4423	IGL
chr22_22447161	22447161	IGLV4-69	intergenic	intergenic	2097	IGL
chr22_22447174	22447174	IGLV4-69	intergenic	intergenic	2110	IGL
chr22_22447487	22447487	IGLV4-69	intergenic	intergenic	2423	IGL
chr22_23069052	23069052	IGLV3-27	intergenic	intergenic	22252	IGL
chr22_22538312	22538312	IGLV8-61	intergenic	intergenic	25515	IGL
chr22_22858561	22858561	IGLV1-36	intergenic	intergenic	3220	IGL
chr22_22768874	22768874	IGLV5-48	intergenic	intergenic	1689	IGL
chr22_22769305	22769305	IGLV5-48	intergenic	intergenic	2120	IGL
chr22_23136978	23136978	IGLV3-21	intergenic	intergenic	769	IGL
chr22_23252436	23252436	IGLV2-8	intergenic	intergenic	6230	IGL
chr22_23187701	23187701	IGLV2-14	intergenic	intergenic	5478	IGL
chr22_22737275	22737275	IGLV1-51	intergenic	intergenic	532	IGL
chr22_23291209	23291209	IGLV4-3	intergenic	intergenic	3172	IGL
chr22_23293288	23293288	IGLV4-3	intergenic	intergenic	1093	IGL
chr22_23179359	23179359	IGLV2-14	intergenic	intergenic	2313	IGL
chr22_23179883	23179883	IGLV2-14	intergenic	intergenic	1789	IGL
chr22_22791987	22791987	IGLV5-45	intergenic	intergenic	1730	IGL
chr22_23136948	23136948	IGLV3-21	intergenic	intergenic	739	IGL
chr22_23148247	23148247	IGLV3-19	intergenic	intergenic	4082	IGL
chr22_22708296	22708296	IGLV5-52	intergenic	intergenic	24169	IGL
chr22_22571796	22571796	IGLV4-60	intergenic	intergenic	3938	IGL
chr22_22573207	22573207	IGLV4-60	intergenic	intergenic	2527	IGL
chr22_22575229	22575229	IGLV4-60	intergenic	intergenic	505	IGL
chr22_22460035	22460035	IGLV4-69	intergenic	intergenic	14971	IGL
chr22_22768719	22768719	IGLV5-48	intergenic	intergenic	1534	IGL
chr22_22845143	22845143	IGLV5-37	intergenic	intergenic	5232	IGL
chr22_22845489	22845489	IGLV5-37	intergenic	intergenic	4886	IGL
chr22_22684521	22684521	IGLV5-52	intergenic	intergenic	47944	IGL
chr22_23291400	23291400	IGLV4-3	intergenic	intergenic	2981	IGL
chr22_23380178	23380178	IGLJ7	intergenic	intergenic	19754	IGL
chr22_22971662	22971662	IGLV2-33	intergenic	intergenic	39283	IGL
chr22_22971761	22971761	IGLV2-33	intergenic	intergenic	39184	IGL
chr22_23060312	23060312	IGLV3-27	intergenic	intergenic	30992	IGL
chr22_22540350	22540350	IGLV8-61	intergenic	intergenic	27553	IGL
chr22_22938064	22938064	IGLV2-33	intergenic	intergenic	72881	IGL
chr22_22938071	22938071	IGLV2-33	intergenic	intergenic	72874	IGL
chr22_22938074	22938074	IGLV2-33	intergenic	intergenic	72871	IGL
chr22_22938268	22938268	IGLV2-33	intergenic	intergenic	72677	IGL
chr22_22880912	22880912	IGLV1-36	intergenic	intergenic	25571	IGL
chr22_22610973	22610973	IGLV6-57	intergenic	intergenic	1122	IGL
chr22_22935816	22935816	IGLV2-33	intergenic	intergenic	75129	IGL
chr22_22935825	22935825	IGLV2-33	intergenic	intergenic	75120	IGL
chr22_22936041	22936041	IGLV2-33	intergenic	intergenic	74904	IGL
chr22_22936228	22936228	IGLV2-33	intergenic	intergenic	74717	IGL
chr22_22936543	22936543	IGLV2-33	intergenic	intergenic	74402	IGL
chr22_22936616	22936616	IGLV2-33	intergenic	intergenic	74329	IGL
chr22_22936737	22936737	IGLV2-33	intergenic	intergenic	74208	IGL
chr22_22937019	22937019	IGLV2-33	intergenic	intergenic	73926	IGL
chr22_22937023	22937023	IGLV2-33	intergenic	intergenic	73922	IGL
chr22_22937299	22937299	IGLV2-33	intergenic	intergenic	73646	IGL
chr22_22937302	22937302	IGLV2-33	intergenic	intergenic	73643	IGL
chr22_22937649	22937649	IGLV2-33	intergenic	intergenic	73296	IGL
chr22_22937735	22937735	IGLV2-33	intergenic	intergenic	73210	IGL
chr22_22937744	22937744	IGLV2-33	intergenic	intergenic	73201	IGL
chr22_22986515	22986515	IGLV2-33	intergenic	intergenic	24430	IGL
chr22_22495457	22495457	IGLV8-61	intergenic	intergenic	16304	IGL
chr22_22654515	22654515	IGLV10-54	intergenic	intergenic	25672	IGL
chr22_22467172	22467172	IGLV4-69	intergenic	intergenic	22108	IGL
chr22_22470506	22470506	IGLV4-69	intergenic	intergenic	25442	IGL
chr22_22470958	22470958	IGLV4-69	intergenic	intergenic	25894	IGL
chr22_23130418	23130418	IGLV3-22	intergenic	intergenic	2590	IGL
chr22_22527802	22527802	IGLV8-61	intergenic	intergenic	15005	IGL
chr22_23225973	23225973	IGLV3-10	intergenic	intergenic	8651	IGL
chr22_22917050	22917050	IGLV1-36	intergenic	intergenic	61709	IGL
chr22_23068241	23068241	IGLV3-27	intergenic	intergenic	23063	IGL
chr22_23382844	23382844	IGLJ7	intergenic	intergenic	22420	IGL
chr22_22829835	22829835	IGLV1-41	intergenic	intergenic	2266	IGL
chr22_22829836	22829836	IGLV1-41	intergenic	intergenic	2267	IGL
chr22_22829845	22829845	IGLV1-41	intergenic	intergenic	2276	IGL
chr22_22833486	22833486	IGLV1-40	intergenic	intergenic	355	IGL
chr22_22619673	22619673	IGLV11-55	intergenic	intergenic	3936	IGL
chr22_22675371	22675371	IGLV10-54	intergenic	intergenic	46528	IGL
chr22_22656931	22656931	IGLV10-54	intergenic	intergenic	28088	IGL
chr22_22656957	22656957	IGLV10-54	intergenic	intergenic	28114	IGL
chr22_22791590	22791590	IGLV5-45	intergenic	intergenic	1333	IGL
chr22_22708082	22708082	IGLV5-52	intergenic	intergenic	24383	IGL
chr22_22608773	22608773	IGLV6-57	intergenic	intergenic	561	IGL
chr22_22920664	22920664	IGLV1-36	intergenic	intergenic	65323	IGL
chr22_22921886	22921886	IGLV1-36	intergenic	intergenic	66545	IGL
chr22_22853240	22853240	IGLV1-36	intergenic	intergenic	1554	IGL
chr22_22853599	22853599	IGLV1-36	intergenic	intergenic	1195	IGL
chr22_23284175	23284175	IGLV4-3	intergenic	intergenic	10206	IGL
chr22_23375451	23375451	IGLJ7	intergenic	intergenic	15027	IGL
chr22_22617751	22617751	IGLV11-55	intergenic	intergenic	2014	IGL
chr22_22778580	22778580	IGLV7-46	intergenic	intergenic	4746	IGL
chr22_23285082	23285082	IGLV4-3	intergenic	intergenic	9299	IGL
chr22_23398104	23398104	IGLJ7	intergenic	intergenic	37680	IGL
chr22_22746850	22746850	IGLV1-50	intergenic	intergenic	5257	IGL
chr22_22747491	22747491	IGLV1-50	intergenic	intergenic	5898	IGL
chr22_22748166	22748166	IGLV1-50	intergenic	intergenic	6573	IGL
chr22_22604683	22604683	IGLV6-57	intergenic	intergenic	4651	IGL
chr22_22606092	22606092	IGLV6-57	intergenic	intergenic	3242	IGL
chr22_22643822	22643822	IGLV10-54	intergenic	intergenic	14979	IGL
chr22_23145988	23145988	IGLV3-19	intergenic	intergenic	1823	IGL
chr22_23391526	23391526	IGLJ7	intergenic	intergenic	31102	IGL
chr22_23237969	23237969	IGLV3-10	intergenic	intergenic	2771	IGL
chr22_23381961	23381961	IGLJ7	intergenic	intergenic	21537	IGL
chr22_23217526	23217526	IGLV2-11	intergenic	intergenic	1606	IGL
chr22_23006510	23006510	IGLV2-33	intergenic	intergenic	4435	IGL
chr22_23068433	23068433	IGLV3-27	intergenic	intergenic	22871	IGL
chr22_23276478	23276478	IGLV4-3	intergenic	intergenic	17903	IGL
chr22_23086419	23086419	IGLV3-27	intergenic	intergenic	4885	IGL
chr22_23087454	23087454	IGLV3-27	intergenic	intergenic	3850	IGL
chr22_23088665	23088665	IGLV3-27	intergenic	intergenic	2639	IGL
chr22_23018087	23018087	IGLV3-32	intergenic	intergenic	262	IGL
chr22_23020001	23020001	IGLV3-32	intergenic	intergenic	2176	IGL
chr22_22938589	22938589	IGLV2-33	intergenic	intergenic	72356	IGL
chr22_22896619	22896619	IGLV1-36	intergenic	intergenic	41278	IGL
chr22_23155372	23155372	IGLV2-18	intergenic	intergenic	2205	IGL
chr22_22905544	22905544	IGLV1-36	intergenic	intergenic	50203	IGL
chr22_22905983	22905983	IGLV1-36	intergenic	intergenic	50642	IGL
chr22_22913758	22913758	IGLV1-36	intergenic	intergenic	58417	IGL
chr22_22915476	22915476	IGLV1-36	intergenic	intergenic	60135	IGL
chr22_23375601	23375601	IGLJ7	intergenic	intergenic	15177	IGL
chr22_22695601	22695601	IGLV5-52	intergenic	intergenic	36864	IGL
chr22_23146367	23146367	IGLV3-19	intergenic	intergenic	2202	IGL
chr22_22914301	22914301	IGLV1-36	intergenic	intergenic	58960	IGL
chr22_23302502	23302502	IGLV3-1	intergenic	intergenic	1113	IGL
chr22_23192923	23192923	IGLV3-12	intergenic	intergenic	1781	IGL
chr22_22549142	22549142	IGLV4-60	intergenic	intergenic	26592	IGL
chr22_22438935	22438935	IGLV4-69	intergenic	intergenic	5551	IGL
chr22_22527306	22527306	IGLV8-61	intergenic	intergenic	14509	IGL
chr22_22638962	22638962	IGLV10-54	intergenic	intergenic	10119	IGL
chr22_22971775	22971775	IGLV2-33	intergenic	intergenic	39170	IGL
chr22_22953930	22953930	IGLV2-33	intergenic	intergenic	57015	IGL
chr22_22842613	22842613	IGLV5-37	intergenic	intergenic	7762	IGL
chr22_22978036	22978036	IGLV2-33	intergenic	intergenic	32909	IGL
chr22_22451627	22451627	IGLV4-69	intergenic	intergenic	6563	IGL
chr22_23027085	23027085	IGLV3-32	intergenic	intergenic	9260	IGL
chr22_23031931	23031931	IGLV3-32	intergenic	intergenic	14106	IGL
chr22_23035639	23035639	IGLV3-32	intergenic	intergenic	17814	IGL
chr22_22962304	22962304	IGLV2-33	intergenic	intergenic	48641	IGL
chr22_22458866	22458866	IGLV4-69	intergenic	intergenic	13802	IGL
chr22_23287544	23287544	IGLV4-3	intergenic	intergenic	6837	IGL
chr22_22434539	22434539	IGLV4-69	intergenic	intergenic	9947	IGL
chr22_23178713	23178713	IGLV2-14	intergenic	intergenic	2959	IGL
chr22_22954502	22954502	IGLV2-33	intergenic	intergenic	56443	IGL
chr22_23040494	23040494	IGLV3-32	intergenic	intergenic	22669	IGL
chr22_22650691	22650691	IGLV10-54	intergenic	intergenic	21848	IGL
chr22_22650956	22650956	IGLV10-54	intergenic	intergenic	22113	IGL
chr22_23066164	23066164	IGLV3-27	intergenic	intergenic	25140	IGL
chr22_23055762	23055762	IGLV3-27	intergenic	intergenic	35542	IGL
chr22_22660039	22660039	IGLV10-54	intergenic	intergenic	31196	IGL
chr22_22994089	22994089	IGLV2-33	intergenic	intergenic	16856	IGL
chr22_22994744	22994744	IGLV2-33	intergenic	intergenic	16201	IGL
chr22_23396543	23396543	IGLJ7	intergenic	intergenic	36119	IGL
chr22_23371458	23371458	IGLJ7	intergenic	intergenic	11034	IGL
chr22_22726400	22726400	IGLV5-52	intergenic	intergenic	6065	IGL
chr22_22727180	22727180	IGLV5-52	intergenic	intergenic	5285	IGL
chr22_22731230	22731230	IGLV5-52	intergenic	intergenic	1235	IGL
chr22_22733339	22733339	IGLV5-52	intergenic	intergenic	335	IGL
chr22_22733470	22733470	IGLV5-52	intergenic	intergenic	466	IGL
chr22_23373243	23373243	IGLJ7	intergenic	intergenic	12819	IGL
chr22_22442953	22442953	IGLV4-69	intergenic	intergenic	1533	IGL
chr22_22446394	22446394	IGLV4-69	intergenic	intergenic	1330	IGL
chr22_22456177	22456177	IGLV4-69	intergenic	intergenic	11113	IGL
chr22_22608770	22608770	IGLV6-57	intergenic	intergenic	564	IGL
chr22_23298248	23298248	IGLV4-3	intergenic	intergenic	3299	IGL
chr22_22433538	22433538	IGLV4-69	intergenic	intergenic	10948	IGL
chr22_22969157	22969157	IGLV2-33	intergenic	intergenic	41788	IGL
chr22_22939161	22939161	IGLV2-33	intergenic	intergenic	71784	IGL
chr22_23039103	23039103	IGLV3-32	intergenic	intergenic	21278	IGL
chr22_23275902	23275902	IGLV4-3	intergenic	intergenic	18479	IGL
chr22_23393018	23393018	IGLJ7	intergenic	intergenic	32594	IGL
chr22_23278141	23278141	IGLV4-3	intergenic	intergenic	16240	IGL
chr22_22760587	22760587	IGLV9-49	intergenic	intergenic	3097	IGL
chr22_22943066	22943066	IGLV2-33	intergenic	intergenic	67879	IGL
chr22_22515428	22515428	IGLV8-61	intergenic	intergenic	2631	IGL
chr22_22515719	22515719	IGLV8-61	intergenic	intergenic	2922	IGL
chr22_22515840	22515840	IGLV8-61	intergenic	intergenic	3043	IGL
chr22_22515918	22515918	IGLV8-61	intergenic	intergenic	3121	IGL
chr22_22516424	22516424	IGLV8-61	intergenic	intergenic	3627	IGL
chr22_22492638	22492638	IGLV8-61	intergenic	intergenic	19123	IGL
chr22_22751845	22751845	IGLV9-49	intergenic	intergenic	5058	IGL
chr22_22474745	22474745	IGLV4-69	intergenic	intergenic	29681	IGL
chr22_22475115	22475115	IGLV4-69	intergenic	intergenic	30051	IGL
chr22_22475224	22475224	IGLV4-69	intergenic	intergenic	30160	IGL
chr22_22475378	22475378	IGLV4-69	intergenic	intergenic	30314	IGL
chr22_22475398	22475398	IGLV4-69	intergenic	intergenic	30334	IGL
chr22_22475529	22475529	IGLV4-69	intergenic	intergenic	30465	IGL
chr22_22475575	22475575	IGLV4-69	intergenic	intergenic	30511	IGL
chr22_22475714	22475714	IGLV4-69	intergenic	intergenic	30650	IGL
chr22_22982441	22982441	IGLV2-33	intergenic	intergenic	28504	IGL
chr22_23250427	23250427	IGLV2-8	intergenic	intergenic	4221	IGL
chr22_23192023	23192023	IGLV3-12	intergenic	intergenic	2681	IGL
chr22_23136338	23136338	IGLV3-21	intergenic	intergenic	129	IGL
chr22_23303583	23303583	IGLV3-1	intergenic	intergenic	32	IGL
chr22_23270243	23270243	IGLV2-8	intergenic	intergenic	24037	IGL
chr22_23274148	23274148	IGLV4-3	intergenic	intergenic	20233	IGL
chr22_22610918	22610918	IGLV6-57	intergenic	intergenic	1067	IGL
chr22_23252213	23252213	IGLV2-8	intergenic	intergenic	6007	IGL
chr22_23278222	23278222	IGLV4-3	intergenic	intergenic	16159	IGL
chr22_23373538	23373538	IGLJ7	intergenic	intergenic	13114	IGL
chr22_23104794	23104794	IGLV3-25	intergenic	intergenic	4941	IGL
chr22_22602297	22602297	IGLV6-57	intergenic	intergenic	7037	IGL
chr22_22825053	22825053	IGLV1-41	intergenic	intergenic	2015	IGL
chr22_22641922	22641922	IGLV10-54	intergenic	intergenic	13079	IGL
chr22_22452760	22452760	IGLV4-69	intergenic	intergenic	7696	IGL
chr22_22914300	22914300	IGLV1-36	intergenic	intergenic	58959	IGL
chr22_22440048	22440048	IGLV4-69	intergenic	intergenic	4438	IGL
chr22_22527229	22527229	IGLV8-61	intergenic	intergenic	14432	IGL
chr22_22527862	22527862	IGLV8-61	intergenic	intergenic	15065	IGL
chr22_22527863	22527863	IGLV8-61	intergenic	intergenic	15066	IGL
chr22_22527866	22527866	IGLV8-61	intergenic	intergenic	15069	IGL
chr22_22527869	22527869	IGLV8-61	intergenic	intergenic	15072	IGL
chr22_22527938	22527938	IGLV8-61	intergenic	intergenic	15141	IGL
chr22_23237170	23237170	IGLV3-10	intergenic	intergenic	1972	IGL
chr22_22939912	22939912	IGLV2-33	intergenic	intergenic	71033	IGL
chr22_22751458	22751458	IGLV9-49	intergenic	intergenic	5445	IGL
chr22_22751460	22751460	IGLV9-49	intergenic	intergenic	5443	IGL
chr22_22753678	22753678	IGLV9-49	intergenic	intergenic	3225	IGL
chr22_22753747	22753747	IGLV9-49	intergenic	intergenic	3156	IGL
chr22_22754021	22754021	IGLV9-49	intergenic	intergenic	2882	IGL
chr22_22756710	22756710	IGLV9-49	intergenic	intergenic	193	IGL
chr22_23060165	23060165	IGLV3-27	intergenic	intergenic	31139	IGL
chr22_22461256	22461256	IGLV4-69	intergenic	intergenic	16192	IGL
chr22_22475318	22475318	IGLV4-69	intergenic	intergenic	30254	IGL
chr22_23289285	23289285	IGLV4-3	intergenic	intergenic	5096	IGL
chr22_22779063	22779063	IGLV7-46	intergenic	intergenic	4263	IGL
chr22_22665901	22665901	IGLV10-54	intergenic	intergenic	37058	IGL
chr22_22496958	22496958	IGLV8-61	intergenic	intergenic	14803	IGL
chr22_22630764	22630764	IGLV10-54	intergenic	intergenic	1921	IGL
chr22_23077692	23077692	IGLV3-27	intergenic	intergenic	13612	IGL
chr22_23382752	23382752	IGLJ7	intergenic	intergenic	22328	IGL
chr22_23282200	23282200	IGLV4-3	intergenic	intergenic	12181	IGL
chr22_23045936	23045936	IGLV3-32	intergenic	intergenic	28111	IGL
chr22_23048373	23048373	IGLV3-32	intergenic	intergenic	30548	IGL
chr22_22940168	22940168	IGLV2-33	intergenic	intergenic	70777	IGL
chr22_22942261	22942261	IGLV2-33	intergenic	intergenic	68684	IGL
chr22_22948466	22948466	IGLV2-33	intergenic	intergenic	62479	IGL
chr22_23136754	23136754	IGLV3-21	intergenic	intergenic	545	IGL
chr22_23136759	23136759	IGLV3-21	intergenic	intergenic	550	IGL
chr22_23136761	23136761	IGLV3-21	intergenic	intergenic	552	IGL
chr22_23136763	23136763	IGLV3-21	intergenic	intergenic	554	IGL
chr22_23136799	23136799	IGLV3-21	intergenic	intergenic	590	IGL
chr22_23136803	23136803	IGLV3-21	intergenic	intergenic	594	IGL
chr22_23136806	23136806	IGLV3-21	intergenic	intergenic	597	IGL
chr22_23398110	23398110	IGLJ7	intergenic	intergenic	37686	IGL
chr22_23069277	23069277	IGLV3-27	intergenic	intergenic	22027	IGL
chr22_22614580	22614580	IGLV11-55	intergenic	intergenic	631	IGL
chr22_23152706	23152706	IGLV2-18	intergenic	intergenic	4871	IGL
chr22_22639170	22639170	IGLV10-54	intergenic	intergenic	10327	IGL
chr22_23029729	23029729	IGLV3-32	intergenic	intergenic	11904	IGL
chr22_23312490	23312490	IGLJ1	intergenic	intergenic	4171	IGL
chr22_22484631	22484631	IGLV8-61	intergenic	intergenic	27130	IGL
chr22_22485441	22485441	IGLV8-61	intergenic	intergenic	26320	IGL
chr22_22486105	22486105	IGLV8-61	intergenic	intergenic	25656	IGL
chr22_22487221	22487221	IGLV8-61	intergenic	intergenic	24540	IGL
chr22_22965426	22965426	IGLV2-33	intergenic	intergenic	45519	IGL
chr22_22787822	22787822	IGLV5-45	intergenic	intergenic	1876	IGL
chr22_23375308	23375308	IGLJ7	intergenic	intergenic	14884	IGL
chr22_22595038	22595038	IGLV6-57	intergenic	intergenic	14296	IGL
chr22_23382037	23382037	IGLJ7	intergenic	intergenic	21613	IGL
chr22_22961448	22961448	IGLV2-33	intergenic	intergenic	49497	IGL
chr22_23068347	23068347	IGLV3-27	intergenic	intergenic	22957	IGL
chr22_22760019	22760019	IGLV9-49	intergenic	intergenic	2529	IGL
chr22_22760416	22760416	IGLV9-49	intergenic	intergenic	2926	IGL
chr22_22760839	22760839	IGLV9-49	intergenic	intergenic	3349	IGL
chr22_22761025	22761025	IGLV9-49	intergenic	intergenic	3535	IGL
chr22_22761188	22761188	IGLV9-49	intergenic	intergenic	3698	IGL
chr22_22979833	22979833	IGLV2-33	intergenic	intergenic	31112	IGL
chr22_22979834	22979834	IGLV2-33	intergenic	intergenic	31111	IGL
chr22_22979884	22979884	IGLV2-33	intergenic	intergenic	31061	IGL
chr22_22580637	22580637	IGLV4-60	intergenic	intergenic	4382	IGL
chr22_22779014	22779014	IGLV7-46	intergenic	intergenic	4312	IGL
chr22_22947677	22947677	IGLV2-33	intergenic	intergenic	63268	IGL
chr22_22947683	22947683	IGLV2-33	intergenic	intergenic	63262	IGL
chr22_23055233	23055233	IGLV3-27	intergenic	intergenic	36071	IGL
chr22_22526511	22526511	IGLV8-61	intergenic	intergenic	13714	IGL
chr22_22607243	22607243	IGLV6-57	intergenic	intergenic	2091	IGL
chr22_23055347	23055347	IGLV3-27	intergenic	intergenic	35957	IGL
chr22_22587338	22587338	IGLV4-60	intergenic	intergenic	11083	IGL
chr22_22587349	22587349	IGLV4-60	intergenic	intergenic	11094	IGL
chr22_23059792	23059792	IGLV3-27	intergenic	intergenic	31512	IGL
chr22_22826912	22826912	IGLV1-41	intergenic	intergenic	156	IGL
chr22_22968956	22968956	IGLV2-33	intergenic	intergenic	41989	IGL
chr22_23140751	23140751	IGLV3-19	intergenic	intergenic	2842	IGL
chr22_23145390	23145390	IGLV3-19	intergenic	intergenic	1225	IGL
chr22_22457060	22457060	IGLV4-69	intergenic	intergenic	11996	IGL
chr22_22457280	22457280	IGLV4-69	intergenic	intergenic	12216	IGL
chr22_22613138	22613138	IGLV11-55	intergenic	intergenic	2073	IGL
chr22_22614065	22614065	IGLV11-55	intergenic	intergenic	1146	IGL
chr22_22614177	22614177	IGLV11-55	intergenic	intergenic	1034	IGL
chr22_23278096	23278096	IGLV4-3	intergenic	intergenic	16285	IGL
chr22_22950253	22950253	IGLV2-33	intergenic	intergenic	60692	IGL
chr22_22950263	22950263	IGLV2-33	intergenic	intergenic	60682	IGL
chr22_22950328	22950328	IGLV2-33	intergenic	intergenic	60617	IGL
chr22_23055880	23055880	IGLV3-27	intergenic	intergenic	35424	IGL
chr22_22860508	22860508	IGLV1-36	intergenic	intergenic	5167	IGL
chr22_23040452	23040452	IGLV3-32	intergenic	intergenic	22627	IGL
chr22_23040508	23040508	IGLV3-32	intergenic	intergenic	22683	IGL
chr22_23048929	23048929	IGLV3-32	intergenic	intergenic	31104	IGL
chr22_23051039	23051039	IGLV3-32	intergenic	intergenic	33214	IGL
chr22_23052801	23052801	IGLV3-32	intergenic	intergenic	34976	IGL
chr22_22409120	22409120	IGLV4-69	intergenic	intergenic	35366	IGL
chr22_22611071	22611071	IGLV6-57	intergenic	intergenic	1220	IGL
chr22_23209881	23209881	IGLV2-11	intergenic	intergenic	5487	IGL
chr22_23210887	23210887	IGLV2-11	intergenic	intergenic	4481	IGL
chr22_22980676	22980676	IGLV2-33	intergenic	intergenic	30269	IGL
chr22_22463613	22463613	IGLV4-69	intergenic	intergenic	18549	IGL
chr22_22473126	22473126	IGLV4-69	intergenic	intergenic	28062	IGL
chr22_22475991	22475991	IGLV4-69	intergenic	intergenic	30927	IGL
chr22_22478389	22478389	IGLV4-69	intergenic	intergenic	33325	IGL
chr22_22774457	22774457	IGLV1-47	intergenic	intergenic	2439	IGL
chr22_22776981	22776981	IGLV1-47	intergenic	intergenic	4963	IGL
chr22_22992009	22992009	IGLV2-33	intergenic	intergenic	18936	IGL
chr22_22993350	22993350	IGLV2-33	intergenic	intergenic	17595	IGL
chr22_22503817	22503817	IGLV8-61	intergenic	intergenic	7944	IGL
chr22_22504247	22504247	IGLV8-61	intergenic	intergenic	7514	IGL
chr22_22505136	22505136	IGLV8-61	intergenic	intergenic	6625	IGL
chr22_22446455	22446455	IGLV4-69	intergenic	intergenic	1391	IGL
chr22_23068243	23068243	IGLV3-27	intergenic	intergenic	23061	IGL
chr22_22450796	22450796	IGLV4-69	intergenic	intergenic	5732	IGL
chr22_22451261	22451261	IGLV4-69	intergenic	intergenic	6197	IGL
chr22_22984242	22984242	IGLV2-33	intergenic	intergenic	26703	IGL
chr22_22986046	22986046	IGLV2-33	intergenic	intergenic	24899	IGL
chr22_22986147	22986147	IGLV2-33	intergenic	intergenic	24798	IGL
chr22_22990651	22990651	IGLV2-33	intergenic	intergenic	20294	IGL
chr22_22932306	22932306	IGLV1-36	intergenic	intergenic	76965	IGL
chr22_22949962	22949962	IGLV2-33	intergenic	intergenic	60983	IGL
chr22_22949987	22949987	IGLV2-33	intergenic	intergenic	60958	IGL
chr22_22522680	22522680	IGLV8-61	intergenic	intergenic	9883	IGL
chr22_22490793	22490793	IGLV8-61	intergenic	intergenic	20968	IGL
chr22_22763323	22763323	IGLV5-48	intergenic	intergenic	3331	IGL
chr22_23207287	23207287	IGLV2-11	intergenic	intergenic	8081	IGL
chr22_22943493	22943493	IGLV2-33	intergenic	intergenic	67452	IGL
chr22_22778941	22778941	IGLV7-46	intergenic	intergenic	4385	IGL
chr22_23270739	23270739	IGLV4-3	intergenic	intergenic	23642	IGL
chr22_22890563	22890563	IGLV1-36	intergenic	intergenic	35222	IGL
chr22_23373596	23373596	IGLJ7	intergenic	intergenic	13172	IGL
chr22_22548766	22548766	IGLV4-60	intergenic	intergenic	26968	IGL
chr22_22959433	22959433	IGLV2-33	intergenic	intergenic	51512	IGL
chr22_22961133	22961133	IGLV2-33	intergenic	intergenic	49812	IGL
chr22_23005470	23005470	IGLV2-33	intergenic	intergenic	5475	IGL
chr22_23136567	23136567	IGLV3-21	intergenic	intergenic	358	IGL
chr22_23192409	23192409	IGLV3-12	intergenic	intergenic	2295	IGL
chr22_23192674	23192674	IGLV3-12	intergenic	intergenic	2030	IGL
chr22_22478245	22478245	IGLV4-69	intergenic	intergenic	33181	IGL
chr22_23206405	23206405	IGLV2-11	intergenic	intergenic	8963	IGL
chr22_23206685	23206685	IGLV2-11	intergenic	intergenic	8683	IGL
chr22_23206748	23206748	IGLV2-11	intergenic	intergenic	8620	IGL
chr22_23206966	23206966	IGLV2-11	intergenic	intergenic	8402	IGL
chr22_23207315	23207315	IGLV2-11	intergenic	intergenic	8053	IGL
chr22_23207889	23207889	IGLV2-11	intergenic	intergenic	7479	IGL
chr22_23112127	23112127	IGLV3-25	intergenic	intergenic	1797	IGL
chr22_23113904	23113904	IGLV3-25	intergenic	intergenic	3574	IGL
chr22_23385342	23385342	IGLJ7	intergenic	intergenic	24918	IGL
chr22_23060146	23060146	IGLV3-27	intergenic	intergenic	31158	IGL
chr22_22983181	22983181	IGLV2-33	intergenic	intergenic	27764	IGL
chr22_22983212	22983212	IGLV2-33	intergenic	intergenic	27733	IGL
chr22_22983236	22983236	IGLV2-33	intergenic	intergenic	27709	IGL
chr22_22983282	22983282	IGLV2-33	intergenic	intergenic	27663	IGL
chr22_22983405	22983405	IGLV2-33	intergenic	intergenic	27540	IGL
chr22_23236525	23236525	IGLV3-10	intergenic	intergenic	1327	IGL
chr22_22630756	22630756	IGLV10-54	intergenic	intergenic	1913	IGL
chr22_22772260	22772260	IGLV1-47	intergenic	intergenic	242	IGL
chr22_22979704	22979704	IGLV2-33	intergenic	intergenic	31241	IGL
chr22_22806676_2	22806676	IGLV7-43	intergenic	intergenic	2056	IGL
chr22_23355261	23355261	IGLJ6	intergenic	intergenic	1867	IGL
chr22_23355280	23355280	IGLJ6	intergenic	intergenic	1848	IGL
chr22_22551600	22551600	IGLV4-60	intergenic	intergenic	24134	IGL
chr22_22555450	22555450	IGLV4-60	intergenic	intergenic	20284	IGL
chr22_22942166	22942166	IGLV2-33	intergenic	intergenic	68779	IGL
chr22_22942493	22942493	IGLV2-33	intergenic	intergenic	68452	IGL
chr22_22528984	22528984	IGLV8-61	intergenic	intergenic	16187	IGL
chr22_23193538	23193538	IGLV3-12	intergenic	intergenic	1166	IGL
chr22_22915449	22915449	IGLV1-36	intergenic	intergenic	60108	IGL
chr22_23069066	23069066	IGLV3-27	intergenic	intergenic	22238	IGL
chr22_22617166	22617166	IGLV11-55	intergenic	intergenic	1429	IGL
chr22_22486039	22486039	IGLV8-61	intergenic	intergenic	25722	IGL
chr22_22568601	22568601	IGLV4-60	intergenic	intergenic	7133	IGL
chr22_22634956	22634956	IGLV10-54	intergenic	intergenic	6113	IGL
chr22_22950191	22950191	IGLV2-33	intergenic	intergenic	60754	IGL
chr22_23055667	23055667	IGLV3-27	intergenic	intergenic	35637	IGL
chr22_22510927	22510927	IGLV8-61	intergenic	intergenic	834	IGL
chr22_22979377	22979377	IGLV2-33	intergenic	intergenic	31568	IGL
chr22_22919206	22919206	IGLV1-36	intergenic	intergenic	63865	IGL
chr22_22919230	22919230	IGLV1-36	intergenic	intergenic	63889	IGL
chr22_23209332	23209332	IGLV2-11	intergenic	intergenic	6036	IGL
chr22_23209346	23209346	IGLV2-11	intergenic	intergenic	6022	IGL
chr22_23209362	23209362	IGLV2-11	intergenic	intergenic	6006	IGL
chr22_23209425	23209425	IGLV2-11	intergenic	intergenic	5943	IGL
chr22_23209479	23209479	IGLV2-11	intergenic	intergenic	5889	IGL
chr22_22970421	22970421	IGLV2-33	intergenic	intergenic	40524	IGL
chr22_22971219	22971219	IGLV2-33	intergenic	intergenic	39726	IGL
chr22_22971259	22971259	IGLV2-33	intergenic	intergenic	39686	IGL
chr22_22786449	22786449	IGLV7-46	intergenic	intergenic	2611	IGL
chr22_23104293	23104293	IGLV3-25	intergenic	intergenic	5442	IGL
chr22_22602371	22602371	IGLV6-57	intergenic	intergenic	6963	IGL
chr22_22904814	22904814	IGLV1-36	intergenic	intergenic	49473	IGL
chr22_22944957	22944957	IGLV2-33	intergenic	intergenic	65988	IGL
chr22_22980479	22980479	IGLV2-33	intergenic	intergenic	30466	IGL
chr22_22431445	22431445	IGLV4-69	intergenic	intergenic	13041	IGL
chr22_22528271	22528271	IGLV8-61	intergenic	intergenic	15474	IGL
chr22_22538097	22538097	IGLV8-61	intergenic	intergenic	25300	IGL
chr22_22953650	22953650	IGLV2-33	intergenic	intergenic	57295	IGL
chr22_22954128	22954128	IGLV2-33	intergenic	intergenic	56817	IGL
chr22_22954226	22954226	IGLV2-33	intergenic	intergenic	56719	IGL
chr22_22954242	22954242	IGLV2-33	intergenic	intergenic	56703	IGL
chr22_22954366	22954366	IGLV2-33	intergenic	intergenic	56579	IGL
chr22_22936482	22936482	IGLV2-33	intergenic	intergenic	74463	IGL
chr22_23008662	23008662	IGLV2-33	intergenic	intergenic	2283	IGL
chr22_23055529	23055529	IGLV3-27	intergenic	intergenic	35775	IGL
chr22_22977189	22977189	IGLV2-33	intergenic	intergenic	33756	IGL
chr22_22977321	22977321	IGLV2-33	intergenic	intergenic	33624	IGL
chr22_22977382	22977382	IGLV2-33	intergenic	intergenic	33563	IGL
chr22_22580733	22580733	IGLV4-60	intergenic	intergenic	4478	IGL
chr22_22582805	22582805	IGLV4-60	intergenic	intergenic	6550	IGL
chr22_22950652	22950652	IGLV2-33	intergenic	intergenic	60293	IGL
chr22_22950770	22950770	IGLV2-33	intergenic	intergenic	60175	IGL
chr22_23077521	23077521	IGLV3-27	intergenic	intergenic	13783	IGL
chr22_22570708	22570708	IGLV4-60	intergenic	intergenic	5026	IGL
chr22_23061980	23061980	IGLV3-27	intergenic	intergenic	29324	IGL
chr22_23059114_2	23059114	IGLV3-27	intergenic	intergenic	32190	IGL
chr22_23060339	23060339	IGLV3-27	intergenic	intergenic	30965	IGL
chr22_23391919	23391919	IGLJ7	intergenic	intergenic	31495	IGL
chr22_22648393	22648393	IGLV10-54	intergenic	intergenic	19550	IGL
chr22_22570513	22570513	IGLV4-60	intergenic	intergenic	5221	IGL
chr22_22571224	22571224	IGLV4-60	intergenic	intergenic	4510	IGL
chr22_22579893	22579893	IGLV4-60	intergenic	intergenic	3638	IGL
chr22_22989627	22989627	IGLV2-33	intergenic	intergenic	21318	IGL
chr22_22610265	22610265	IGLV6-57	intergenic	intergenic	414	IGL
chr22_23360319	23360319	IGLJ7	intergenic	intergenic	39	IGL
chr22_22920752	22920752	IGLV1-36	intergenic	intergenic	65411	IGL
chr22_22921263	22921263	IGLV1-36	intergenic	intergenic	65922	IGL
chr22_22921608	22921608	IGLV1-36	intergenic	intergenic	66267	IGL
chr22_22922241	22922241	IGLV1-36	intergenic	intergenic	66900	IGL
chr22_23303216	23303216	IGLV3-1	intergenic	intergenic	399	IGL
chr22_23008695	23008695	IGLV2-33	intergenic	intergenic	2250	IGL
chr22_23395427	23395427	IGLJ7	intergenic	intergenic	35003	IGL
chr22_22943025	22943025	IGLV2-33	intergenic	intergenic	67920	IGL
chr22_22909549	22909549	IGLV1-36	intergenic	intergenic	54208	IGL
chr22_23387304	23387304	IGLJ7	intergenic	intergenic	26880	IGL
chr22_22917886	22917886	IGLV1-36	intergenic	intergenic	62545	IGL
chr22_23284475	23284475	IGLV4-3	intergenic	intergenic	9906	IGL
chr22_22636116	22636116	IGLV10-54	intergenic	intergenic	7273	IGL
chr22_23056152	23056152	IGLV3-27	intergenic	intergenic	35152	IGL
chr22_23056157	23056157	IGLV3-27	intergenic	intergenic	35147	IGL
chr22_22587709	22587709	IGLV4-60	intergenic	intergenic	11454	IGL
chr22_22902259	22902259	IGLV1-36	intergenic	intergenic	46918	IGL
chr22_23373857	23373857	IGLJ7	intergenic	intergenic	13433	IGL
chr22_23055557	23055557	IGLV3-27	intergenic	intergenic	35747	IGL
chr22_23055561	23055561	IGLV3-27	intergenic	intergenic	35743	IGL
chr22_23056158	23056158	IGLV3-27	intergenic	intergenic	35146	IGL
chr22_23060275	23060275	IGLV3-27	intergenic	intergenic	31029	IGL
chr22_23064295	23064295	IGLV3-27	intergenic	intergenic	27009	IGL
chr22_22787250	22787250	IGLV5-45	intergenic	intergenic	2448	IGL
chr22_22507068	22507068	IGLV8-61	intergenic	intergenic	4693	IGL
chr22_23224027	23224027	IGLV2-11	intergenic	intergenic	8107	IGL
chr22_22435656	22435656	IGLV4-69	intergenic	intergenic	8830	IGL
chr22_22435825	22435825	IGLV4-69	intergenic	intergenic	8661	IGL
chr22_23031481	23031481	IGLV3-32	intergenic	intergenic	13656	IGL
chr22_23052622	23052622	IGLV3-32	intergenic	intergenic	34797	IGL
chr22_22970369	22970369	IGLV2-33	intergenic	intergenic	40576	IGL
chr22_22970769	22970769	IGLV2-33	intergenic	intergenic	40176	IGL
chr22_22778929	22778929	IGLV7-46	intergenic	intergenic	4397	IGL
chr22_22778930	22778930	IGLV7-46	intergenic	intergenic	4396	IGL
chr22_23219434	23219434	IGLV2-11	intergenic	intergenic	3514	IGL
chr22_22954103	22954103	IGLV2-33	intergenic	intergenic	56842	IGL
chr22_22962726	22962726	IGLV2-33	intergenic	intergenic	48219	IGL
chr22_23007230	23007230	IGLV2-33	intergenic	intergenic	3715	IGL
chr22_22611122	22611122	IGLV6-57	intergenic	intergenic	1271	IGL
chr22_22953147	22953147	IGLV2-33	intergenic	intergenic	57798	IGL
chr22_22980844	22980844	IGLV2-33	intergenic	intergenic	30101	IGL
chr22_22915914	22915914	IGLV1-36	intergenic	intergenic	60573	IGL
chr22_23012500	23012500	IGLV2-33	intergenic	intergenic	1041	IGL
chr22_22907592	22907592	IGLV1-36	intergenic	intergenic	52251	IGL
chr22_22909602	22909602	IGLV1-36	intergenic	intergenic	54261	IGL
chr22_22910137	22910137	IGLV1-36	intergenic	intergenic	54796	IGL
chr22_22910723	22910723	IGLV1-36	intergenic	intergenic	55382	IGL
chr22_22913157	22913157	IGLV1-36	intergenic	intergenic	57816	IGL
chr22_22913438	22913438	IGLV1-36	intergenic	intergenic	58097	IGL
chr22_22914196	22914196	IGLV1-36	intergenic	intergenic	58855	IGL
chr22_22914351	22914351	IGLV1-36	intergenic	intergenic	59010	IGL
chr22_22617791	22617791	IGLV11-55	intergenic	intergenic	2054	IGL
chr22_22893012	22893012	IGLV1-36	intergenic	intergenic	37671	IGL
chr22_22894064	22894064	IGLV1-36	intergenic	intergenic	38723	IGL
chr22_22894065	22894065	IGLV1-36	intergenic	intergenic	38724	IGL
chr22_23269830	23269830	IGLV2-8	intergenic	intergenic	23624	IGL
chr22_23271069	23271069	IGLV4-3	intergenic	intergenic	23312	IGL
chr22_23271379	23271379	IGLV4-3	intergenic	intergenic	23002	IGL
chr22_23275464	23275464	IGLV4-3	intergenic	intergenic	18917	IGL
chr22_23275683	23275683	IGLV4-3	intergenic	intergenic	18698	IGL
chr22_23275803	23275803	IGLV4-3	intergenic	intergenic	18578	IGL
chr22_23275960	23275960	IGLV4-3	intergenic	intergenic	18421	IGL
chr22_22530230	22530230	IGLV8-61	intergenic	intergenic	17433	IGL
chr22_22526323	22526323	IGLV8-61	intergenic	intergenic	13526	IGL
chr22_22968708	22968708	IGLV2-33	intergenic	intergenic	42237	IGL
chr22_22968732	22968732	IGLV2-33	intergenic	intergenic	42213	IGL
chr22_22968734	22968734	IGLV2-33	intergenic	intergenic	42211	IGL
chr22_22617217	22617217	IGLV11-55	intergenic	intergenic	1480	IGL
chr22_22910358	22910358	IGLV1-36	intergenic	intergenic	55017	IGL
chr22_22639359	22639359	IGLV10-54	intergenic	intergenic	10516	IGL
chr22_22639788	22639788	IGLV10-54	intergenic	intergenic	10945	IGL
chr22_23067221	23067221	IGLV3-27	intergenic	intergenic	24083	IGL
chr22_22935300	22935300	IGLV2-33	intergenic	intergenic	75645	IGL
chr22_22527811	22527811	IGLV8-61	intergenic	intergenic	15014	IGL
chr22_22436595	22436595	IGLV4-69	intergenic	intergenic	7891	IGL
chr22_22436653	22436653	IGLV4-69	intergenic	intergenic	7833	IGL
chr22_22436702	22436702	IGLV4-69	intergenic	intergenic	7784	IGL
chr22_22436861	22436861	IGLV4-69	intergenic	intergenic	7625	IGL
chr22_22477354	22477354	IGLV4-69	intergenic	intergenic	32290	IGL
chr22_22968456	22968456	IGLV2-33	intergenic	intergenic	42489	IGL
chr22_22898692	22898692	IGLV1-36	intergenic	intergenic	43351	IGL
chr22_22828619	22828619	IGLV1-41	intergenic	intergenic	1050	IGL
chr22_22936654	22936654	IGLV2-33	intergenic	intergenic	74291	IGL
chr22_22938175	22938175	IGLV2-33	intergenic	intergenic	72770	IGL
chr22_23389358	23389358	IGLJ7	intergenic	intergenic	28934	IGL
chr22_22758457	22758457	IGLV9-49	intergenic	intergenic	967	IGL
chr22_22945833	22945833	IGLV2-33	intergenic	intergenic	65112	IGL
chr22_23059113	23059113	IGLV3-27	intergenic	intergenic	32191	IGL
chr22_23059566	23059566	IGLV3-27	intergenic	intergenic	31738	IGL
chr22_22484244	22484244	IGLV8-61	intergenic	intergenic	27517	IGL
chr22_23015414	23015414	IGLV3-32	intergenic	intergenic	1843	IGL
chr22_22818509	22818509	IGLV5-39	intergenic	intergenic	1677	IGL
chr22_22931956	22931956	IGLV1-36	intergenic	intergenic	76615	IGL
chr22_23195704	23195704	IGLV3-12	intergenic	intergenic	202	IGL
chr22_23195819	23195819	IGLV3-12	intergenic	intergenic	317	IGL
chr22_23204796	23204796	IGLV3-12	intergenic	intergenic	9294	IGL
chr22_23204923	23204923	IGLV3-12	intergenic	intergenic	9421	IGL
chr22_23205027	23205027	IGLV3-12	intergenic	intergenic	9525	IGL
chr22_23205439	23205439	IGLV2-11	intergenic	intergenic	9929	IGL
chr22_23205691	23205691	IGLV2-11	intergenic	intergenic	9677	IGL
chr22_23205809	23205809	IGLV2-11	intergenic	intergenic	9559	IGL
chr22_23205850	23205850	IGLV2-11	intergenic	intergenic	9518	IGL
chr22_23205882	23205882	IGLV2-11	intergenic	intergenic	9486	IGL
chr22_23206176	23206176	IGLV2-11	intergenic	intergenic	9192	IGL
chr22_23206184	23206184	IGLV2-11	intergenic	intergenic	9184	IGL
chr22_22556804	22556804	IGLV4-60	intergenic	intergenic	18930	IGL
chr22_22559839	22559839	IGLV4-60	intergenic	intergenic	15895	IGL
chr22_22567489	22567489	IGLV4-60	intergenic	intergenic	8245	IGL
chr22_22567571	22567571	IGLV4-60	intergenic	intergenic	8163	IGL
chr22_22668429	22668429	IGLV10-54	intergenic	intergenic	39586	IGL
chr22_22861607	22861607	IGLV1-36	intergenic	intergenic	6266	IGL
chr22_22848127	22848127	IGLV5-37	intergenic	intergenic	2248	IGL
chr22_23066990	23066990	IGLV3-27	intergenic	intergenic	24314	IGL
chr22_22648394	22648394	IGLV10-54	intergenic	intergenic	19551	IGL
chr22_23072919	23072919	IGLV3-27	intergenic	intergenic	18385	IGL
chr22_22618534	22618534	IGLV11-55	intergenic	intergenic	2797	IGL
chr22_22436027	22436027	IGLV4-69	intergenic	intergenic	8459	IGL
chr22_22878808	22878808	IGLV1-36	intergenic	intergenic	23467	IGL
chr22_22881834	22881834	IGLV1-36	intergenic	intergenic	26493	IGL
chr22_22919901	22919901	IGLV1-36	intergenic	intergenic	64560	IGL
chr22_23197925	23197925	IGLV3-12	intergenic	intergenic	2423	IGL
chr22_23127153	23127153	IGLV3-22	intergenic	intergenic	82	IGL
chr22_22992551	22992551	IGLV2-33	intergenic	intergenic	18394	IGL
chr22_23066093	23066093	IGLV3-27	intergenic	intergenic	25211	IGL
chr22_23208056	23208056	IGLV2-11	intergenic	intergenic	7312	IGL
chr22_22924904	22924904	IGLV1-36	intergenic	intergenic	69563	IGL
chr22_23113903	23113903	IGLV3-25	intergenic	intergenic	3573	IGL
chr22_23069259	23069259	IGLV3-27	intergenic	intergenic	22045	IGL
chr22_23069268	23069268	IGLV3-27	intergenic	intergenic	22036	IGL
chr22_22418165	22418165	IGLV4-69	intergenic	intergenic	26321	IGL
chr22_23116958	23116958	IGLV2-23	intergenic	intergenic	3800	IGL
chr22_22695765	22695765	IGLV5-52	intergenic	intergenic	36700	IGL
chr22_23018329	23018329	IGLV3-32	intergenic	intergenic	504	IGL
chr22_23163712	23163712	IGLV2-18	intergenic	intergenic	5613	IGL
chr22_23166092	23166092	IGLV3-16	intergenic	intergenic	4254	IGL
chr22_23169298	23169298	IGLV3-16	intergenic	intergenic	1048	IGL
chr22_23019725	23019725	IGLV3-32	intergenic	intergenic	1900	IGL
chr22_23069624	23069624	IGLV3-27	intergenic	intergenic	21680	IGL
chr22_23098456	23098456	IGLV3-27	intergenic	intergenic	6592	IGL
chr22_23101293	23101293	IGLV3-25	intergenic	intergenic	8442	IGL
chr22_23188937	23188937	IGLV3-12	intergenic	intergenic	5767	IGL
chr22_22943335	22943335	IGLV2-33	intergenic	intergenic	67610	IGL
chr22_23075585	23075585	IGLV3-27	intergenic	intergenic	15719	IGL
chr22_23019984	23019984	IGLV3-32	intergenic	intergenic	2159	IGL
chr22_23357101	23357101	IGLJ6	intergenic	intergenic	27	IGL
chr22_22952413	22952413	IGLV2-33	intergenic	intergenic	58532	IGL
chr22_22809565	22809565	IGLV7-43	intergenic	intergenic	322	IGL
chr22_22617093	22617093	IGLV11-55	intergenic	intergenic	1356	IGL
chr22_22946172	22946172	IGLV2-33	intergenic	intergenic	64773	IGL
chr22_22950042	22950042	IGLV2-33	intergenic	intergenic	60903	IGL
chr22_22955297	22955297	IGLV2-33	intergenic	intergenic	55648	IGL
chr22_22475865	22475865	IGLV4-69	intergenic	intergenic	30801	IGL
chr22_22637637	22637637	IGLV10-54	intergenic	intergenic	8794	IGL
chr22_23097116	23097116	IGLV3-27	intergenic	intergenic	5252	IGL
chr22_23136671	23136671	IGLV3-21	intergenic	intergenic	462	IGL
chr22_22525545	22525545	IGLV8-61	intergenic	intergenic	12748	IGL
chr22_22841478	22841478	IGLV1-40	intergenic	intergenic	8347	IGL
chr22_22843488	22843488	IGLV5-37	intergenic	intergenic	6887	IGL
chr22_22843568	22843568	IGLV5-37	intergenic	intergenic	6807	IGL
chr22_22843598	22843598	IGLV5-37	intergenic	intergenic	6777	IGL
chr22_22844014	22844014	IGLV5-37	intergenic	intergenic	6361	IGL
chr22_22418228	22418228	IGLV4-69	intergenic	intergenic	26258	IGL
chr22_22927812	22927812	IGLV1-36	intergenic	intergenic	72471	IGL
chr22_22928240	22928240	IGLV1-36	intergenic	intergenic	72899	IGL
chr22_23394527	23394527	IGLJ7	intergenic	intergenic	34103	IGL
chr22_23372050	23372050	IGLJ7	intergenic	intergenic	11626	IGL
chr22_23373342	23373342	IGLJ7	intergenic	intergenic	12918	IGL
chr22_23395537	23395537	IGLJ7	intergenic	intergenic	35113	IGL
chr22_22942865	22942865	IGLV2-33	intergenic	intergenic	68080	IGL
chr22_23244701	23244701	IGLV2-8	intergenic	intergenic	834	IGL
chr22_23008666	23008666	IGLV2-33	intergenic	intergenic	2279	IGL
chr22_23008667	23008667	IGLV2-33	intergenic	intergenic	2278	IGL
chr22_22984519	22984519	IGLV2-33	intergenic	intergenic	26426	IGL
chr22_22529434	22529434	IGLV8-61	intergenic	intergenic	16637	IGL
chr22_22529468	22529468	IGLV8-61	intergenic	intergenic	16671	IGL
chr22_23385132	23385132	IGLJ7	intergenic	intergenic	24708	IGL
chr22_22644143	22644143	IGLV10-54	intergenic	intergenic	15300	IGL
chr22_22948583	22948583	IGLV2-33	intergenic	intergenic	62362	IGL
chr22_22617223	22617223	IGLV11-55	intergenic	intergenic	1486	IGL
chr22_23118054	23118054	IGLV2-23	intergenic	intergenic	2704	IGL
chr22_23287772	23287772	IGLV4-3	intergenic	intergenic	6609	IGL
chr22_22781848	22781848	IGLV7-46	intergenic	intergenic	1478	IGL
chr22_22906923	22906923	IGLV1-36	intergenic	intergenic	51582	IGL
chr22_22907920	22907920	IGLV1-36	intergenic	intergenic	52579	IGL
chr22_22911474	22911474	IGLV1-36	intergenic	intergenic	56133	IGL
chr22_22549047	22549047	IGLV4-60	intergenic	intergenic	26687	IGL
chr22_23060154	23060154	IGLV3-27	intergenic	intergenic	31150	IGL
chr22_23390180	23390180	IGLJ7	intergenic	intergenic	29756	IGL
chr22_23026083	23026083	IGLV3-32	intergenic	intergenic	8258	IGL
chr22_23239939	23239939	IGLV3-9	intergenic	intergenic	1948	IGL
chr22_22898357	22898357	IGLV1-36	intergenic	intergenic	43016	IGL
chr22_22898487	22898487	IGLV1-36	intergenic	intergenic	43146	IGL
chr22_22485283	22485283	IGLV8-61	intergenic	intergenic	26478	IGL
chr22_22485284	22485284	IGLV8-61	intergenic	intergenic	26477	IGL
chr22_23003263	23003263	IGLV2-33	intergenic	intergenic	7682	IGL
chr22_23041181	23041181	IGLV3-32	intergenic	intergenic	23356	IGL
chr22_23044820	23044820	IGLV3-32	intergenic	intergenic	26995	IGL
chr22_23052169	23052169	IGLV3-32	intergenic	intergenic	34344	IGL
chr22_22570575	22570575	IGLV4-60	intergenic	intergenic	5159	IGL
chr22_23277904	23277904	IGLV4-3	intergenic	intergenic	16477	IGL
chr22_23038140	23038140	IGLV3-32	intergenic	intergenic	20315	IGL
chr22_22595815	22595815	IGLV6-57	intergenic	intergenic	13519	IGL
chr22_22596598	22596598	IGLV6-57	intergenic	intergenic	12736	IGL
chr22_23018310	23018310	IGLV3-32	intergenic	intergenic	485	IGL
chr22_22765361	22765361	IGLV5-48	intergenic	intergenic	1293	IGL
chr22_23283923	23283923	IGLV4-3	intergenic	intergenic	10458	IGL
chr22_23023023	23023023	IGLV3-32	intergenic	intergenic	5198	IGL
chr22_23029116	23029116	IGLV3-32	intergenic	intergenic	11291	IGL
chr22_23032069	23032069	IGLV3-32	intergenic	intergenic	14244	IGL
chr22_23032709	23032709	IGLV3-32	intergenic	intergenic	14884	IGL
chr22_22896073	22896073	IGLV1-36	intergenic	intergenic	40732	IGL
chr22_22896375	22896375	IGLV1-36	intergenic	intergenic	41034	IGL
chr22_22896516	22896516	IGLV1-36	intergenic	intergenic	41175	IGL
chr22_22896593	22896593	IGLV1-36	intergenic	intergenic	41252	IGL
chr22_22896642	22896642	IGLV1-36	intergenic	intergenic	41301	IGL
chr22_22896841	22896841	IGLV1-36	intergenic	intergenic	41500	IGL
chr22_22896913	22896913	IGLV1-36	intergenic	intergenic	41572	IGL
chr22_22897067	22897067	IGLV1-36	intergenic	intergenic	41726	IGL
chr22_22897068	22897068	IGLV1-36	intergenic	intergenic	41727	IGL
chr22_22897085	22897085	IGLV1-36	intergenic	intergenic	41744	IGL
chr22_22897165	22897165	IGLV1-36	intergenic	intergenic	41824	IGL
chr22_22898869	22898869	IGLV1-36	intergenic	intergenic	43528	IGL
chr22_22894778	22894778	IGLV1-36	intergenic	intergenic	39437	IGL
chr22_22895241	22895241	IGLV1-36	intergenic	intergenic	39900	IGL
chr22_22895251	22895251	IGLV1-36	intergenic	intergenic	39910	IGL
chr22_22895270	22895270	IGLV1-36	intergenic	intergenic	39929	IGL
chr22_22895410	22895410	IGLV1-36	intergenic	intergenic	40069	IGL
chr22_22895786	22895786	IGLV1-36	intergenic	intergenic	40445	IGL
chr22_22885723	22885723	IGLV1-36	intergenic	intergenic	30382	IGL
chr22_22886126	22886126	IGLV1-36	intergenic	intergenic	30785	IGL
chr22_22886462	22886462	IGLV1-36	intergenic	intergenic	31121	IGL
chr22_22886664	22886664	IGLV1-36	intergenic	intergenic	31323	IGL
chr22_22887400	22887400	IGLV1-36	intergenic	intergenic	32059	IGL
chr22_22887883	22887883	IGLV1-36	intergenic	intergenic	32542	IGL
chr22_22887953	22887953	IGLV1-36	intergenic	intergenic	32612	IGL
chr22_22889135	22889135	IGLV1-36	intergenic	intergenic	33794	IGL
chr22_22889215	22889215	IGLV1-36	intergenic	intergenic	33874	IGL
chr22_22889380	22889380	IGLV1-36	intergenic	intergenic	34039	IGL
chr22_22889439	22889439	IGLV1-36	intergenic	intergenic	34098	IGL
chr22_22890375	22890375	IGLV1-36	intergenic	intergenic	35034	IGL
chr22_22890868	22890868	IGLV1-36	intergenic	intergenic	35527	IGL
chr22_22891053	22891053	IGLV1-36	intergenic	intergenic	35712	IGL
chr22_22891081	22891081	IGLV1-36	intergenic	intergenic	35740	IGL
chr22_22891615	22891615	IGLV1-36	intergenic	intergenic	36274	IGL
chr22_22891912	22891912	IGLV1-36	intergenic	intergenic	36571	IGL
chr22_22892003	22892003	IGLV1-36	intergenic	intergenic	36662	IGL
chr22_22892308	22892308	IGLV1-36	intergenic	intergenic	36967	IGL
chr22_22892309	22892309	IGLV1-36	intergenic	intergenic	36968	IGL
chr22_22892596	22892596	IGLV1-36	intergenic	intergenic	37255	IGL
chr22_22893079	22893079	IGLV1-36	intergenic	intergenic	37738	IGL
chr22_22893778	22893778	IGLV1-36	intergenic	intergenic	38437	IGL
chr22_22893946	22893946	IGLV1-36	intergenic	intergenic	38605	IGL
chr22_22893969	22893969	IGLV1-36	intergenic	intergenic	38628	IGL
chr22_22894076	22894076	IGLV1-36	intergenic	intergenic	38735	IGL
chr22_22894148	22894148	IGLV1-36	intergenic	intergenic	38807	IGL
chr22_22894211	22894211	IGLV1-36	intergenic	intergenic	38870	IGL
chr22_22894403	22894403	IGLV1-36	intergenic	intergenic	39062	IGL
chr22_22894436	22894436	IGLV1-36	intergenic	intergenic	39095	IGL
chr22_22894757	22894757	IGLV1-36	intergenic	intergenic	39416	IGL
chr22_23284129	23284129	IGLV4-3	intergenic	intergenic	10252	IGL
chr22_23373041	23373041	IGLJ7	intergenic	intergenic	12617	IGL
chr22_23057762	23057762	IGLV3-27	intergenic	intergenic	33542	IGL
chr22_22955782	22955782	IGLV2-33	intergenic	intergenic	55163	IGL
chr22_23066045	23066045	IGLV3-27	intergenic	intergenic	25259	IGL
chr22_23227304	23227304	IGLV3-10	intergenic	intergenic	7320	IGL
chr22_22472937	22472937	IGLV4-69	intergenic	intergenic	27873	IGL
chr22_22473145	22473145	IGLV4-69	intergenic	intergenic	28081	IGL
chr22_22473264	22473264	IGLV4-69	intergenic	intergenic	28200	IGL
chr22_22473598	22473598	IGLV4-69	intergenic	intergenic	28534	IGL
chr22_22473975	22473975	IGLV4-69	intergenic	intergenic	28911	IGL
chr22_22527541	22527541	IGLV8-61	intergenic	intergenic	14744	IGL
chr22_22527754	22527754	IGLV8-61	intergenic	intergenic	14957	IGL
chr22_22527861	22527861	IGLV8-61	intergenic	intergenic	15064	IGL
chr22_23279804	23279804	IGLV4-3	intergenic	intergenic	14577	IGL
chr22_22943063	22943063	IGLV2-33	intergenic	intergenic	67882	IGL
chr22_23277168	23277168	IGLV4-3	intergenic	intergenic	17213	IGL
chr22_22416426	22416426	IGLV4-69	intergenic	intergenic	28060	IGL
chr22_22768673	22768673	IGLV5-48	intergenic	intergenic	1488	IGL
chr22_23233843	23233843	IGLV3-10	intergenic	intergenic	781	IGL
chr22_22543741	22543741	IGLV8-61	intergenic	intergenic	30944	IGL
chr22_23090997	23090997	IGLV3-27	intergenic	intergenic	307	IGL
chr22_22865484	22865484	IGLV1-36	intergenic	intergenic	10143	IGL
chr22_23001521	23001521	IGLV2-33	intergenic	intergenic	9424	IGL
chr22_22499201	22499201	IGLV8-61	intergenic	intergenic	12560	IGL
chr22_23284424	23284424	IGLV4-3	intergenic	intergenic	9957	IGL
chr22_22650035	22650035	IGLV10-54	intergenic	intergenic	21192	IGL
chr22_22650227	22650227	IGLV10-54	intergenic	intergenic	21384	IGL
chr22_22650237	22650237	IGLV10-54	intergenic	intergenic	21394	IGL
chr22_22650560	22650560	IGLV10-54	intergenic	intergenic	21717	IGL
chr22_22650596	22650596	IGLV10-54	intergenic	intergenic	21753	IGL
chr22_22650659	22650659	IGLV10-54	intergenic	intergenic	21816	IGL
chr22_22650683	22650683	IGLV10-54	intergenic	intergenic	21840	IGL
chr22_22651099	22651099	IGLV10-54	intergenic	intergenic	22256	IGL
chr22_22651352	22651352	IGLV10-54	intergenic	intergenic	22509	IGL
chr22_22652772	22652772	IGLV10-54	intergenic	intergenic	23929	IGL
chr22_22652955	22652955	IGLV10-54	intergenic	intergenic	24112	IGL
chr22_22653251	22653251	IGLV10-54	intergenic	intergenic	24408	IGL
chr22_22653344	22653344	IGLV10-54	intergenic	intergenic	24501	IGL
chr22_22653427	22653427	IGLV10-54	intergenic	intergenic	24584	IGL
chr22_22653579	22653579	IGLV10-54	intergenic	intergenic	24736	IGL
chr22_22653588	22653588	IGLV10-54	intergenic	intergenic	24745	IGL
chr22_22653591	22653591	IGLV10-54	intergenic	intergenic	24748	IGL
chr22_22653599	22653599	IGLV10-54	intergenic	intergenic	24756	IGL
chr22_22653851	22653851	IGLV10-54	intergenic	intergenic	25008	IGL
chr22_22654036	22654036	IGLV10-54	intergenic	intergenic	25193	IGL
chr22_22654205	22654205	IGLV10-54	intergenic	intergenic	25362	IGL
chr22_23273822	23273822	IGLV4-3	intergenic	intergenic	20559	IGL
chr22_23384797	23384797	IGLJ7	intergenic	intergenic	24373	IGL
chr22_23384932	23384932	IGLJ7	intergenic	intergenic	24508	IGL
chr22_23385170	23385170	IGLJ7	intergenic	intergenic	24746	IGL
chr22_23003173	23003173	IGLV2-33	intergenic	intergenic	7772	IGL
chr22_23112186	23112186	IGLV3-25	intergenic	intergenic	1856	IGL
chr22_22616718	22616718	IGLV11-55	intergenic	intergenic	981	IGL
chr22_22536829	22536829	IGLV8-61	intergenic	intergenic	24032	IGL
chr22_22537895	22537895	IGLV8-61	intergenic	intergenic	25098	IGL
chr22_22538621	22538621	IGLV8-61	intergenic	intergenic	25824	IGL
chr22_22539025	22539025	IGLV8-61	intergenic	intergenic	26228	IGL
chr22_22539836	22539836	IGLV8-61	intergenic	intergenic	27039	IGL
chr22_22540842	22540842	IGLV8-61	intergenic	intergenic	28045	IGL
chr22_22543152	22543152	IGLV8-61	intergenic	intergenic	30355	IGL
chr22_23008552	23008552	IGLV2-33	intergenic	intergenic	2393	IGL
chr22_23008647	23008647	IGLV2-33	intergenic	intergenic	2298	IGL
chr22_23283313	23283313	IGLV4-3	intergenic	intergenic	11068	IGL
chr22_23283586	23283586	IGLV4-3	intergenic	intergenic	10795	IGL
chr22_23283669	23283669	IGLV4-3	intergenic	intergenic	10712	IGL
chr22_23283824	23283824	IGLV4-3	intergenic	intergenic	10557	IGL
chr22_23284025	23284025	IGLV4-3	intergenic	intergenic	10356	IGL
chr22_22780550	22780550	IGLV7-46	intergenic	intergenic	2776	IGL
chr22_22782694	22782694	IGLV7-46	intergenic	intergenic	632	IGL
chr22_22782709	22782709	IGLV7-46	intergenic	intergenic	617	IGL
chr22_23319018	23319018	IGLJ1	intergenic	intergenic	2291	IGL
chr22_23305823	23305823	IGLV3-1	intergenic	intergenic	1482	IGL
chr22_22879161	22879161	IGLV1-36	intergenic	intergenic	23820	IGL
chr22_22879169	22879169	IGLV1-36	intergenic	intergenic	23828	IGL
chr22_22879622	22879622	IGLV1-36	intergenic	intergenic	24281	IGL
chr22_22879650	22879650	IGLV1-36	intergenic	intergenic	24309	IGL
chr22_22879943	22879943	IGLV1-36	intergenic	intergenic	24602	IGL
chr22_22880115	22880115	IGLV1-36	intergenic	intergenic	24774	IGL
chr22_22880342	22880342	IGLV1-36	intergenic	intergenic	25001	IGL
chr22_22880368	22880368	IGLV1-36	intergenic	intergenic	25027	IGL
chr22_22880430	22880430	IGLV1-36	intergenic	intergenic	25089	IGL
chr22_22880725	22880725	IGLV1-36	intergenic	intergenic	25384	IGL
chr22_22881240	22881240	IGLV1-36	intergenic	intergenic	25899	IGL
chr22_22881999	22881999	IGLV1-36	intergenic	intergenic	26658	IGL
chr22_22882448	22882448	IGLV1-36	intergenic	intergenic	27107	IGL
chr22_22882479	22882479	IGLV1-36	intergenic	intergenic	27138	IGL
chr22_22882964	22882964	IGLV1-36	intergenic	intergenic	27623	IGL
chr22_22883388	22883388	IGLV1-36	intergenic	intergenic	28047	IGL
chr22_22883843	22883843	IGLV1-36	intergenic	intergenic	28502	IGL
chr22_22884353	22884353	IGLV1-36	intergenic	intergenic	29012	IGL
chr22_22884573	22884573	IGLV1-36	intergenic	intergenic	29232	IGL
chr22_22884820	22884820	IGLV1-36	intergenic	intergenic	29479	IGL
chr22_23059466	23059466	IGLV3-27	intergenic	intergenic	31838	IGL
chr22_23059468	23059468	IGLV3-27	intergenic	intergenic	31836	IGL
chr22_22492777	22492777	IGLV8-61	intergenic	intergenic	18984	IGL
chr22_22652235	22652235	IGLV10-54	intergenic	intergenic	23392	IGL
chr22_23385062	23385062	IGLJ7	intergenic	intergenic	24638	IGL
chr22_23387125	23387125	IGLJ7	intergenic	intergenic	26701	IGL
chr22_23387309	23387309	IGLJ7	intergenic	intergenic	26885	IGL
chr22_22436361	22436361	IGLV4-69	intergenic	intergenic	8125	IGL
chr22_22772820	22772820	IGLV1-47	intergenic	intergenic	802	IGL
chr22_22651607	22651607	IGLV10-54	intergenic	intergenic	22764	IGL
chr22_22474242	22474242	IGLV4-69	intergenic	intergenic	29178	IGL
chr22_23055775	23055775	IGLV3-27	intergenic	intergenic	35529	IGL
chr22_23302938	23302938	IGLV3-1	intergenic	intergenic	677	IGL
chr22_23053694	23053694	IGLV3-32	intergenic	intergenic	35869	IGL
chr22_22951450	22951450	IGLV2-33	intergenic	intergenic	59495	IGL
chr22_22929106	22929106	IGLV1-36	intergenic	intergenic	73765	IGL
chr22_22983919	22983919	IGLV2-33	intergenic	intergenic	27026	IGL
chr22_22983934	22983934	IGLV2-33	intergenic	intergenic	27011	IGL
chr22_22984163	22984163	IGLV2-33	intergenic	intergenic	26782	IGL
chr22_22984248	22984248	IGLV2-33	intergenic	intergenic	26697	IGL
chr22_22984484	22984484	IGLV2-33	intergenic	intergenic	26461	IGL
chr22_22984520	22984520	IGLV2-33	intergenic	intergenic	26425	IGL
chr22_22984597	22984597	IGLV2-33	intergenic	intergenic	26348	IGL
chr22_22984604	22984604	IGLV2-33	intergenic	intergenic	26341	IGL
chr22_22984960	22984960	IGLV2-33	intergenic	intergenic	25985	IGL
chr22_22985256	22985256	IGLV2-33	intergenic	intergenic	25689	IGL
chr22_22985484	22985484	IGLV2-33	intergenic	intergenic	25461	IGL
chr22_22985549	22985549	IGLV2-33	intergenic	intergenic	25396	IGL
chr22_22986028	22986028	IGLV2-33	intergenic	intergenic	24917	IGL
chr22_22986241	22986241	IGLV2-33	intergenic	intergenic	24704	IGL
chr22_22986338	22986338	IGLV2-33	intergenic	intergenic	24607	IGL
chr22_22986434	22986434	IGLV2-33	intergenic	intergenic	24511	IGL
chr22_22990091	22990091	IGLV2-33	intergenic	intergenic	20854	IGL
chr22_22990422	22990422	IGLV2-33	intergenic	intergenic	20523	IGL
chr22_22990440	22990440	IGLV2-33	intergenic	intergenic	20505	IGL
chr22_22990442	22990442	IGLV2-33	intergenic	intergenic	20503	IGL
chr22_22990605	22990605	IGLV2-33	intergenic	intergenic	20340	IGL
chr22_22990733	22990733	IGLV2-33	intergenic	intergenic	20212	IGL
chr22_22990876	22990876	IGLV2-33	intergenic	intergenic	20069	IGL
chr22_22990983	22990983	IGLV2-33	intergenic	intergenic	19962	IGL
chr22_22990991	22990991	IGLV2-33	intergenic	intergenic	19954	IGL
chr22_22991134	22991134	IGLV2-33	intergenic	intergenic	19811	IGL
chr22_22991520	22991520	IGLV2-33	intergenic	intergenic	19425	IGL
chr22_22992628	22992628	IGLV2-33	intergenic	intergenic	18317	IGL
chr22_22778287	22778287	IGLV7-46	intergenic	intergenic	5039	IGL
chr22_23053610	23053610	IGLV3-32	intergenic	intergenic	35785	IGL
chr22_22870751	22870751	IGLV1-36	intergenic	intergenic	15410	IGL
chr22_22417356	22417356	IGLV4-69	intergenic	intergenic	27130	IGL
chr22_23117810	23117810	IGLV2-23	intergenic	intergenic	2948	IGL
chr22_23268561	23268561	IGLV2-8	intergenic	intergenic	22355	IGL
chr22_22983081	22983081	IGLV2-33	intergenic	intergenic	27864	IGL
chr22_23200969	23200969	IGLV3-12	intergenic	intergenic	5467	IGL
chr22_22779325	22779325	IGLV7-46	intergenic	intergenic	4001	IGL
chr22_22647630	22647630	IGLV10-54	intergenic	intergenic	18787	IGL
chr22_22647746	22647746	IGLV10-54	intergenic	intergenic	18903	IGL
chr22_22648261	22648261	IGLV10-54	intergenic	intergenic	19418	IGL
chr22_23052465	23052465	IGLV3-32	intergenic	intergenic	34640	IGL
chr22_22927925	22927925	IGLV1-36	intergenic	intergenic	72584	IGL
chr22_22928281	22928281	IGLV1-36	intergenic	intergenic	72940	IGL
chr22_22928651	22928651	IGLV1-36	intergenic	intergenic	73310	IGL
chr22_22928738	22928738	IGLV1-36	intergenic	intergenic	73397	IGL
chr22_22928898	22928898	IGLV1-36	intergenic	intergenic	73557	IGL
chr22_23389197	23389197	IGLJ7	intergenic	intergenic	28773	IGL
chr22_23389792	23389792	IGLJ7	intergenic	intergenic	29368	IGL
chr22_23355343	23355343	IGLJ6	intergenic	intergenic	1785	IGL
chr22_23356569	23356569	IGLJ6	intergenic	intergenic	559	IGL
chr22_22413825	22413825	IGLV4-69	intergenic	intergenic	30661	IGL
chr22_22439224	22439224	IGLV4-69	intergenic	intergenic	5262	IGL
chr22_23019867	23019867	IGLV3-32	intergenic	intergenic	2042	IGL
chr22_23373822	23373822	IGLJ7	intergenic	intergenic	13398	IGL
chr22_23038661	23038661	IGLV3-32	intergenic	intergenic	20836	IGL
chr22_23301211	23301211	IGLV3-1	intergenic	intergenic	2404	IGL
chr22_22988875	22988875	IGLV2-33	intergenic	intergenic	22070	IGL
chr22_22535950	22535950	IGLV8-61	intergenic	intergenic	23153	IGL
chr22_23027234	23027234	IGLV3-32	intergenic	intergenic	9409	IGL
chr22_23030441	23030441	IGLV3-32	intergenic	intergenic	12616	IGL
chr22_23031259	23031259	IGLV3-32	intergenic	intergenic	13434	IGL
chr22_22887620	22887620	IGLV1-36	intergenic	intergenic	32279	IGL
chr22_22884878	22884878	IGLV1-36	intergenic	intergenic	29537	IGL
chr22_22885356	22885356	IGLV1-36	intergenic	intergenic	30015	IGL
chr22_23059893	23059893	IGLV3-27	intergenic	intergenic	31411	IGL
chr22_23063194	23063194	IGLV3-27	intergenic	intergenic	28110	IGL
chr22_22977784	22977784	IGLV2-33	intergenic	intergenic	33161	IGL
chr22_22979145	22979145	IGLV2-33	intergenic	intergenic	31800	IGL
chr22_23248773	23248773	IGLV2-8	intergenic	intergenic	2567	IGL
chr22_23004962	23004962	IGLV2-33	intergenic	intergenic	5983	IGL
chr22_23005217	23005217	IGLV2-33	intergenic	intergenic	5728	IGL
chr22_23005257	23005257	IGLV2-33	intergenic	intergenic	5688	IGL
chr22_23005601	23005601	IGLV2-33	intergenic	intergenic	5344	IGL
chr22_23005770	23005770	IGLV2-33	intergenic	intergenic	5175	IGL
chr22_23006779	23006779	IGLV2-33	intergenic	intergenic	4166	IGL
chr22_23007066	23007066	IGLV2-33	intergenic	intergenic	3879	IGL
chr22_23007324	23007324	IGLV2-33	intergenic	intergenic	3621	IGL
chr22_23007367	23007367	IGLV2-33	intergenic	intergenic	3578	IGL
chr22_23007414	23007414	IGLV2-33	intergenic	intergenic	3531	IGL
chr22_23007416	23007416	IGLV2-33	intergenic	intergenic	3529	IGL
chr22_23007508	23007508	IGLV2-33	intergenic	intergenic	3437	IGL
chr22_23007710	23007710	IGLV2-33	intergenic	intergenic	3235	IGL
chr22_23007791	23007791	IGLV2-33	intergenic	intergenic	3154	IGL
chr22_23008023	23008023	IGLV2-33	intergenic	intergenic	2922	IGL
chr22_23008055	23008055	IGLV2-33	intergenic	intergenic	2890	IGL
chr22_23008163	23008163	IGLV2-33	intergenic	intergenic	2782	IGL
chr22_23008396	23008396	IGLV2-33	intergenic	intergenic	2549	IGL
chr22_22526734	22526734	IGLV8-61	intergenic	intergenic	13937	IGL
chr22_22437325	22437325	IGLV4-69	intergenic	intergenic	7161	IGL
chr22_22437417	22437417	IGLV4-69	intergenic	intergenic	7069	IGL
chr22_22437423	22437423	IGLV4-69	intergenic	intergenic	7063	IGL
chr22_22437442	22437442	IGLV4-69	intergenic	intergenic	7044	IGL
chr22_22638895	22638895	IGLV10-54	intergenic	intergenic	10052	IGL
chr22_22651870	22651870	IGLV10-54	intergenic	intergenic	23027	IGL
chr22_22651899	22651899	IGLV10-54	intergenic	intergenic	23056	IGL
chr22_22652009	22652009	IGLV10-54	intergenic	intergenic	23166	IGL
chr22_22494145	22494145	IGLV8-61	intergenic	intergenic	17616	IGL
chr22_22494151	22494151	IGLV8-61	intergenic	intergenic	17610	IGL
chr22_22494604	22494604	IGLV8-61	intergenic	intergenic	17157	IGL
chr22_22939493	22939493	IGLV2-33	intergenic	intergenic	71452	IGL
chr22_22801856	22801856	IGLV1-44	intergenic	intergenic	6756	IGL
chr22_22801971	22801971	IGLV7-43	intergenic	intergenic	6761	IGL
chr22_22803084	22803084	IGLV7-43	intergenic	intergenic	5648	IGL
chr22_22804951	22804951	IGLV7-43	intergenic	intergenic	3781	IGL
chr22_22805646	22805646	IGLV7-43	intergenic	intergenic	3086	IGL
chr22_22806385	22806385	IGLV7-43	intergenic	intergenic	2347	IGL
chr22_22806490	22806490	IGLV7-43	intergenic	intergenic	2242	IGL
chr22_22806991	22806991	IGLV7-43	intergenic	intergenic	1741	IGL
chr22_22807237	22807237	IGLV7-43	intergenic	intergenic	1495	IGL
chr22_22807449	22807449	IGLV7-43	intergenic	intergenic	1283	IGL
chr22_22410338	22410338	IGLV4-69	intergenic	intergenic	34148	IGL
chr22_23377921	23377921	IGLJ7	intergenic	intergenic	17497	IGL
chr22_22474132	22474132	IGLV4-69	intergenic	intergenic	29068	IGL
chr22_22888523	22888523	IGLV1-36	intergenic	intergenic	33182	IGL
chr22_23136626	23136626	IGLV3-21	intergenic	intergenic	417	IGL
chr22_23182775	23182775	IGLV2-14	intergenic	intergenic	552	IGL
chr22_23185165	23185165	IGLV2-14	intergenic	intergenic	2942	IGL
chr22_23185182	23185182	IGLV2-14	intergenic	intergenic	2959	IGL
chr22_23185849	23185849	IGLV2-14	intergenic	intergenic	3626	IGL
chr22_23185922	23185922	IGLV2-14	intergenic	intergenic	3699	IGL
chr22_23187961	23187961	IGLV2-14	intergenic	intergenic	5738	IGL
chr22_23190744	23190744	IGLV3-12	intergenic	intergenic	3960	IGL
chr22_23191082	23191082	IGLV3-12	intergenic	intergenic	3622	IGL
chr22_23208498	23208498	IGLV2-11	intergenic	intergenic	6870	IGL
chr22_22496264	22496264	IGLV8-61	intergenic	intergenic	15497	IGL
chr22_22414651	22414651	IGLV4-69	intergenic	intergenic	29835	IGL
chr22_22414795	22414795	IGLV4-69	intergenic	intergenic	29691	IGL
chr22_22951154	22951154	IGLV2-33	intergenic	intergenic	59791	IGL
chr22_22639229	22639229	IGLV10-54	intergenic	intergenic	10386	IGL
chr22_23011977	23011977	IGLV2-33	intergenic	intergenic	518	IGL
chr22_23012034	23012034	IGLV2-33	intergenic	intergenic	575	IGL
chr22_23020163	23020163	IGLV3-32	intergenic	intergenic	2338	IGL
chr22_22534368	22534368	IGLV8-61	intergenic	intergenic	21571	IGL
chr22_22534369	22534369	IGLV8-61	intergenic	intergenic	21572	IGL
chr22_22534372	22534372	IGLV8-61	intergenic	intergenic	21575	IGL
chr22_22534373	22534373	IGLV8-61	intergenic	intergenic	21576	IGL
chr22_22534380	22534380	IGLV8-61	intergenic	intergenic	21583	IGL
chr22_22534384	22534384	IGLV8-61	intergenic	intergenic	21587	IGL
chr22_22622205	22622205	IGLV10-54	intergenic	intergenic	6134	IGL
chr22_23057780	23057780	IGLV3-27	intergenic	intergenic	33524	IGL
chr22_22438965	22438965	IGLV4-69	intergenic	intergenic	5521	IGL
chr22_22439016	22439016	IGLV4-69	intergenic	intergenic	5470	IGL
chr22_23388833	23388833	IGLJ7	intergenic	intergenic	28409	IGL
chr22_23086840	23086840	IGLV3-27	intergenic	intergenic	4464	IGL
chr22_22487375	22487375	IGLV8-61	intergenic	intergenic	24386	IGL
chr22_22465814	22465814	IGLV4-69	intergenic	intergenic	20750	IGL
chr22_23038365	23038365	IGLV3-32	intergenic	intergenic	20540	IGL
chr22_23038426	23038426	IGLV3-32	intergenic	intergenic	20601	IGL
chr22_23379849	23379849	IGLJ7	intergenic	intergenic	19425	IGL
chr22_23219472	23219472	IGLV2-11	intergenic	intergenic	3552	IGL
chr22_22528829	22528829	IGLV8-61	intergenic	intergenic	16032	IGL
chr22_22528970	22528970	IGLV8-61	intergenic	intergenic	16173	IGL
chr22_22528057	22528057	IGLV8-61	intergenic	intergenic	15260	IGL
chr22_22528058	22528058	IGLV8-61	intergenic	intergenic	15261	IGL
chr22_22490183	22490183	IGLV8-61	intergenic	intergenic	21578	IGL
chr22_22491294	22491294	IGLV8-61	intergenic	intergenic	20467	IGL
chr22_22474690	22474690	IGLV4-69	intergenic	intergenic	29626	IGL
chr22_23379094	23379094	IGLJ7	intergenic	intergenic	18670	IGL
chr22_22528820	22528820	IGLV8-61	intergenic	intergenic	16023	IGL
chr22_23217020	23217020	IGLV2-11	intergenic	intergenic	1100	IGL
chr22_22534379	22534379	IGLV8-61	intergenic	intergenic	21582	IGL
chr22_22534381	22534381	IGLV8-61	intergenic	intergenic	21584	IGL
chr22_23389359	23389359	IGLJ7	intergenic	intergenic	28935	IGL
chr22_22778343	22778343	IGLV7-46	intergenic	intergenic	4983	IGL
chr22_23059966	23059966	IGLV3-27	intergenic	intergenic	31338	IGL
chr22_22498094	22498094	IGLV8-61	intergenic	intergenic	13667	IGL
chr22_23391034	23391034	IGLJ7	intergenic	intergenic	30610	IGL
chr22_23066964	23066964	IGLV3-27	intergenic	intergenic	24340	IGL
chr22_22657851	22657851	IGLV10-54	intergenic	intergenic	29008	IGL
chr22_22799625	22799625	IGLV1-44	intergenic	intergenic	4525	IGL
chr22_22537344	22537344	IGLV8-61	intergenic	intergenic	24547	IGL
chr22_22531717	22531717	IGLV8-61	intergenic	intergenic	18920	IGL
chr22_22619628	22619628	IGLV11-55	intergenic	intergenic	3891	IGL
chr22_23010652	23010652	IGLV2-33	intergenic	intergenic	293	IGL
chr22_23010872	23010872	IGLV2-33	intergenic	intergenic	73	IGL
chr22_23011949	23011949	IGLV2-33	intergenic	intergenic	490	IGL
chr22_22458111	22458111	IGLV4-69	intergenic	intergenic	13047	IGL
chr22_23156833	23156833	IGLV2-18	intergenic	intergenic	744	IGL
chr22_22986846	22986846	IGLV2-33	intergenic	intergenic	24099	IGL
chr22_22986984	22986984	IGLV2-33	intergenic	intergenic	23961	IGL
chr22_22987356	22987356	IGLV2-33	intergenic	intergenic	23589	IGL
chr22_22988073	22988073	IGLV2-33	intergenic	intergenic	22872	IGL
chr22_22988185	22988185	IGLV2-33	intergenic	intergenic	22760	IGL
chr22_22989767	22989767	IGLV2-33	intergenic	intergenic	21178	IGL
chr22_22989859	22989859	IGLV2-33	intergenic	intergenic	21086	IGL
chr22_22989879	22989879	IGLV2-33	intergenic	intergenic	21066	IGL
chr22_23378918	23378918	IGLJ7	intergenic	intergenic	18494	IGL
chr22_23058721	23058721	IGLV3-27	intergenic	intergenic	32583	IGL
chr22_23282761	23282761	IGLV4-3	intergenic	intergenic	11620	IGL
chr22_23387871	23387871	IGLJ7	intergenic	intergenic	27447	IGL
chr22_23388036	23388036	IGLJ7	intergenic	intergenic	27612	IGL
chr22_22459652	22459652	IGLV4-69	intergenic	intergenic	14588	IGL
chr22_23217202	23217202	IGLV2-11	intergenic	intergenic	1282	IGL
chr22_22471700	22471700	IGLV4-69	intergenic	intergenic	26636	IGL
chr22_22471746	22471746	IGLV4-69	intergenic	intergenic	26682	IGL
chr22_23381386	23381386	IGLJ7	intergenic	intergenic	20962	IGL
chr22_22616942	22616942	IGLV11-55	intergenic	intergenic	1205	IGL
chr22_22421638	22421638	IGLV4-69	intergenic	intergenic	22848	IGL
chr22_22460043	22460043	IGLV4-69	intergenic	intergenic	14979	IGL
chr22_22979272	22979272	IGLV2-33	intergenic	intergenic	31673	IGL
chr22_22528113	22528113	IGLV8-61	intergenic	intergenic	15316	IGL
chr22_23259499	23259499	IGLV2-8	intergenic	intergenic	13293	IGL
chr22_23304788	23304788	IGLV3-1	intergenic	intergenic	447	IGL
chr22_22789225	22789225	IGLV5-45	intergenic	intergenic	473	IGL
chr22_22481761	22481761	IGLV8-61	intergenic	intergenic	30000	IGL
chr22_22481887	22481887	IGLV8-61	intergenic	intergenic	29874	IGL
chr22_22459049	22459049	IGLV4-69	intergenic	intergenic	13985	IGL
chr22_22949048	22949048	IGLV2-33	intergenic	intergenic	61897	IGL
chr22_23077718	23077718	IGLV3-27	intergenic	intergenic	13586	IGL
chr22_22921701	22921701	IGLV1-36	intergenic	intergenic	66360	IGL
chr22_23392578	23392578	IGLJ7	intergenic	intergenic	32154	IGL
chr22_22465838	22465838	IGLV4-69	intergenic	intergenic	20774	IGL
chr22_22467568	22467568	IGLV4-69	intergenic	intergenic	22504	IGL
chr22_22468410	22468410	IGLV4-69	intergenic	intergenic	23346	IGL
chr22_22468925	22468925	IGLV4-69	intergenic	intergenic	23861	IGL
chr22_23200360	23200360	IGLV3-12	intergenic	intergenic	4858	IGL
chr22_23200369	23200369	IGLV3-12	intergenic	intergenic	4867	IGL
chr22_23200931	23200931	IGLV3-12	intergenic	intergenic	5429	IGL
chr22_23201083	23201083	IGLV3-12	intergenic	intergenic	5581	IGL
chr22_23201133	23201133	IGLV3-12	intergenic	intergenic	5631	IGL
chr22_23201250	23201250	IGLV3-12	intergenic	intergenic	5748	IGL
chr22_23201520	23201520	IGLV3-12	intergenic	intergenic	6018	IGL
chr22_23201627	23201627	IGLV3-12	intergenic	intergenic	6125	IGL
chr22_23201629	23201629	IGLV3-12	intergenic	intergenic	6127	IGL
chr22_23201638	23201638	IGLV3-12	intergenic	intergenic	6136	IGL
chr22_23202889	23202889	IGLV3-12	intergenic	intergenic	7387	IGL
chr22_23203302	23203302	IGLV3-12	intergenic	intergenic	7800	IGL
chr22_23204481	23204481	IGLV3-12	intergenic	intergenic	8979	IGL
chr22_23008724	23008724	IGLV2-33	intergenic	intergenic	2221	IGL
chr22_22537043	22537043	IGLV8-61	intergenic	intergenic	24246	IGL
chr22_22537701	22537701	IGLV8-61	intergenic	intergenic	24904	IGL
chr22_22904930	22904930	IGLV1-36	intergenic	intergenic	49589	IGL
chr22_23302137	23302137	IGLV3-1	intergenic	intergenic	1478	IGL
chr22_22450393	22450393	IGLV4-69	intergenic	intergenic	5329	IGL
chr22_23156146	23156146	IGLV2-18	intergenic	intergenic	1431	IGL
chr22_23156891	23156891	IGLV2-18	intergenic	intergenic	686	IGL
chr22_22528564	22528564	IGLV8-61	intergenic	intergenic	15767	IGL
chr22_23116577	23116577	IGLV2-23	intergenic	intergenic	4181	IGL
chr22_23006496	23006496	IGLV2-33	intergenic	intergenic	4449	IGL
chr22_22530310	22530310	IGLV8-61	intergenic	intergenic	17513	IGL
chr22_23017075	23017075	IGLV3-32	intergenic	intergenic	182	IGL
chr22_23019372	23019372	IGLV3-32	intergenic	intergenic	1547	IGL
chr22_23250286	23250286	IGLV2-8	intergenic	intergenic	4080	IGL
chr22_22788911	22788911	IGLV5-45	intergenic	intergenic	787	IGL
chr22_22539103	22539103	IGLV8-61	intergenic	intergenic	26306	IGL
chr22_22540640	22540640	IGLV8-61	intergenic	intergenic	27843	IGL
chr22_22955083	22955083	IGLV2-33	intergenic	intergenic	55862	IGL
chr22_22977585	22977585	IGLV2-33	intergenic	intergenic	33360	IGL
chr22_23012411	23012411	IGLV2-33	intergenic	intergenic	952	IGL
chr22_22529488	22529488	IGLV8-61	intergenic	intergenic	16691	IGL
chr22_23291543	23291543	IGLV4-3	intergenic	intergenic	2838	IGL
chr22_23396396	23396396	IGLJ7	intergenic	intergenic	35972	IGL
chr22_22575279	22575279	IGLV4-60	intergenic	intergenic	455	IGL
chr22_22577229	22577229	IGLV4-60	intergenic	intergenic	974	IGL
chr22_22579591	22579591	IGLV4-60	intergenic	intergenic	3336	IGL
chr22_22939914	22939914	IGLV2-33	intergenic	intergenic	71031	IGL
chr22_22929554	22929554	IGLV1-36	intergenic	intergenic	74213	IGL
chr22_22929568	22929568	IGLV1-36	intergenic	intergenic	74227	IGL
chr22_22611551	22611551	IGLV6-57	intergenic	intergenic	1700	IGL
chr22_22611565	22611565	IGLV6-57	intergenic	intergenic	1714	IGL
chr22_23197389	23197389	IGLV3-12	intergenic	intergenic	1887	IGL
chr22_23198807	23198807	IGLV3-12	intergenic	intergenic	3305	IGL
chr22_23199169	23199169	IGLV3-12	intergenic	intergenic	3667	IGL
chr22_23200828	23200828	IGLV3-12	intergenic	intergenic	5326	IGL
chr22_23194323	23194323	IGLV3-12	intergenic	intergenic	381	IGL
chr22_22926282	22926282	IGLV1-36	intergenic	intergenic	70941	IGL
chr22_22926933	22926933	IGLV1-36	intergenic	intergenic	71592	IGL
chr22_22927286	22927286	IGLV1-36	intergenic	intergenic	71945	IGL
chr22_22927648	22927648	IGLV1-36	intergenic	intergenic	72307	IGL
chr22_22419108	22419108	IGLV4-69	intergenic	intergenic	25378	IGL
chr22_23028741	23028741	IGLV3-32	intergenic	intergenic	10916	IGL
chr22_23033879	23033879	IGLV3-32	intergenic	intergenic	16054	IGL
chr22_23034042	23034042	IGLV3-32	intergenic	intergenic	16217	IGL
chr22_23035531	23035531	IGLV3-32	intergenic	intergenic	17706	IGL
chr22_23035752	23035752	IGLV3-32	intergenic	intergenic	17927	IGL
chr22_22946702	22946702	IGLV2-33	intergenic	intergenic	64243	IGL
chr22_22939562	22939562	IGLV2-33	intergenic	intergenic	71383	IGL
chr22_22470992	22470992	IGLV4-69	intergenic	intergenic	25928	IGL
chr22_23396061	23396061	IGLJ7	intergenic	intergenic	35637	IGL
chr22_23116843	23116843	IGLV2-23	intergenic	intergenic	3915	IGL
chr22_22990529	22990529	IGLV2-33	intergenic	intergenic	20416	IGL
chr22_22941431	22941431	IGLV2-33	intergenic	intergenic	69514	IGL
chr22_23055515	23055515	IGLV3-27	intergenic	intergenic	35789	IGL
chr22_22410520	22410520	IGLV4-69	intergenic	intergenic	33966	IGL
chr22_23105363	23105363	IGLV3-25	intergenic	intergenic	4372	IGL
chr22_23113066	23113066	IGLV3-25	intergenic	intergenic	2736	IGL
chr22_22538312_2	22538312	IGLV8-61	intergenic	intergenic	25515	IGL
chr22_22917134	22917134	IGLV1-36	intergenic	intergenic	61793	IGL
chr22_22922509	22922509	IGLV1-36	intergenic	intergenic	67168	IGL
chr22_22971548	22971548	IGLV2-33	intergenic	intergenic	39397	IGL
chr22_22494072	22494072	IGLV8-61	intergenic	intergenic	17689	IGL
chr22_22944763	22944763	IGLV2-33	intergenic	intergenic	66182	IGL
chr22_23154580	23154580	IGLV2-18	intergenic	intergenic	2997	IGL
chr22_22800109	22800109	IGLV1-44	intergenic	intergenic	5009	IGL
chr22_22413703	22413703	IGLV4-69	intergenic	intergenic	30783	IGL
chr22_23213378	23213378	IGLV2-11	intergenic	intergenic	1990	IGL
chr22_22428647	22428647	IGLV4-69	intergenic	intergenic	15839	IGL
chr22_23057070	23057070	IGLV3-27	intergenic	intergenic	34234	IGL
chr22_23305226	23305226	IGLV3-1	intergenic	intergenic	885	IGL
chr22_23024008	23024008	IGLV3-32	intergenic	intergenic	6183	IGL
chr22_22528425	22528425	IGLV8-61	intergenic	intergenic	15628	IGL
chr22_22970737	22970737	IGLV2-33	intergenic	intergenic	40208	IGL
chr22_23236779	23236779	IGLV3-10	intergenic	intergenic	1581	IGL
chr22_22657106	22657106	IGLV10-54	intergenic	intergenic	28263	IGL
chr22_22801286	22801286	IGLV1-44	intergenic	intergenic	6186	IGL
chr22_22801377	22801377	IGLV1-44	intergenic	intergenic	6277	IGL
chr22_23003987	23003987	IGLV2-33	intergenic	intergenic	6958	IGL
chr22_23004007	23004007	IGLV2-33	intergenic	intergenic	6938	IGL
chr22_23004012	23004012	IGLV2-33	intergenic	intergenic	6933	IGL
chr22_23004183	23004183	IGLV2-33	intergenic	intergenic	6762	IGL
chr22_23004235	23004235	IGLV2-33	intergenic	intergenic	6710	IGL
chr22_23005539	23005539	IGLV2-33	intergenic	intergenic	5406	IGL
chr22_23005627	23005627	IGLV2-33	intergenic	intergenic	5318	IGL
chr22_23005642	23005642	IGLV2-33	intergenic	intergenic	5303	IGL
chr22_23005689	23005689	IGLV2-33	intergenic	intergenic	5256	IGL
chr22_23005780	23005780	IGLV2-33	intergenic	intergenic	5165	IGL
chr22_23048917	23048917	IGLV3-32	intergenic	intergenic	31092	IGL
chr22_22617253	22617253	IGLV11-55	intergenic	intergenic	1516	IGL
chr22_22923880	22923880	IGLV1-36	intergenic	intergenic	68539	IGL
chr22_22654709	22654709	IGLV10-54	intergenic	intergenic	25866	IGL
chr22_22654720	22654720	IGLV10-54	intergenic	intergenic	25877	IGL
chr22_22654756	22654756	IGLV10-54	intergenic	intergenic	25913	IGL
chr22_22654759	22654759	IGLV10-54	intergenic	intergenic	25916	IGL
chr22_22986902	22986902	IGLV2-33	intergenic	intergenic	24043	IGL
chr22_22474594	22474594	IGLV4-69	intergenic	intergenic	29530	IGL
chr22_23006305	23006305	IGLV2-33	intergenic	intergenic	4640	IGL
chr22_23006948	23006948	IGLV2-33	intergenic	intergenic	3997	IGL
chr22_22532818	22532818	IGLV8-61	intergenic	intergenic	20021	IGL
chr22_23269469	23269469	IGLV2-8	intergenic	intergenic	23263	IGL
chr22_22652102	22652102	IGLV10-54	intergenic	intergenic	23259	IGL
chr22_22459576	22459576	IGLV4-69	intergenic	intergenic	14512	IGL
chr22_22486558	22486558	IGLV8-61	intergenic	intergenic	25203	IGL
chr22_22488011	22488011	IGLV8-61	intergenic	intergenic	23750	IGL
chr22_22489490	22489490	IGLV8-61	intergenic	intergenic	22271	IGL
chr22_23392111	23392111	IGLJ7	intergenic	intergenic	31687	IGL
chr22_22459695	22459695	IGLV4-69	intergenic	intergenic	14631	IGL
chr22_22955657	22955657	IGLV2-33	intergenic	intergenic	55288	IGL
chr22_22955653	22955653	IGLV2-33	intergenic	intergenic	55292	IGL
chr22_22640288	22640288	IGLV10-54	intergenic	intergenic	11445	IGL
chr22_22474900	22474900	IGLV4-69	intergenic	intergenic	29836	IGL
chr22_22943183	22943183	IGLV2-33	intergenic	intergenic	67762	IGL
chr22_22483322	22483322	IGLV8-61	intergenic	intergenic	28439	IGL
chr22_22483582	22483582	IGLV8-61	intergenic	intergenic	28179	IGL
chr22_22528803	22528803	IGLV8-61	intergenic	intergenic	16006	IGL
chr22_23023760	23023760	IGLV3-32	intergenic	intergenic	5935	IGL
chr22_23025615	23025615	IGLV3-32	intergenic	intergenic	7790	IGL
chr22_23027415	23027415	IGLV3-32	intergenic	intergenic	9590	IGL
chr22_23031284	23031284	IGLV3-32	intergenic	intergenic	13459	IGL
chr22_23031425	23031425	IGLV3-32	intergenic	intergenic	13600	IGL
chr22_23031842	23031842	IGLV3-32	intergenic	intergenic	14017	IGL
chr22_23032474	23032474	IGLV3-32	intergenic	intergenic	14649	IGL
chr22_23033861	23033861	IGLV3-32	intergenic	intergenic	16036	IGL
chr22_22610289	22610289	IGLV6-57	intergenic	intergenic	438	IGL
chr22_22422459	22422459	IGLV4-69	intergenic	intergenic	22027	IGL
chr22_23004642	23004642	IGLV2-33	intergenic	intergenic	6303	IGL
chr22_22459314	22459314	IGLV4-69	intergenic	intergenic	14250	IGL
chr22_22882589	22882589	IGLV1-36	intergenic	intergenic	27248	IGL
chr22_23150195	23150195	IGLV3-19	intergenic	intergenic	6030	IGL
chr22_23251973	23251973	IGLV2-8	intergenic	intergenic	5767	IGL
chr22_22530687	22530687	IGLV8-61	intergenic	intergenic	17890	IGL
chr22_23066960	23066960	IGLV3-27	intergenic	intergenic	24344	IGL
chr22_22955647	22955647	IGLV2-33	intergenic	intergenic	55298	IGL
chr22_23369450	23369450	IGLJ7	intergenic	intergenic	9026	IGL
chr22_23003125	23003125	IGLV2-33	intergenic	intergenic	7820	IGL
chr22_22944318	22944318	IGLV2-33	intergenic	intergenic	66627	IGL
chr22_23049583	23049583	IGLV3-32	intergenic	intergenic	31758	IGL
chr22_22483440	22483440	IGLV8-61	intergenic	intergenic	28321	IGL
chr22_23217551	23217551	IGLV2-11	intergenic	intergenic	1631	IGL
chr22_23015488	23015488	IGLV3-32	intergenic	intergenic	1769	IGL
chr22_23316940	23316940	IGLJ1	intergenic	intergenic	213	IGL
chr22_22448166	22448166	IGLV4-69	intergenic	intergenic	3102	IGL
chr22_23022419	23022419	IGLV3-32	intergenic	intergenic	4594	IGL
chr22_23022980	23022980	IGLV3-32	intergenic	intergenic	5155	IGL
chr22_23163168	23163168	IGLV2-18	intergenic	intergenic	5069	IGL
chr22_23209695	23209695	IGLV2-11	intergenic	intergenic	5673	IGL
chr22_22865479	22865479	IGLV1-36	intergenic	intergenic	10138	IGL
chr22_23123871	23123871	IGLV2-23	intergenic	intergenic	2441	IGL
chr22_23059244	23059244	IGLV3-27	intergenic	intergenic	32060	IGL
chr22_23061326	23061326	IGLV3-27	intergenic	intergenic	29978	IGL
chr22_23064078	23064078	IGLV3-27	intergenic	intergenic	27226	IGL
chr22_23064248	23064248	IGLV3-27	intergenic	intergenic	27056	IGL
chr22_22951430	22951430	IGLV2-33	intergenic	intergenic	59515	IGL
chr22_23053157	23053157	IGLV3-32	intergenic	intergenic	35332	IGL
chr22_22546085	22546085	IGLV4-60	intergenic	intergenic	29649	IGL
chr22_22551914	22551914	IGLV4-60	intergenic	intergenic	23820	IGL
chr22_22554007	22554007	IGLV4-60	intergenic	intergenic	21727	IGL
chr22_22479941	22479941	IGLV8-61	intergenic	intergenic	31820	IGL
chr22_22492248	22492248	IGLV8-61	intergenic	intergenic	19513	IGL
chr22_22492318	22492318	IGLV8-61	intergenic	intergenic	19443	IGL
chr22_22492472	22492472	IGLV8-61	intergenic	intergenic	19289	IGL
chr22_22492476	22492476	IGLV8-61	intergenic	intergenic	19285	IGL
chr22_22493588	22493588	IGLV8-61	intergenic	intergenic	18173	IGL
chr22_23394588	23394588	IGLJ7	intergenic	intergenic	34164	IGL
chr22_22521494	22521494	IGLV8-61	intergenic	intergenic	8697	IGL
chr22_22945544	22945544	IGLV2-33	intergenic	intergenic	65401	IGL
chr22_23050583	23050583	IGLV3-32	intergenic	intergenic	32758	IGL
chr22_23050783	23050783	IGLV3-32	intergenic	intergenic	32958	IGL
chr22_23050915	23050915	IGLV3-32	intergenic	intergenic	33090	IGL
chr22_22958003	22958003	IGLV2-33	intergenic	intergenic	52942	IGL
chr22_22527954	22527954	IGLV8-61	intergenic	intergenic	15157	IGL
chr22_23247604	23247604	IGLV2-8	intergenic	intergenic	1398	IGL
chr22_23386371	23386371	IGLJ7	intergenic	intergenic	25947	IGL
chr22_22529293	22529293	IGLV8-61	intergenic	intergenic	16496	IGL
chr22_23126076	23126076	IGLV3-22	intergenic	intergenic	1159	IGL
chr22_22480179	22480179	IGLV8-61	intergenic	intergenic	31582	IGL
chr22_22481072	22481072	IGLV8-61	intergenic	intergenic	30689	IGL
chr22_22481199	22481199	IGLV8-61	intergenic	intergenic	30562	IGL
chr22_22481772	22481772	IGLV8-61	intergenic	intergenic	29989	IGL
chr22_23111938	23111938	IGLV3-25	intergenic	intergenic	1608	IGL
chr22_22465715	22465715	IGLV4-69	intergenic	intergenic	20651	IGL
chr22_22469050	22469050	IGLV4-69	intergenic	intergenic	23986	IGL
chr22_22458567	22458567	IGLV4-69	intergenic	intergenic	13503	IGL
chr22_22457879	22457879	IGLV4-69	intergenic	intergenic	12815	IGL
chr22_23125889	23125889	IGLV3-22	intergenic	intergenic	1346	IGL
chr22_23259955	23259955	IGLV2-8	intergenic	intergenic	13749	IGL
chr22_23065529	23065529	IGLV3-27	intergenic	intergenic	25775	IGL
chr22_23124729	23124729	IGLV3-22	intergenic	intergenic	2506	IGL
chr22_23151710	23151710	IGLV2-18	intergenic	intergenic	5867	IGL
chr22_23152624	23152624	IGLV2-18	intergenic	intergenic	4953	IGL
chr22_23152856	23152856	IGLV2-18	intergenic	intergenic	4721	IGL
chr22_23041988	23041988	IGLV3-32	intergenic	intergenic	24163	IGL
chr22_23043754	23043754	IGLV3-32	intergenic	intergenic	25929	IGL
chr22_23065376	23065376	IGLV3-27	intergenic	intergenic	25928	IGL
chr22_23061613	23061613	IGLV3-27	intergenic	intergenic	29691	IGL
chr22_22492741	22492741	IGLV8-61	intergenic	intergenic	19020	IGL
chr22_22430721	22430721	IGLV4-69	intergenic	intergenic	13765	IGL
chr22_23024413	23024413	IGLV3-32	intergenic	intergenic	6588	IGL
chr22_23305669	23305669	IGLV3-1	intergenic	intergenic	1328	IGL
chr22_22545785	22545785	IGLV4-60	intergenic	intergenic	29949	IGL
chr22_23058991	23058991	IGLV3-27	intergenic	intergenic	32313	IGL
chr22_23010871	23010871	IGLV2-33	intergenic	intergenic	74	IGL
chr22_22960673	22960673	IGLV2-33	intergenic	intergenic	50272	IGL
chr22_22654637	22654637	IGLV10-54	intergenic	intergenic	25794	IGL
chr22_22654843	22654843	IGLV10-54	intergenic	intergenic	26000	IGL
chr22_22654845	22654845	IGLV10-54	intergenic	intergenic	26002	IGL
chr22_22814771	22814771	IGLV5-39	intergenic	intergenic	1530	IGL
chr22_22940044	22940044	IGLV2-33	intergenic	intergenic	70901	IGL
chr22_22940450	22940450	IGLV2-33	intergenic	intergenic	70495	IGL
chr22_22940583	22940583	IGLV2-33	intergenic	intergenic	70362	IGL
chr22_22940853	22940853	IGLV2-33	intergenic	intergenic	70092	IGL
chr22_22941150	22941150	IGLV2-33	intergenic	intergenic	69795	IGL
chr22_22941363	22941363	IGLV2-33	intergenic	intergenic	69582	IGL
chr22_22622022	22622022	IGLV11-55	intergenic	intergenic	6285	IGL
chr22_23019634	23019634	IGLV3-32	intergenic	intergenic	1809	IGL
chr22_22644419	22644419	IGLV10-54	intergenic	intergenic	15576	IGL
chr22_22644421	22644421	IGLV10-54	intergenic	intergenic	15578	IGL
chr22_22644505	22644505	IGLV10-54	intergenic	intergenic	15662	IGL
chr22_22644550	22644550	IGLV10-54	intergenic	intergenic	15707	IGL
chr22_22644991	22644991	IGLV10-54	intergenic	intergenic	16148	IGL
chr22_22645205	22645205	IGLV10-54	intergenic	intergenic	16362	IGL
chr22_22645287	22645287	IGLV10-54	intergenic	intergenic	16444	IGL
chr22_22671557	22671557	IGLV10-54	intergenic	intergenic	42714	IGL
chr22_22654852	22654852	IGLV10-54	intergenic	intergenic	26009	IGL
chr22_22531366	22531366	IGLV8-61	intergenic	intergenic	18569	IGL
chr22_22479444	22479444	IGLV8-61	intergenic	intergenic	32317	IGL
chr22_22460689	22460689	IGLV4-69	intergenic	intergenic	15625	IGL
chr22_22939644	22939644	IGLV2-33	intergenic	intergenic	71301	IGL
chr22_22939685	22939685	IGLV2-33	intergenic	intergenic	71260	IGL
chr22_23103035	23103035	IGLV3-25	intergenic	intergenic	6700	IGL
chr22_22829528	22829528	IGLV1-41	intergenic	intergenic	1959	IGL
chr22_22829763	22829763	IGLV1-41	intergenic	intergenic	2194	IGL
chr22_22830020	22830020	IGLV1-41	intergenic	intergenic	2451	IGL
chr22_22830135	22830135	IGLV1-40	intergenic	intergenic	2440	IGL
chr22_22830837	22830837	IGLV1-40	intergenic	intergenic	1738	IGL
chr22_22831249	22831249	IGLV1-40	intergenic	intergenic	1326	IGL
chr22_22832004	22832004	IGLV1-40	intergenic	intergenic	571	IGL
chr22_22832012	22832012	IGLV1-40	intergenic	intergenic	563	IGL
chr22_22832565	22832565	IGLV1-40	intergenic	intergenic	10	IGL
chr22_23066832	23066832	IGLV3-27	intergenic	intergenic	24472	IGL
chr22_23045352	23045352	IGLV3-32	intergenic	intergenic	27527	IGL
chr22_23046454	23046454	IGLV3-32	intergenic	intergenic	28629	IGL
chr22_23046821	23046821	IGLV3-32	intergenic	intergenic	28996	IGL
chr22_23047868	23047868	IGLV3-32	intergenic	intergenic	30043	IGL
chr22_23047872	23047872	IGLV3-32	intergenic	intergenic	30047	IGL
chr22_23047876	23047876	IGLV3-32	intergenic	intergenic	30051	IGL
chr22_23047880	23047880	IGLV3-32	intergenic	intergenic	30055	IGL
chr22_23047884	23047884	IGLV3-32	intergenic	intergenic	30059	IGL
chr22_23047888	23047888	IGLV3-32	intergenic	intergenic	30063	IGL
chr22_23047892	23047892	IGLV3-32	intergenic	intergenic	30067	IGL
chr22_23047896	23047896	IGLV3-32	intergenic	intergenic	30071	IGL
chr22_23049267	23049267	IGLV3-32	intergenic	intergenic	31442	IGL
chr22_23049455	23049455	IGLV3-32	intergenic	intergenic	31630	IGL
chr22_23049592	23049592	IGLV3-32	intergenic	intergenic	31767	IGL
chr22_23049664	23049664	IGLV3-32	intergenic	intergenic	31839	IGL
chr22_23049815	23049815	IGLV3-32	intergenic	intergenic	31990	IGL
chr22_23050045	23050045	IGLV3-32	intergenic	intergenic	32220	IGL
chr22_23050046	23050046	IGLV3-32	intergenic	intergenic	32221	IGL
chr22_23050082	23050082	IGLV3-32	intergenic	intergenic	32257	IGL
chr22_23266610	23266610	IGLV2-8	intergenic	intergenic	20404	IGL
chr22_23001326	23001326	IGLV2-33	intergenic	intergenic	9619	IGL
chr22_23001671	23001671	IGLV2-33	intergenic	intergenic	9274	IGL
chr22_23400239	23400239	IGLJ7	intergenic	intergenic	39815	IGL
chr22_22527691	22527691	IGLV8-61	intergenic	intergenic	14894	IGL
chr22_22439822	22439822	IGLV4-69	intergenic	intergenic	4664	IGL
chr22_23026829	23026829	IGLV3-32	intergenic	intergenic	9004	IGL
chr22_23305901	23305901	IGLV3-1	intergenic	intergenic	1560	IGL
chr22_23103922	23103922	IGLV3-25	intergenic	intergenic	5813	IGL
chr22_23103944	23103944	IGLV3-25	intergenic	intergenic	5791	IGL
chr22_22944065	22944065	IGLV2-33	intergenic	intergenic	66880	IGL
chr22_22944093	22944093	IGLV2-33	intergenic	intergenic	66852	IGL
chr22_22530348	22530348	IGLV8-61	intergenic	intergenic	17551	IGL
chr22_22528664	22528664	IGLV8-61	intergenic	intergenic	15867	IGL
chr22_22471845	22471845	IGLV4-69	intergenic	intergenic	26781	IGL
chr22_22471851	22471851	IGLV4-69	intergenic	intergenic	26787	IGL
chr22_22529079	22529079	IGLV8-61	intergenic	intergenic	16282	IGL
chr22_22529104	22529104	IGLV8-61	intergenic	intergenic	16307	IGL
chr22_23305718	23305718	IGLV3-1	intergenic	intergenic	1377	IGL
chr22_23060121	23060121	IGLV3-27	intergenic	intergenic	31183	IGL
chr22_22453381	22453381	IGLV4-69	intergenic	intergenic	8317	IGL
chr22_22954644	22954644	IGLV2-33	intergenic	intergenic	56301	IGL
chr22_22956701	22956701	IGLV2-33	intergenic	intergenic	54244	IGL
chr22_22496476	22496476	IGLV8-61	intergenic	intergenic	15285	IGL
chr22_22853481	22853481	IGLV1-36	intergenic	intergenic	1313	IGL
chr22_22947004	22947004	IGLV2-33	intergenic	intergenic	63941	IGL
chr22_23055583	23055583	IGLV3-27	intergenic	intergenic	35721	IGL
chr22_23056942	23056942	IGLV3-27	intergenic	intergenic	34362	IGL
chr22_23057013	23057013	IGLV3-27	intergenic	intergenic	34291	IGL
chr22_23057019	23057019	IGLV3-27	intergenic	intergenic	34285	IGL
chr22_23057093	23057093	IGLV3-27	intergenic	intergenic	34211	IGL
chr22_22934950	22934950	IGLV2-33	intergenic	intergenic	75995	IGL
chr22_22411193	22411193	IGLV4-69	intergenic	intergenic	33293	IGL
chr22_23024042	23024042	IGLV3-32	intergenic	intergenic	6217	IGL
chr22_23379685	23379685	IGLJ7	intergenic	intergenic	19261	IGL
chr22_23009627	23009627	IGLV2-33	intergenic	intergenic	1318	IGL
chr22_22799302	22799302	IGLV1-44	intergenic	intergenic	4202	IGL
chr22_22529176	22529176	IGLV8-61	intergenic	intergenic	16379	IGL
chr22_23053329	23053329	IGLV3-32	intergenic	intergenic	35504	IGL
chr22_22996204	22996204	IGLV2-33	intergenic	intergenic	14741	IGL
chr22_22493706	22493706	IGLV8-61	intergenic	intergenic	18055	IGL
chr22_22495057	22495057	IGLV8-61	intergenic	intergenic	16704	IGL
chr22_22495300	22495300	IGLV8-61	intergenic	intergenic	16461	IGL
chr22_22495318	22495318	IGLV8-61	intergenic	intergenic	16443	IGL
chr22_22495326	22495326	IGLV8-61	intergenic	intergenic	16435	IGL
chr22_22495391	22495391	IGLV8-61	intergenic	intergenic	16370	IGL
chr22_22529474	22529474	IGLV8-61	intergenic	intergenic	16677	IGL
chr22_22645516	22645516	IGLV10-54	intergenic	intergenic	16673	IGL
chr22_22828884	22828884	IGLV1-41	intergenic	intergenic	1315	IGL
chr22_22831129	22831129	IGLV1-40	intergenic	intergenic	1446	IGL
chr22_22838443	22838443	IGLV1-40	intergenic	intergenic	5312	IGL
chr22_22838444	22838444	IGLV1-40	intergenic	intergenic	5313	IGL
chr22_22622155	22622155	IGLV10-54	intergenic	intergenic	6184	IGL
chr22_22537624	22537624	IGLV8-61	intergenic	intergenic	24827	IGL
chr22_23301930	23301930	IGLV3-1	intergenic	intergenic	1685	IGL
chr22_22930521	22930521	IGLV1-36	intergenic	intergenic	75180	IGL
chr22_22930569	22930569	IGLV1-36	intergenic	intergenic	75228	IGL
chr22_22930589	22930589	IGLV1-36	intergenic	intergenic	75248	IGL
chr22_22826408	22826408	IGLV1-41	intergenic	intergenic	660	IGL
chr22_22826410	22826410	IGLV1-41	intergenic	intergenic	658	IGL
chr22_22830366	22830366	IGLV1-40	intergenic	intergenic	2209	IGL
chr22_23284370	23284370	IGLV4-3	intergenic	intergenic	10011	IGL
chr22_22493975	22493975	IGLV8-61	intergenic	intergenic	17786	IGL
chr22_22494077	22494077	IGLV8-61	intergenic	intergenic	17684	IGL
chr22_23199228	23199228	IGLV3-12	intergenic	intergenic	3726	IGL
chr22_22948295	22948295	IGLV2-33	intergenic	intergenic	62650	IGL
chr22_22948350	22948350	IGLV2-33	intergenic	intergenic	62595	IGL
chr22_22948442	22948442	IGLV2-33	intergenic	intergenic	62503	IGL
chr22_22948653	22948653	IGLV2-33	intergenic	intergenic	62292	IGL
chr22_22488110	22488110	IGLV8-61	intergenic	intergenic	23651	IGL
chr22_23060438	23060438	IGLV3-27	intergenic	intergenic	30866	IGL
chr22_23304588	23304588	IGLV3-1	intergenic	intergenic	247	IGL
chr22_23304597	23304597	IGLV3-1	intergenic	intergenic	256	IGL
chr22_23304625	23304625	IGLV3-1	intergenic	intergenic	284	IGL
chr22_23304645	23304645	IGLV3-1	intergenic	intergenic	304	IGL
chr22_22656384	22656384	IGLV10-54	intergenic	intergenic	27541	IGL
chr22_22529543	22529543	IGLV8-61	intergenic	intergenic	16746	IGL
chr22_22783209	22783209	IGLV7-46	intergenic	intergenic	117	IGL
chr22_22656724	22656724	IGLV10-54	intergenic	intergenic	27881	IGL
chr22_23238397	23238397	IGLV3-10	intergenic	intergenic	3199	IGL
chr22_22522461	22522461	IGLV8-61	intergenic	intergenic	9664	IGL
chr22_23040006	23040006	IGLV3-32	intergenic	intergenic	22181	IGL
chr22_23117823	23117823	IGLV2-23	intergenic	intergenic	2935	IGL
chr22_23268552	23268552	IGLV2-8	intergenic	intergenic	22346	IGL
chr22_22944759	22944759	IGLV2-33	intergenic	intergenic	66186	IGL
chr22_23067718	23067718	IGLV3-27	intergenic	intergenic	23586	IGL
chr22_23007008	23007008	IGLV2-33	intergenic	intergenic	3937	IGL
chr22_23007937	23007937	IGLV2-33	intergenic	intergenic	3008	IGL
chr22_23008523	23008523	IGLV2-33	intergenic	intergenic	2422	IGL
chr22_23277782	23277782	IGLV4-3	intergenic	intergenic	16599	IGL
chr22_23046096	23046096	IGLV3-32	intergenic	intergenic	28271	IGL
chr22_22806697	22806697	IGLV7-43	intergenic	intergenic	2035	IGL
chr22_23309925	23309925	IGLV3-1	intergenic	intergenic	5584	IGL
chr22_23394554	23394554	IGLJ7	intergenic	intergenic	34130	IGL
chr22_23077729	23077729	IGLV3-27	intergenic	intergenic	13575	IGL
chr22_22933185	22933185	IGLV2-33	intergenic	intergenic	77760	IGL
chr22_22970533	22970533	IGLV2-33	intergenic	intergenic	40412	IGL
chr22_23247536	23247536	IGLV2-8	intergenic	intergenic	1330	IGL
chr22_22496864	22496864	IGLV8-61	intergenic	intergenic	14897	IGL
chr22_22943371	22943371	IGLV2-33	intergenic	intergenic	67574	IGL
chr22_22530669	22530669	IGLV8-61	intergenic	intergenic	17872	IGL
chr22_22838566	22838566	IGLV1-40	intergenic	intergenic	5435	IGL
chr22_23068495	23068495	IGLV3-27	intergenic	intergenic	22809	IGL
chr22_22529167	22529167	IGLV8-61	intergenic	intergenic	16370	IGL
chr22_22480388	22480388	IGLV8-61	intergenic	intergenic	31373	IGL
chr22_23097710	23097710	IGLV3-27	intergenic	intergenic	5846	IGL
chr22_23083993	23083993	IGLV3-27	intergenic	intergenic	7311	IGL
chr22_22979069	22979069	IGLV2-33	intergenic	intergenic	31876	IGL
chr22_23103334	23103334	IGLV3-25	intergenic	intergenic	6401	IGL
chr22_23305700	23305700	IGLV3-1	intergenic	intergenic	1359	IGL
chr22_22434156	22434156	IGLV4-69	intergenic	intergenic	10330	IGL
chr22_22955363	22955363	IGLV2-33	intergenic	intergenic	55582	IGL
chr22_23284277	23284277	IGLV4-3	intergenic	intergenic	10104	IGL
chr22_23110528	23110528	IGLV3-25	intergenic	intergenic	198	IGL
chr22_23121585	23121585	IGLV2-23	intergenic	intergenic	155	IGL
chr22_22573971	22573971	IGLV4-60	intergenic	intergenic	1763	IGL
chr22_22574769	22574769	IGLV4-60	intergenic	intergenic	965	IGL
chr22_22574793	22574793	IGLV4-60	intergenic	intergenic	941	IGL
chr22_22574796	22574796	IGLV4-60	intergenic	intergenic	938	IGL
chr22_22576847	22576847	IGLV4-60	intergenic	intergenic	592	IGL
chr22_22577658	22577658	IGLV4-60	intergenic	intergenic	1403	IGL
chr22_22577674	22577674	IGLV4-60	intergenic	intergenic	1419	IGL
chr22_22577752	22577752	IGLV4-60	intergenic	intergenic	1497	IGL
chr22_22577820	22577820	IGLV4-60	intergenic	intergenic	1565	IGL
chr22_22577840	22577840	IGLV4-60	intergenic	intergenic	1585	IGL
chr22_22577862	22577862	IGLV4-60	intergenic	intergenic	1607	IGL
chr22_22577930	22577930	IGLV4-60	intergenic	intergenic	1675	IGL
chr22_22578141	22578141	IGLV4-60	intergenic	intergenic	1886	IGL
chr22_23103770	23103770	IGLV3-25	intergenic	intergenic	5965	IGL
chr22_23126604	23126604	IGLV3-22	intergenic	intergenic	631	IGL
chr22_22982693	22982693	IGLV2-33	intergenic	intergenic	28252	IGL
chr22_23373185	23373185	IGLJ7	intergenic	intergenic	12761	IGL
chr22_22493177	22493177	IGLV8-61	intergenic	intergenic	18584	IGL
chr22_22531344	22531344	IGLV8-61	intergenic	intergenic	18547	IGL
chr22_22898445	22898445	IGLV1-36	intergenic	intergenic	43104	IGL
chr22_23039542	23039542	IGLV3-32	intergenic	intergenic	21717	IGL
chr22_22980551	22980551	IGLV2-33	intergenic	intergenic	30394	IGL
chr22_22944469	22944469	IGLV2-33	intergenic	intergenic	66476	IGL
chr22_23103068	23103068	IGLV3-25	intergenic	intergenic	6667	IGL
chr22_22945414	22945414	IGLV2-33	intergenic	intergenic	65531	IGL
chr22_22784896	22784896	IGLV7-46	intergenic	intergenic	1058	IGL
chr22_22620114	22620114	IGLV11-55	intergenic	intergenic	4377	IGL
chr22_22621095	22621095	IGLV11-55	intergenic	intergenic	5358	IGL
chr22_23068844	23068844	IGLV3-27	intergenic	intergenic	22460	IGL
chr22_22543539	22543539	IGLV8-61	intergenic	intergenic	30742	IGL
chr22_22963299	22963299	IGLV2-33	intergenic	intergenic	47646	IGL
chr22_22963832	22963832	IGLV2-33	intergenic	intergenic	47113	IGL
chr22_22963894	22963894	IGLV2-33	intergenic	intergenic	47051	IGL
chr22_22964021	22964021	IGLV2-33	intergenic	intergenic	46924	IGL
chr22_23105570	23105570	IGLV3-25	intergenic	intergenic	4165	IGL
chr22_23105853	23105853	IGLV3-25	intergenic	intergenic	3882	IGL
chr22_23105868	23105868	IGLV3-25	intergenic	intergenic	3867	IGL
chr22_23107755	23107755	IGLV3-25	intergenic	intergenic	1980	IGL
chr22_22531138	22531138	IGLV8-61	intergenic	intergenic	18341	IGL
chr22_23125498	23125498	IGLV3-22	intergenic	intergenic	1737	IGL
chr22_23037745	23037745	IGLV3-32	intergenic	intergenic	19920	IGL
chr22_23038752	23038752	IGLV3-32	intergenic	intergenic	20927	IGL
chr22_22941187	22941187	IGLV2-33	intergenic	intergenic	69758	IGL
chr22_22941345	22941345	IGLV2-33	intergenic	intergenic	69600	IGL
chr22_22941730	22941730	IGLV2-33	intergenic	intergenic	69215	IGL
chr22_22655357	22655357	IGLV10-54	intergenic	intergenic	26514	IGL
chr22_23038800	23038800	IGLV3-32	intergenic	intergenic	20975	IGL
chr22_22609076	22609076	IGLV6-57	intergenic	intergenic	258	IGL
chr22_22496349	22496349	IGLV8-61	intergenic	intergenic	15412	IGL
chr22_22955669	22955669	IGLV2-33	intergenic	intergenic	55276	IGL
chr22_22706466	22706466	IGLV5-52	intergenic	intergenic	25999	IGL
chr22_23379891	23379891	IGLJ7	intergenic	intergenic	19467	IGL
chr22_22988755	22988755	IGLV2-33	intergenic	intergenic	22190	IGL
chr22_23305072	23305072	IGLV3-1	intergenic	intergenic	731	IGL
chr22_23144326	23144326	IGLV3-19	intergenic	intergenic	161	IGL
chr22_23146564	23146564	IGLV3-19	intergenic	intergenic	2399	IGL
chr22_23148186	23148186	IGLV3-19	intergenic	intergenic	4021	IGL
chr22_23063598	23063598	IGLV3-27	intergenic	intergenic	27706	IGL
chr22_22433893	22433893	IGLV4-69	intergenic	intergenic	10593	IGL
chr22_23078001	23078001	IGLV3-27	intergenic	intergenic	13303	IGL
chr22_23380027	23380027	IGLJ7	intergenic	intergenic	19603	IGL
chr22_23058722	23058722	IGLV3-27	intergenic	intergenic	32582	IGL
chr22_22471632	22471632	IGLV4-69	intergenic	intergenic	26568	IGL
chr22_22472309	22472309	IGLV4-69	intergenic	intergenic	27245	IGL
chr22_22474362	22474362	IGLV4-69	intergenic	intergenic	29298	IGL
chr22_23146006	23146006	IGLV3-19	intergenic	intergenic	1841	IGL
chr22_23059891	23059891	IGLV3-27	intergenic	intergenic	31413	IGL
chr22_22617449	22617449	IGLV11-55	intergenic	intergenic	1712	IGL
chr22_23061259	23061259	IGLV3-27	intergenic	intergenic	30045	IGL
chr22_22651907	22651907	IGLV10-54	intergenic	intergenic	23064	IGL
chr22_22543689	22543689	IGLV8-61	intergenic	intergenic	30892	IGL
chr22_22613713	22613713	IGLV11-55	intergenic	intergenic	1498	IGL
chr22_23051546	23051546	IGLV3-32	intergenic	intergenic	33721	IGL
chr22_23069804	23069804	IGLV3-27	intergenic	intergenic	21500	IGL
chr22_22584747	22584747	IGLV4-60	intergenic	intergenic	8492	IGL
chr22_22853807	22853807	IGLV1-36	intergenic	intergenic	987	IGL
chr22_23059551	23059551	IGLV3-27	intergenic	intergenic	31753	IGL
chr22_22563783	22563783	IGLV4-60	intergenic	intergenic	11951	IGL
chr22_23068313	23068313	IGLV3-27	intergenic	intergenic	22991	IGL
chr22_22528175	22528175	IGLV8-61	intergenic	intergenic	15378	IGL
chr22_22784403	22784403	IGLV7-46	intergenic	intergenic	565	IGL
chr22_23378143	23378143	IGLJ7	intergenic	intergenic	17719	IGL
chr22_22459069	22459069	IGLV4-69	intergenic	intergenic	14005	IGL
chr22_23394651	23394651	IGLJ7	intergenic	intergenic	34227	IGL
chr22_22947335	22947335	IGLV2-33	intergenic	intergenic	63610	IGL
chr22_22528374	22528374	IGLV8-61	intergenic	intergenic	15577	IGL
chr22_23055668	23055668	IGLV3-27	intergenic	intergenic	35636	IGL
chr22_23068867	23068867	IGLV3-27	intergenic	intergenic	22437	IGL
chr22_23371704	23371704	IGLJ7	intergenic	intergenic	11280	IGL
chr22_23220606	23220606	IGLV2-11	intergenic	intergenic	4686	IGL
chr22_23399734	23399734	IGLJ7	intergenic	intergenic	39310	IGL
chr22_22941548	22941548	IGLV2-33	intergenic	intergenic	69397	IGL
chr22_22412704	22412704	IGLV4-69	intergenic	intergenic	31782	IGL
chr22_22656952	22656952	IGLV10-54	intergenic	intergenic	28109	IGL
chr22_22966864	22966864	IGLV2-33	intergenic	intergenic	44081	IGL
chr22_22664028	22664028	IGLV10-54	intergenic	intergenic	35185	IGL
chr22_22666353	22666353	IGLV10-54	intergenic	intergenic	37510	IGL
chr22_22667865	22667865	IGLV10-54	intergenic	intergenic	39022	IGL
chr22_23259838	23259838	IGLV2-8	intergenic	intergenic	13632	IGL
chr22_23259875	23259875	IGLV2-8	intergenic	intergenic	13669	IGL
chr22_22531182	22531182	IGLV8-61	intergenic	intergenic	18385	IGL
chr22_23259251	23259251	IGLV2-8	intergenic	intergenic	13045	IGL
chr22_22429105	22429105	IGLV4-69	intergenic	intergenic	15381	IGL
chr22_23052358	23052358	IGLV3-32	intergenic	intergenic	34533	IGL
chr22_23109643	23109643	IGLV3-25	intergenic	intergenic	92	IGL
chr22_22657870	22657870	IGLV10-54	intergenic	intergenic	29027	IGL
chr22_23115932	23115932	IGLV2-23	intergenic	intergenic	4826	IGL
chr22_23117451	23117451	IGLV2-23	intergenic	intergenic	3307	IGL
chr22_22481192	22481192	IGLV8-61	intergenic	intergenic	30569	IGL
chr22_22481470	22481470	IGLV8-61	intergenic	intergenic	30291	IGL
chr22_22939068	22939068	IGLV2-33	intergenic	intergenic	71877	IGL
chr22_22530384	22530384	IGLV8-61	intergenic	intergenic	17587	IGL
chr22_22469428	22469428	IGLV4-69	intergenic	intergenic	24364	IGL
chr22_23008825	23008825	IGLV2-33	intergenic	intergenic	2120	IGL
chr22_22959604	22959604	IGLV2-33	intergenic	intergenic	51341	IGL
chr22_22983078	22983078	IGLV2-33	intergenic	intergenic	27867	IGL
chr22_22981725	22981725	IGLV2-33	intergenic	intergenic	29220	IGL
chr22_23007674	23007674	IGLV2-33	intergenic	intergenic	3271	IGL
chr22_23008569	23008569	IGLV2-33	intergenic	intergenic	2376	IGL
chr22_22672214	22672214	IGLV10-54	intergenic	intergenic	43371	IGL
chr22_22412221	22412221	IGLV4-69	intergenic	intergenic	32265	IGL
chr22_22412258	22412258	IGLV4-69	intergenic	intergenic	32228	IGL
chr22_22943580	22943580	IGLV2-33	intergenic	intergenic	67365	IGL
chr22_23363614	23363614	IGLJ7	intergenic	intergenic	3190	IGL
chr22_22418544	22418544	IGLV4-69	intergenic	intergenic	25942	IGL
chr22_23058908	23058908	IGLV3-27	intergenic	intergenic	32396	IGL
chr22_22638291	22638291	IGLV10-54	intergenic	intergenic	9448	IGL
chr22_23059275	23059275	IGLV3-27	intergenic	intergenic	32029	IGL
chr22_22862610	22862610	IGLV1-36	intergenic	intergenic	7269	IGL
chr22_22446076	22446076	IGLV4-69	intergenic	intergenic	1012	IGL
chr22_23361423	23361423	IGLJ7	intergenic	intergenic	999	IGL
chr22_23057951	23057951	IGLV3-27	intergenic	intergenic	33353	IGL
chr22_23126832	23126832	IGLV3-22	intergenic	intergenic	403	IGL
chr22_23077948	23077948	IGLV3-27	intergenic	intergenic	13356	IGL
chr22_23067283	23067283	IGLV3-27	intergenic	intergenic	24021	IGL
chr22_23067316	23067316	IGLV3-27	intergenic	intergenic	23988	IGL
chr22_22878596	22878596	IGLV1-36	intergenic	intergenic	23255	IGL
chr22_22884891	22884891	IGLV1-36	intergenic	intergenic	29550	IGL
chr22_22469468	22469468	IGLV4-69	intergenic	intergenic	24404	IGL
chr22_22475438	22475438	IGLV4-69	intergenic	intergenic	30374	IGL
chr22_22513967	22513967	IGLV8-61	intergenic	intergenic	1170	IGL
chr22_22514016	22514016	IGLV8-61	intergenic	intergenic	1219	IGL
chr22_22514335	22514335	IGLV8-61	intergenic	intergenic	1538	IGL
chr22_22514494	22514494	IGLV8-61	intergenic	intergenic	1697	IGL
chr22_22514526	22514526	IGLV8-61	intergenic	intergenic	1729	IGL
chr22_22514835	22514835	IGLV8-61	intergenic	intergenic	2038	IGL
chr22_22515376	22515376	IGLV8-61	intergenic	intergenic	2579	IGL
chr22_22515477	22515477	IGLV8-61	intergenic	intergenic	2680	IGL
chr22_23305928	23305928	IGLV3-1	intergenic	intergenic	1587	IGL
chr22_22658935	22658935	IGLV10-54	intergenic	intergenic	30092	IGL
chr22_23225435	23225435	IGLV3-10	intergenic	intergenic	9189	IGL
chr22_23001960	23001960	IGLV2-33	intergenic	intergenic	8985	IGL
chr22_23398287	23398287	IGLJ7	intergenic	intergenic	37863	IGL
chr22_23305530	23305530	IGLV3-1	intergenic	intergenic	1189	IGL
chr22_23069461	23069461	IGLV3-27	intergenic	intergenic	21843	IGL
chr22_23069465	23069465	IGLV3-27	intergenic	intergenic	21839	IGL
chr22_22617319	22617319	IGLV11-55	intergenic	intergenic	1582	IGL
chr22_22531037	22531037	IGLV8-61	intergenic	intergenic	18240	IGL
chr22_23077119	23077119	IGLV3-27	intergenic	intergenic	14185	IGL
chr22_23368063	23368063	IGLJ7	intergenic	intergenic	7639	IGL
chr22_23066959	23066959	IGLV3-27	intergenic	intergenic	24345	IGL
chr22_23103782	23103782	IGLV3-25	intergenic	intergenic	5953	IGL
chr22_22474955	22474955	IGLV4-69	intergenic	intergenic	29891	IGL
chr22_23083936	23083936	IGLV3-27	intergenic	intergenic	7368	IGL
chr22_22492621	22492621	IGLV8-61	intergenic	intergenic	19140	IGL
chr22_22885875	22885875	IGLV1-36	intergenic	intergenic	30534	IGL
chr22_22886296	22886296	IGLV1-36	intergenic	intergenic	30955	IGL
chr22_22886297	22886297	IGLV1-36	intergenic	intergenic	30956	IGL
chr22_22886334	22886334	IGLV1-36	intergenic	intergenic	30993	IGL
chr22_22891163	22891163	IGLV1-36	intergenic	intergenic	35822	IGL
chr22_22892968	22892968	IGLV1-36	intergenic	intergenic	37627	IGL
chr22_22893675	22893675	IGLV1-36	intergenic	intergenic	38334	IGL
chr22_22893691	22893691	IGLV1-36	intergenic	intergenic	38350	IGL
chr22_22894226	22894226	IGLV1-36	intergenic	intergenic	38885	IGL
chr22_22894697	22894697	IGLV1-36	intergenic	intergenic	39356	IGL
chr22_23012119	23012119	IGLV2-33	intergenic	intergenic	660	IGL
chr22_22533443	22533443	IGLV8-61	intergenic	intergenic	20646	IGL
chr22_23211780	23211780	IGLV2-11	intergenic	intergenic	3588	IGL
chr22_22640958	22640958	IGLV10-54	intergenic	intergenic	12115	IGL
chr22_22529589	22529589	IGLV8-61	intergenic	intergenic	16792	IGL
chr22_22528827	22528827	IGLV8-61	intergenic	intergenic	16030	IGL
chr22_22642679	22642679	IGLV10-54	intergenic	intergenic	13836	IGL
chr22_22643138	22643138	IGLV10-54	intergenic	intergenic	14295	IGL
chr22_22643184	22643184	IGLV10-54	intergenic	intergenic	14341	IGL
chr22_22643355	22643355	IGLV10-54	intergenic	intergenic	14512	IGL
chr22_22643425	22643425	IGLV10-54	intergenic	intergenic	14582	IGL
chr22_22643659	22643659	IGLV10-54	intergenic	intergenic	14816	IGL
chr22_22643953	22643953	IGLV10-54	intergenic	intergenic	15110	IGL
chr22_22643983	22643983	IGLV10-54	intergenic	intergenic	15140	IGL
chr22_23074673	23074673	IGLV3-27	intergenic	intergenic	16631	IGL
chr22_23074913	23074913	IGLV3-27	intergenic	intergenic	16391	IGL
chr22_23305494	23305494	IGLV3-1	intergenic	intergenic	1153	IGL
chr22_23260598	23260598	IGLV2-8	intergenic	intergenic	14392	IGL
chr22_22467160	22467160	IGLV4-69	intergenic	intergenic	22096	IGL
chr22_22470913	22470913	IGLV4-69	intergenic	intergenic	25849	IGL
chr22_23388401	23388401	IGLJ7	intergenic	intergenic	27977	IGL
chr22_23388403	23388403	IGLJ7	intergenic	intergenic	27979	IGL
chr22_22532270	22532270	IGLV8-61	intergenic	intergenic	19473	IGL
chr22_23067292	23067292	IGLV3-27	intergenic	intergenic	24012	IGL
chr22_22495892	22495892	IGLV8-61	intergenic	intergenic	15869	IGL
chr22_22495897	22495897	IGLV8-61	intergenic	intergenic	15864	IGL
chr22_23076468	23076468	IGLV3-27	intergenic	intergenic	14836	IGL
chr22_23004369	23004369	IGLV2-33	intergenic	intergenic	6576	IGL
chr22_23305758	23305758	IGLV3-1	intergenic	intergenic	1417	IGL
chr22_22955940	22955940	IGLV2-33	intergenic	intergenic	55005	IGL
chr22_22956176	22956176	IGLV2-33	intergenic	intergenic	54769	IGL
chr22_22758436	22758436	IGLV9-49	intergenic	intergenic	946	IGL
chr22_22464890	22464890	IGLV4-69	intergenic	intergenic	19826	IGL
chr22_22981746	22981746	IGLV2-33	intergenic	intergenic	29199	IGL
chr22_23395154	23395154	IGLJ7	intergenic	intergenic	34730	IGL
chr22_23008872	23008872	IGLV2-33	intergenic	intergenic	2073	IGL
chr22_23108414	23108414	IGLV3-25	intergenic	intergenic	1321	IGL
chr22_22529574	22529574	IGLV8-61	intergenic	intergenic	16777	IGL
chr22_22529619	22529619	IGLV8-61	intergenic	intergenic	16822	IGL
chr22_22820279	22820279	IGLV5-39	intergenic	intergenic	3447	IGL
chr22_22594511	22594511	IGLV6-57	intergenic	intergenic	14823	IGL
chr22_22977792	22977792	IGLV2-33	intergenic	intergenic	33153	IGL
chr22_23059556	23059556	IGLV3-27	intergenic	intergenic	31748	IGL
chr22_23004752	23004752	IGLV2-33	intergenic	intergenic	6193	IGL
chr22_23002503	23002503	IGLV2-33	intergenic	intergenic	8442	IGL
chr22_22672395	22672395	IGLV10-54	intergenic	intergenic	43552	IGL
chr22_22672416	22672416	IGLV10-54	intergenic	intergenic	43573	IGL
chr22_23298318	23298318	IGLV4-3	intergenic	intergenic	3369	IGL
chr22_23056758	23056758	IGLV3-27	intergenic	intergenic	34546	IGL
chr22_23056780	23056780	IGLV3-27	intergenic	intergenic	34524	IGL
chr22_23057082	23057082	IGLV3-27	intergenic	intergenic	34222	IGL
chr22_23057447	23057447	IGLV3-27	intergenic	intergenic	33857	IGL
chr22_23057557	23057557	IGLV3-27	intergenic	intergenic	33747	IGL
chr22_23057583	23057583	IGLV3-27	intergenic	intergenic	33721	IGL
chr22_23057653	23057653	IGLV3-27	intergenic	intergenic	33651	IGL
chr22_23057655	23057655	IGLV3-27	intergenic	intergenic	33649	IGL
chr22_23057659	23057659	IGLV3-27	intergenic	intergenic	33645	IGL
chr22_23057672	23057672	IGLV3-27	intergenic	intergenic	33632	IGL
chr22_23057728	23057728	IGLV3-27	intergenic	intergenic	33576	IGL
chr22_23057808	23057808	IGLV3-27	intergenic	intergenic	33496	IGL
chr22_23057866	23057866	IGLV3-27	intergenic	intergenic	33438	IGL
chr22_23057923	23057923	IGLV3-27	intergenic	intergenic	33381	IGL
chr22_23057925	23057925	IGLV3-27	intergenic	intergenic	33379	IGL
chr22_23057929	23057929	IGLV3-27	intergenic	intergenic	33375	IGL
chr22_23057932	23057932	IGLV3-27	intergenic	intergenic	33372	IGL
chr22_23058128	23058128	IGLV3-27	intergenic	intergenic	33176	IGL
chr22_23058318	23058318	IGLV3-27	intergenic	intergenic	32986	IGL
chr22_23058417	23058417	IGLV3-27	intergenic	intergenic	32887	IGL
chr22_23058424	23058424	IGLV3-27	intergenic	intergenic	32880	IGL
chr22_23058426	23058426	IGLV3-27	intergenic	intergenic	32878	IGL
chr22_23058618	23058618	IGLV3-27	intergenic	intergenic	32686	IGL
chr22_23058843	23058843	IGLV3-27	intergenic	intergenic	32461	IGL
chr22_23058884	23058884	IGLV3-27	intergenic	intergenic	32420	IGL
chr22_23059498	23059498	IGLV3-27	intergenic	intergenic	31806	IGL
chr22_22458924	22458924	IGLV4-69	intergenic	intergenic	13860	IGL
chr22_23068864	23068864	IGLV3-27	intergenic	intergenic	22440	IGL
chr22_22483995	22483995	IGLV8-61	intergenic	intergenic	27766	IGL
chr22_23008960	23008960	IGLV2-33	intergenic	intergenic	1985	IGL
chr22_23056886	23056886	IGLV3-27	intergenic	intergenic	34418	IGL
chr22_23057275	23057275	IGLV3-27	intergenic	intergenic	34029	IGL
chr22_23057342	23057342	IGLV3-27	intergenic	intergenic	33962	IGL
chr22_23059358	23059358	IGLV3-27	intergenic	intergenic	31946	IGL
chr22_23059364	23059364	IGLV3-27	intergenic	intergenic	31940	IGL
chr22_23059479	23059479	IGLV3-27	intergenic	intergenic	31825	IGL
chr22_23059521	23059521	IGLV3-27	intergenic	intergenic	31783	IGL
chr22_23187700	23187700	IGLV2-14	intergenic	intergenic	5477	IGL
chr22_22637136	22637136	IGLV10-54	intergenic	intergenic	8293	IGL
chr22_22969995	22969995	IGLV2-33	intergenic	intergenic	40950	IGL
chr22_22878766	22878766	IGLV1-36	intergenic	intergenic	23425	IGL
chr22_22879704	22879704	IGLV1-36	intergenic	intergenic	24363	IGL
chr22_22879868	22879868	IGLV1-36	intergenic	intergenic	24527	IGL
chr22_22880185	22880185	IGLV1-36	intergenic	intergenic	24844	IGL
chr22_22880720	22880720	IGLV1-36	intergenic	intergenic	25379	IGL
chr22_22882009	22882009	IGLV1-36	intergenic	intergenic	26668	IGL
chr22_22882452	22882452	IGLV1-36	intergenic	intergenic	27111	IGL
chr22_22883145	22883145	IGLV1-36	intergenic	intergenic	27804	IGL
chr22_22884012	22884012	IGLV1-36	intergenic	intergenic	28671	IGL
chr22_22897054	22897054	IGLV1-36	intergenic	intergenic	41713	IGL
chr22_22898712	22898712	IGLV1-36	intergenic	intergenic	43371	IGL
chr22_23305838	23305838	IGLV3-1	intergenic	intergenic	1497	IGL
chr22_23306108	23306108	IGLV3-1	intergenic	intergenic	1767	IGL
chr22_23058754	23058754	IGLV3-27	intergenic	intergenic	32550	IGL
chr22_23003708	23003708	IGLV2-33	intergenic	intergenic	7237	IGL
chr22_23003952	23003952	IGLV2-33	intergenic	intergenic	6993	IGL
chr22_23005188	23005188	IGLV2-33	intergenic	intergenic	5757	IGL
chr22_23005370	23005370	IGLV2-33	intergenic	intergenic	5575	IGL
chr22_23005923	23005923	IGLV2-33	intergenic	intergenic	5022	IGL
chr22_23006075	23006075	IGLV2-33	intergenic	intergenic	4870	IGL
chr22_22469433	22469433	IGLV4-69	intergenic	intergenic	24369	IGL
chr22_22459717	22459717	IGLV4-69	intergenic	intergenic	14653	IGL
chr22_22459814	22459814	IGLV4-69	intergenic	intergenic	14750	IGL
chr22_22536640	22536640	IGLV8-61	intergenic	intergenic	23843	IGL
chr22_23068812	23068812	IGLV3-27	intergenic	intergenic	22492	IGL
chr22_23095616	23095616	IGLV3-27	intergenic	intergenic	3752	IGL
chr22_23396670	23396670	IGLJ7	intergenic	intergenic	36246	IGL
chr22_23057556	23057556	IGLV3-27	intergenic	intergenic	33748	IGL
chr22_23084127	23084127	IGLV3-27	intergenic	intergenic	7177	IGL
chr22_23067674	23067674	IGLV3-27	intergenic	intergenic	23630	IGL
chr22_23067676	23067676	IGLV3-27	intergenic	intergenic	23628	IGL
chr22_23006762	23006762	IGLV2-33	intergenic	intergenic	4183	IGL
chr22_22958541	22958541	IGLV2-33	intergenic	intergenic	52404	IGL
chr22_22959275	22959275	IGLV2-33	intergenic	intergenic	51670	IGL
chr22_22959435	22959435	IGLV2-33	intergenic	intergenic	51510	IGL
chr22_22959547	22959547	IGLV2-33	intergenic	intergenic	51398	IGL
chr22_22959690	22959690	IGLV2-33	intergenic	intergenic	51255	IGL
chr22_22959860	22959860	IGLV2-33	intergenic	intergenic	51085	IGL
chr22_22960133	22960133	IGLV2-33	intergenic	intergenic	50812	IGL
chr22_22960197	22960197	IGLV2-33	intergenic	intergenic	50748	IGL
chr22_22960254	22960254	IGLV2-33	intergenic	intergenic	50691	IGL
chr22_22960317	22960317	IGLV2-33	intergenic	intergenic	50628	IGL
chr22_22960351	22960351	IGLV2-33	intergenic	intergenic	50594	IGL
chr22_22960366	22960366	IGLV2-33	intergenic	intergenic	50579	IGL
chr22_22960367	22960367	IGLV2-33	intergenic	intergenic	50578	IGL
chr22_22960368	22960368	IGLV2-33	intergenic	intergenic	50577	IGL
chr22_22960548	22960548	IGLV2-33	intergenic	intergenic	50397	IGL
chr22_22960575	22960575	IGLV2-33	intergenic	intergenic	50370	IGL
chr22_22960650	22960650	IGLV2-33	intergenic	intergenic	50295	IGL
chr22_22960747	22960747	IGLV2-33	intergenic	intergenic	50198	IGL
chr22_22960827	22960827	IGLV2-33	intergenic	intergenic	50118	IGL
chr22_22961021	22961021	IGLV2-33	intergenic	intergenic	49924	IGL
chr22_23059846	23059846	IGLV3-27	intergenic	intergenic	31458	IGL
chr22_22529636	22529636	IGLV8-61	intergenic	intergenic	16839	IGL
chr22_22529640	22529640	IGLV8-61	intergenic	intergenic	16843	IGL
chr22_22529641	22529641	IGLV8-61	intergenic	intergenic	16844	IGL
chr22_22479074	22479074	IGLV8-61	intergenic	intergenic	32687	IGL
chr22_22989731	22989731	IGLV2-33	intergenic	intergenic	21214	IGL
chr22_23010481	23010481	IGLV2-33	intergenic	intergenic	464	IGL
chr22_23097672	23097672	IGLV3-27	intergenic	intergenic	5808	IGL
chr22_23099925	23099925	IGLV3-27	intergenic	intergenic	8061	IGL
chr22_23069818	23069818	IGLV3-27	intergenic	intergenic	21486	IGL
chr22_23069829	23069829	IGLV3-27	intergenic	intergenic	21475	IGL
chr22_22711060	22711060	IGLV5-52	intergenic	intergenic	21405	IGL
chr22_23310653	23310653	IGLJ1	intergenic	intergenic	6008	IGL
chr22_22635218	22635218	IGLV10-54	intergenic	intergenic	6375	IGL
chr22_22787672	22787672	IGLV5-45	intergenic	intergenic	2026	IGL
chr22_23277870	23277870	IGLV4-3	intergenic	intergenic	16511	IGL
chr22_23068073	23068073	IGLV3-27	intergenic	intergenic	23231	IGL
chr22_23249238	23249238	IGLV2-8	intergenic	intergenic	3032	IGL
chr22_23249259	23249259	IGLV2-8	intergenic	intergenic	3053	IGL
chr22_22945596	22945596	IGLV2-33	intergenic	intergenic	65349	IGL
chr22_22947267	22947267	IGLV2-33	intergenic	intergenic	63678	IGL
chr22_22899740	22899740	IGLV1-36	intergenic	intergenic	44399	IGL
chr22_22654961	22654961	IGLV10-54	intergenic	intergenic	26118	IGL
chr22_23060149	23060149	IGLV3-27	intergenic	intergenic	31155	IGL
chr22_23396880	23396880	IGLJ7	intergenic	intergenic	36456	IGL
chr22_22479928	22479928	IGLV8-61	intergenic	intergenic	31833	IGL
chr22_23060124	23060124	IGLV3-27	intergenic	intergenic	31180	IGL
chr22_23009317	23009317	IGLV2-33	intergenic	intergenic	1628	IGL
chr22_23009405	23009405	IGLV2-33	intergenic	intergenic	1540	IGL
chr22_22674218	22674218	IGLV10-54	intergenic	intergenic	45375	IGL
chr22_22536668	22536668	IGLV8-61	intergenic	intergenic	23871	IGL
chr22_22778962	22778962	IGLV7-46	intergenic	intergenic	4364	IGL
chr22_22513632	22513632	IGLV8-61	intergenic	intergenic	835	IGL
chr22_22513792	22513792	IGLV8-61	intergenic	intergenic	995	IGL
chr22_22513816	22513816	IGLV8-61	intergenic	intergenic	1019	IGL
chr22_22513861	22513861	IGLV8-61	intergenic	intergenic	1064	IGL
chr22_22513950	22513950	IGLV8-61	intergenic	intergenic	1153	IGL
chr22_22514012	22514012	IGLV8-61	intergenic	intergenic	1215	IGL
chr22_22784297	22784297	IGLV7-46	intergenic	intergenic	459	IGL
chr22_23265856	23265856	IGLV2-8	intergenic	intergenic	19650	IGL
chr22_22477392	22477392	IGLV4-69	intergenic	intergenic	32328	IGL
chr22_22477574	22477574	IGLV4-69	intergenic	intergenic	32510	IGL
chr22_22477866	22477866	IGLV4-69	intergenic	intergenic	32802	IGL
chr22_22478073	22478073	IGLV4-69	intergenic	intergenic	33009	IGL
chr22_22945703	22945703	IGLV2-33	intergenic	intergenic	65242	IGL
chr22_23084276	23084276	IGLV3-27	intergenic	intergenic	7028	IGL
chr22_23062086	23062086	IGLV3-27	intergenic	intergenic	29218	IGL
chr22_23267162	23267162	IGLV2-8	intergenic	intergenic	20956	IGL
chr22_22945415	22945415	IGLV2-33	intergenic	intergenic	65530	IGL
chr22_22482277	22482277	IGLV8-61	intergenic	intergenic	29484	IGL
chr22_23187704	23187704	IGLV2-14	intergenic	intergenic	5481	IGL
chr22_23119501	23119501	IGLV2-23	intergenic	intergenic	1257	IGL
chr22_22618186	22618186	IGLV11-55	intergenic	intergenic	2449	IGL
chr22_22441134	22441134	IGLV4-69	intergenic	intergenic	3352	IGL
chr22_23001945	23001945	IGLV2-33	intergenic	intergenic	9000	IGL
chr22_22641618	22641618	IGLV10-54	intergenic	intergenic	12775	IGL
chr22_22414523	22414523	IGLV4-69	intergenic	intergenic	29963	IGL
chr22_22980991	22980991	IGLV2-33	intergenic	intergenic	29954	IGL
chr22_23009116	23009116	IGLV2-33	intergenic	intergenic	1829	IGL
chr22_23009174	23009174	IGLV2-33	intergenic	intergenic	1771	IGL
chr22_23106089	23106089	IGLV3-25	intergenic	intergenic	3646	IGL
chr22_23107982	23107982	IGLV3-25	intergenic	intergenic	1753	IGL
chr22_23092140	23092140	IGLV3-27	intergenic	intergenic	276	IGL
chr22_22531212	22531212	IGLV8-61	intergenic	intergenic	18415	IGL
chr22_22530554	22530554	IGLV8-61	intergenic	intergenic	17757	IGL
chr22_22637546	22637546	IGLV10-54	intergenic	intergenic	8703	IGL
chr22_23265253	23265253	IGLV2-8	intergenic	intergenic	19047	IGL
chr22_23118232	23118232	IGLV2-23	intergenic	intergenic	2526	IGL
chr22_22473816	22473816	IGLV4-69	intergenic	intergenic	28752	IGL
chr22_23261209	23261209	IGLV2-8	intergenic	intergenic	15003	IGL
chr22_22530309	22530309	IGLV8-61	intergenic	intergenic	17512	IGL
chr22_22672027	22672027	IGLV10-54	intergenic	intergenic	43184	IGL
chr22_23298353	23298353	IGLV4-3	intergenic	intergenic	3404	IGL
chr22_22416480	22416480	IGLV4-69	intergenic	intergenic	28006	IGL
chr22_23060407	23060407	IGLV3-27	intergenic	intergenic	30897	IGL
chr22_23253187	23253187	IGLV2-8	intergenic	intergenic	6981	IGL
chr22_23092865	23092865	IGLV3-27	intergenic	intergenic	1001	IGL
chr22_23094396	23094396	IGLV3-27	intergenic	intergenic	2532	IGL
chr22_23011637	23011637	IGLV2-33	intergenic	intergenic	178	IGL
chr22_22636580	22636580	IGLV10-54	intergenic	intergenic	7737	IGL
chr22_22668954	22668954	IGLV10-54	intergenic	intergenic	40111	IGL
chr22_22671768	22671768	IGLV10-54	intergenic	intergenic	42925	IGL
chr22_22671850	22671850	IGLV10-54	intergenic	intergenic	43007	IGL
chr22_22672019	22672019	IGLV10-54	intergenic	intergenic	43176	IGL
chr22_22672022	22672022	IGLV10-54	intergenic	intergenic	43179	IGL
chr22_22672026	22672026	IGLV10-54	intergenic	intergenic	43183	IGL
chr22_23122347	23122347	IGLV2-23	intergenic	intergenic	917	IGL
chr22_23122396	23122396	IGLV2-23	intergenic	intergenic	966	IGL
chr22_22436164	22436164	IGLV4-69	intergenic	intergenic	8322	IGL
chr22_22765928	22765928	IGLV5-48	intergenic	intergenic	726	IGL
chr22_23126235	23126235	IGLV3-22	intergenic	intergenic	1000	IGL
chr22_22865480	22865480	IGLV1-36	intergenic	intergenic	10139	IGL
chr22_22536138	22536138	IGLV8-61	intergenic	intergenic	23341	IGL
chr22_22495411	22495411	IGLV8-61	intergenic	intergenic	16350	IGL
chr22_22941552	22941552	IGLV2-33	intergenic	intergenic	69393	IGL
chr22_22460367	22460367	IGLV4-69	intergenic	intergenic	15303	IGL
chr22_22460369	22460369	IGLV4-69	intergenic	intergenic	15305	IGL
chr22_22530607	22530607	IGLV8-61	intergenic	intergenic	17810	IGL
chr22_22529804	22529804	IGLV8-61	intergenic	intergenic	17007	IGL
chr22_23258571	23258571	IGLV2-8	intergenic	intergenic	12365	IGL
chr22_23259397	23259397	IGLV2-8	intergenic	intergenic	13191	IGL
chr22_22632801	22632801	IGLV10-54	intergenic	intergenic	3958	IGL
chr22_23299676	23299676	IGLV3-1	intergenic	intergenic	3939	IGL
chr22_23222011	23222011	IGLV2-11	intergenic	intergenic	6091	IGL
chr22_22977731	22977731	IGLV2-33	intergenic	intergenic	33214	IGL
chr22_22529932	22529932	IGLV8-61	intergenic	intergenic	17135	IGL
chr22_22529942	22529942	IGLV8-61	intergenic	intergenic	17145	IGL
chr22_23306287	23306287	IGLV3-1	intergenic	intergenic	1946	IGL
chr22_23306306	23306306	IGLV3-1	intergenic	intergenic	1965	IGL
chr22_23306515	23306515	IGLV3-1	intergenic	intergenic	2174	IGL
chr22_23306605	23306605	IGLV3-1	intergenic	intergenic	2264	IGL
chr22_23306623	23306623	IGLV3-1	intergenic	intergenic	2282	IGL
chr22_23068681	23068681	IGLV3-27	intergenic	intergenic	22623	IGL
chr22_23072987	23072987	IGLV3-27	intergenic	intergenic	18317	IGL
chr22_22412668	22412668	IGLV4-69	intergenic	intergenic	31818	IGL
chr22_23285388	23285388	IGLV4-3	intergenic	intergenic	8993	IGL
chr22_23021436	23021436	IGLV3-32	intergenic	intergenic	3611	IGL
chr22_23011744	23011744	IGLV2-33	intergenic	intergenic	285	IGL
chr22_23060937	23060937	IGLV3-27	intergenic	intergenic	30367	IGL
chr22_23058240	23058240	IGLV3-27	intergenic	intergenic	33064	IGL
chr22_22595753	22595753	IGLV6-57	intergenic	intergenic	13581	IGL
chr22_22602689	22602689	IGLV6-57	intergenic	intergenic	6645	IGL
chr22_23061019	23061019	IGLV3-27	intergenic	intergenic	30285	IGL
chr22_23111089	23111089	IGLV3-25	intergenic	intergenic	759	IGL
chr22_22944678	22944678	IGLV2-33	intergenic	intergenic	66267	IGL
chr22_23372164	23372164	IGLJ7	intergenic	intergenic	11740	IGL
chr22_22949802	22949802	IGLV2-33	intergenic	intergenic	61143	IGL
chr22_23122822	23122822	IGLV2-23	intergenic	intergenic	1392	IGL
chr22_23122828	23122828	IGLV2-23	intergenic	intergenic	1398	IGL
chr22_23122896	23122896	IGLV2-23	intergenic	intergenic	1466	IGL
chr22_23068147	23068147	IGLV3-27	intergenic	intergenic	23157	IGL
chr22_23000637	23000637	IGLV2-33	intergenic	intergenic	10308	IGL
chr22_23000963	23000963	IGLV2-33	intergenic	intergenic	9982	IGL
chr22_23078687	23078687	IGLV3-27	intergenic	intergenic	12617	IGL
chr22_23080248	23080248	IGLV3-27	intergenic	intergenic	11056	IGL
chr22_22758388	22758388	IGLV9-49	intergenic	intergenic	898	IGL
chr22_22532231	22532231	IGLV8-61	intergenic	intergenic	19434	IGL
chr22_23002846	23002846	IGLV2-33	intergenic	intergenic	8099	IGL
chr22_23278297	23278297	IGLV4-3	intergenic	intergenic	16084	IGL
chr22_23009921	23009921	IGLV2-33	intergenic	intergenic	1024	IGL
chr22_23009964	23009964	IGLV2-33	intergenic	intergenic	981	IGL
chr22_23010064	23010064	IGLV2-33	intergenic	intergenic	881	IGL
chr22_23010068	23010068	IGLV2-33	intergenic	intergenic	877	IGL
chr22_22527041	22527041	IGLV8-61	intergenic	intergenic	14244	IGL
chr22_23305233	23305233	IGLV3-1	intergenic	intergenic	892	IGL
chr22_22641774	22641774	IGLV10-54	intergenic	intergenic	12931	IGL
chr22_22644025	22644025	IGLV10-54	intergenic	intergenic	15182	IGL
chr22_23399911	23399911	IGLJ7	intergenic	intergenic	39487	IGL
chr22_23067758	23067758	IGLV3-27	intergenic	intergenic	23546	IGL
chr22_23269143	23269143	IGLV2-8	intergenic	intergenic	22937	IGL
chr22_23009728	23009728	IGLV2-33	intergenic	intergenic	1217	IGL
chr22_23020871	23020871	IGLV3-32	intergenic	intergenic	3046	IGL
chr22_22982621	22982621	IGLV2-33	intergenic	intergenic	28324	IGL
chr22_23009530	23009530	IGLV2-33	intergenic	intergenic	1415	IGL
chr22_22468892	22468892	IGLV4-69	intergenic	intergenic	23828	IGL
chr22_23399846	23399846	IGLJ7	intergenic	intergenic	39422	IGL
chr22_23311035	23311035	IGLJ1	intergenic	intergenic	5626	IGL
chr22_22633836	22633836	IGLV10-54	intergenic	intergenic	4993	IGL
chr22_22970131	22970131	IGLV2-33	intergenic	intergenic	40814	IGL
chr22_23058461	23058461	IGLV3-27	intergenic	intergenic	32843	IGL
chr22_22660394	22660394	IGLV10-54	intergenic	intergenic	31551	IGL
chr22_22943321	22943321	IGLV2-33	intergenic	intergenic	67624	IGL
chr22_23008728	23008728	IGLV2-33	intergenic	intergenic	2217	IGL
chr22_23098735	23098735	IGLV3-27	intergenic	intergenic	6871	IGL
chr22_22489833	22489833	IGLV8-61	intergenic	intergenic	21928	IGL
chr22_23266270	23266270	IGLV2-8	intergenic	intergenic	20064	IGL
chr22_22456861	22456861	IGLV4-69	intergenic	intergenic	11797	IGL
chr22_22456924	22456924	IGLV4-69	intergenic	intergenic	11860	IGL
chr22_22851202	22851202	IGLV5-37	intergenic	intergenic	292	IGL
chr22_22851204	22851204	IGLV5-37	intergenic	intergenic	294	IGL
chr22_23054336	23054336	IGLV3-32	intergenic	intergenic	36511	IGL
chr22_22967655	22967655	IGLV2-33	intergenic	intergenic	43290	IGL
chr22_22671191	22671191	IGLV10-54	intergenic	intergenic	42348	IGL
chr22_23125839	23125839	IGLV3-22	intergenic	intergenic	1396	IGL
chr22_22637446	22637446	IGLV10-54	intergenic	intergenic	8603	IGL
chr22_23126587	23126587	IGLV3-22	intergenic	intergenic	648	IGL
chr22_23067215	23067215	IGLV3-27	intergenic	intergenic	24089	IGL
chr22_22527234	22527234	IGLV8-61	intergenic	intergenic	14437	IGL
chr22_23363295	23363295	IGLJ7	intergenic	intergenic	2871	IGL
chr22_22488703	22488703	IGLV8-61	intergenic	intergenic	23058	IGL
chr22_22489367	22489367	IGLV8-61	intergenic	intergenic	22394	IGL
chr22_23306730	23306730	IGLV3-1	intergenic	intergenic	2389	IGL
chr22_23306954	23306954	IGLV3-1	intergenic	intergenic	2613	IGL
chr22_23307204	23307204	IGLV3-1	intergenic	intergenic	2863	IGL
chr22_23057338	23057338	IGLV3-27	intergenic	intergenic	33966	IGL
chr22_22531432	22531432	IGLV8-61	intergenic	intergenic	18635	IGL
chr22_22636297	22636297	IGLV10-54	intergenic	intergenic	7454	IGL
chr22_22408243	22408243	IGLV4-69	intergenic	intergenic	36243	IGL
chr22_23378404	23378404	IGLJ7	intergenic	intergenic	17980	IGL
chr22_22944913	22944913	IGLV2-33	intergenic	intergenic	66032	IGL
chr22_22596378	22596378	IGLV6-57	intergenic	intergenic	12956	IGL
chr22_22597970	22597970	IGLV6-57	intergenic	intergenic	11364	IGL
chr22_22600545	22600545	IGLV6-57	intergenic	intergenic	8789	IGL
chr22_22603164	22603164	IGLV6-57	intergenic	intergenic	6170	IGL
chr22_22607363	22607363	IGLV6-57	intergenic	intergenic	1971	IGL
chr22_22607967	22607967	IGLV6-57	intergenic	intergenic	1367	IGL
chr22_22440059	22440059	IGLV4-69	intergenic	intergenic	4427	IGL
chr22_22996956	22996956	IGLV2-33	intergenic	intergenic	13989	IGL
chr22_23278766	23278766	IGLV4-3	intergenic	intergenic	15615	IGL
chr22_23278904	23278904	IGLV4-3	intergenic	intergenic	15477	IGL
chr22_23278922	23278922	IGLV4-3	intergenic	intergenic	15459	IGL
chr22_22982707	22982707	IGLV2-33	intergenic	intergenic	28238	IGL
chr22_23120198	23120198	IGLV2-23	intergenic	intergenic	560	IGL
chr22_23262374	23262374	IGLV2-8	intergenic	intergenic	16168	IGL
chr22_23264504	23264504	IGLV2-8	intergenic	intergenic	18298	IGL
chr22_23302417	23302417	IGLV3-1	intergenic	intergenic	1198	IGL
chr22_22425824	22425824	IGLV4-69	intergenic	intergenic	18662	IGL
chr22_22426194	22426194	IGLV4-69	intergenic	intergenic	18292	IGL
chr22_22522176	22522176	IGLV8-61	intergenic	intergenic	9379	IGL
chr22_23370163	23370163	IGLJ7	intergenic	intergenic	9739	IGL
chr22_22630758	22630758	IGLV10-54	intergenic	intergenic	1915	IGL
chr22_23092149	23092149	IGLV3-27	intergenic	intergenic	285	IGL
chr22_23093194	23093194	IGLV3-27	intergenic	intergenic	1330	IGL
chr22_23093898	23093898	IGLV3-27	intergenic	intergenic	2034	IGL
chr22_22958869	22958869	IGLV2-33	intergenic	intergenic	52076	IGL
chr22_22421076	22421076	IGLV4-69	intergenic	intergenic	23410	IGL
chr22_22980607	22980607	IGLV2-33	intergenic	intergenic	30338	IGL
chr22_23252651	23252651	IGLV2-8	intergenic	intergenic	6445	IGL
chr22_23001779	23001779	IGLV2-33	intergenic	intergenic	9166	IGL
chr22_23001963	23001963	IGLV2-33	intergenic	intergenic	8982	IGL
chr22_23090648	23090648	IGLV3-27	intergenic	intergenic	656	IGL
chr22_23062054	23062054	IGLV3-27	intergenic	intergenic	29250	IGL
chr22_22636332	22636332	IGLV10-54	intergenic	intergenic	7489	IGL
chr22_23211484	23211484	IGLV2-11	intergenic	intergenic	3884	IGL
chr22_22634470	22634470	IGLV10-54	intergenic	intergenic	5627	IGL
chr22_22489180	22489180	IGLV8-61	intergenic	intergenic	22581	IGL
chr22_23010067	23010067	IGLV2-33	intergenic	intergenic	878	IGL
chr22_23400645	23400645	IGLJ7	intergenic	intergenic	40221	IGL
chr22_22635347	22635347	IGLV10-54	intergenic	intergenic	6504	IGL
chr22_22789068	22789068	IGLV5-45	intergenic	intergenic	630	IGL
chr22_22789071	22789071	IGLV5-45	intergenic	intergenic	627	IGL
chr22_22945789	22945789	IGLV2-33	intergenic	intergenic	65156	IGL
chr22_22637030	22637030	IGLV10-54	intergenic	intergenic	8187	IGL
chr22_22979362	22979362	IGLV2-33	intergenic	intergenic	31583	IGL
chr22_23063253	23063253	IGLV3-27	intergenic	intergenic	28051	IGL
chr22_23065669	23065669	IGLV3-27	intergenic	intergenic	25635	IGL
chr22_22944782	22944782	IGLV2-33	intergenic	intergenic	66163	IGL
chr22_22458054	22458054	IGLV4-69	intergenic	intergenic	12990	IGL
chr22_22464978	22464978	IGLV4-69	intergenic	intergenic	19914	IGL
chr22_22671843	22671843	IGLV10-54	intergenic	intergenic	43000	IGL
chr22_23187703	23187703	IGLV2-14	intergenic	intergenic	5480	IGL
chr22_23051306	23051306	IGLV3-32	intergenic	intergenic	33481	IGL
chr22_22994375	22994375	IGLV2-33	intergenic	intergenic	16570	IGL
chr22_22492991	22492991	IGLV8-61	intergenic	intergenic	18770	IGL
chr22_23101336	23101336	IGLV3-25	intergenic	intergenic	8399	IGL
chr22_22412676	22412676	IGLV4-69	intergenic	intergenic	31810	IGL
chr22_22423533	22423533	IGLV4-69	intergenic	intergenic	20953	IGL
chr22_23065954	23065954	IGLV3-27	intergenic	intergenic	25350	IGL
chr22_23065972	23065972	IGLV3-27	intergenic	intergenic	25332	IGL
chr22_22632106	22632106	IGLV10-54	intergenic	intergenic	3263	IGL
chr22_23060171	23060171	IGLV3-27	intergenic	intergenic	31133	IGL
chr22_23301295	23301295	IGLV3-1	intergenic	intergenic	2320	IGL
chr22_23396823	23396823	IGLJ7	intergenic	intergenic	36399	IGL
chr22_22476309	22476309	IGLV4-69	intergenic	intergenic	31245	IGL
chr22_23052514	23052514	IGLV3-32	intergenic	intergenic	34689	IGL
chr22_22654507	22654507	IGLV10-54	intergenic	intergenic	25664	IGL
chr22_22986126	22986126	IGLV2-33	intergenic	intergenic	24819	IGL
chr22_23026150	23026150	IGLV3-32	intergenic	intergenic	8325	IGL
chr22_23066233	23066233	IGLV3-27	intergenic	intergenic	25071	IGL
chr22_23264416	23264416	IGLV2-8	intergenic	intergenic	18210	IGL
chr22_22626109	22626109	IGLV10-54	intergenic	intergenic	2230	IGL
chr22_23306688	23306688	IGLV3-1	intergenic	intergenic	2347	IGL
chr22_22475384	22475384	IGLV4-69	intergenic	intergenic	30320	IGL
chr22_23262379	23262379	IGLV2-8	intergenic	intergenic	16173	IGL
chr22_22997520	22997520	IGLV2-33	intergenic	intergenic	13425	IGL
chr22_22998015	22998015	IGLV2-33	intergenic	intergenic	12930	IGL
chr22_22998576	22998576	IGLV2-33	intergenic	intergenic	12369	IGL
chr22_22999020	22999020	IGLV2-33	intergenic	intergenic	11925	IGL
chr22_22462093	22462093	IGLV4-69	intergenic	intergenic	17029	IGL
chr22_22931051	22931051	IGLV1-36	intergenic	intergenic	75710	IGL
chr22_22945421	22945421	IGLV2-33	intergenic	intergenic	65524	IGL
chr22_22829037	22829037	IGLV1-41	intergenic	intergenic	1468	IGL
chr22_22829125	22829125	IGLV1-41	intergenic	intergenic	1556	IGL
chr22_23308564	23308564	IGLV3-1	intergenic	intergenic	4223	IGL
chr22_22660412	22660412	IGLV10-54	intergenic	intergenic	31569	IGL
chr22_22967131	22967131	IGLV2-33	intergenic	intergenic	43814	IGL
chr22_23117998	23117998	IGLV2-23	intergenic	intergenic	2760	IGL
chr22_23298316	23298316	IGLV4-3	intergenic	intergenic	3367	IGL
chr22_23305565	23305565	IGLV3-1	intergenic	intergenic	1224	IGL
chr22_22981861	22981861	IGLV2-33	intergenic	intergenic	29084	IGL
chr22_22853388	22853388	IGLV1-36	intergenic	intergenic	1406	IGL
chr22_23261605	23261605	IGLV2-8	intergenic	intergenic	15399	IGL
chr22_23262557	23262557	IGLV2-8	intergenic	intergenic	16351	IGL
chr22_23262813	23262813	IGLV2-8	intergenic	intergenic	16607	IGL
chr22_23011746	23011746	IGLV2-33	intergenic	intergenic	287	IGL
chr22_23112182	23112182	IGLV3-25	intergenic	intergenic	1852	IGL
chr22_22464338	22464338	IGLV4-69	intergenic	intergenic	19274	IGL
chr22_22467619	22467619	IGLV4-69	intergenic	intergenic	22555	IGL
chr22_22470592	22470592	IGLV4-69	intergenic	intergenic	25528	IGL
chr22_23067410	23067410	IGLV3-27	intergenic	intergenic	23894	IGL
chr22_22624856	22624856	IGLV10-54	intergenic	intergenic	3483	IGL
chr22_23060221	23060221	IGLV3-27	intergenic	intergenic	31083	IGL
chr22_23401097	23401097	IGLJ7	intergenic	intergenic	40673	IGL
chr22_22486698	22486698	IGLV8-61	intergenic	intergenic	25063	IGL
chr22_22931340	22931340	IGLV1-36	intergenic	intergenic	75999	IGL
chr22_22986264	22986264	IGLV2-33	intergenic	intergenic	24681	IGL
chr22_22990045	22990045	IGLV2-33	intergenic	intergenic	20900	IGL
chr22_22993440	22993440	IGLV2-33	intergenic	intergenic	17505	IGL
chr22_22994127	22994127	IGLV2-33	intergenic	intergenic	16818	IGL
chr22_22994608	22994608	IGLV2-33	intergenic	intergenic	16337	IGL
chr22_22996246	22996246	IGLV2-33	intergenic	intergenic	14699	IGL
chr22_22996530	22996530	IGLV2-33	intergenic	intergenic	14415	IGL
chr22_22996994	22996994	IGLV2-33	intergenic	intergenic	13951	IGL
chr22_22997385	22997385	IGLV2-33	intergenic	intergenic	13560	IGL
chr22_22997450	22997450	IGLV2-33	intergenic	intergenic	13495	IGL
chr22_22997704	22997704	IGLV2-33	intergenic	intergenic	13241	IGL
chr22_22878257	22878257	IGLV1-36	intergenic	intergenic	22916	IGL
chr22_22950913	22950913	IGLV2-33	intergenic	intergenic	60032	IGL
chr22_22950926	22950926	IGLV2-33	intergenic	intergenic	60019	IGL
chr22_22951059	22951059	IGLV2-33	intergenic	intergenic	59886	IGL
chr22_22530875	22530875	IGLV8-61	intergenic	intergenic	18078	IGL
chr22_23261306	23261306	IGLV2-8	intergenic	intergenic	15100	IGL
chr22_23310736	23310736	IGLJ1	intergenic	intergenic	5925	IGL
chr22_22457096	22457096	IGLV4-69	intergenic	intergenic	12032	IGL
chr22_22457373	22457373	IGLV4-69	intergenic	intergenic	12309	IGL
chr22_22432625	22432625	IGLV4-69	intergenic	intergenic	11861	IGL
chr22_23260931	23260931	IGLV2-8	intergenic	intergenic	14725	IGL
chr22_22475150	22475150	IGLV4-69	intergenic	intergenic	30086	IGL
chr22_22478242	22478242	IGLV4-69	intergenic	intergenic	33178	IGL
chr22_23266439	23266439	IGLV2-8	intergenic	intergenic	20233	IGL
chr22_22641625	22641625	IGLV10-54	intergenic	intergenic	12782	IGL
chr22_23305863	23305863	IGLV3-1	intergenic	intergenic	1522	IGL
chr22_22473817	22473817	IGLV4-69	intergenic	intergenic	28753	IGL
chr22_22660420	22660420	IGLV10-54	intergenic	intergenic	31577	IGL
chr22_22432643	22432643	IGLV4-69	intergenic	intergenic	11843	IGL
chr22_23058572	23058572	IGLV3-27	intergenic	intergenic	32732	IGL
chr22_22986235	22986235	IGLV2-33	intergenic	intergenic	24710	IGL
chr22_22980787	22980787	IGLV2-33	intergenic	intergenic	30158	IGL
chr22_23069359	23069359	IGLV3-27	intergenic	intergenic	21945	IGL
chr22_23105296	23105296	IGLV3-25	intergenic	intergenic	4439	IGL
chr22_23106159	23106159	IGLV3-25	intergenic	intergenic	3576	IGL
chr22_23107334	23107334	IGLV3-25	intergenic	intergenic	2401	IGL
chr22_23108242	23108242	IGLV3-25	intergenic	intergenic	1493	IGL
chr22_23108355	23108355	IGLV3-25	intergenic	intergenic	1380	IGL
chr22_23108557	23108557	IGLV3-25	intergenic	intergenic	1178	IGL
chr22_23108848	23108848	IGLV3-25	intergenic	intergenic	887	IGL
chr22_23112378	23112378	IGLV3-25	intergenic	intergenic	2048	IGL
chr22_23060787	23060787	IGLV3-27	intergenic	intergenic	30517	IGL
chr22_22997202	22997202	IGLV2-33	intergenic	intergenic	13743	IGL
chr22_23261846	23261846	IGLV2-8	intergenic	intergenic	15640	IGL
chr22_22430889	22430889	IGLV4-69	intergenic	intergenic	13597	IGL
chr22_23074022	23074022	IGLV3-27	intergenic	intergenic	17282	IGL
chr22_22624930	22624930	IGLV10-54	intergenic	intergenic	3409	IGL
chr22_22625017	22625017	IGLV10-54	intergenic	intergenic	3322	IGL
chr22_23067810	23067810	IGLV3-27	intergenic	intergenic	23494	IGL
chr22_23068013	23068013	IGLV3-27	intergenic	intergenic	23291	IGL
chr22_22982705	22982705	IGLV2-33	intergenic	intergenic	28240	IGL
chr22_23035159	23035159	IGLV3-32	intergenic	intergenic	17334	IGL
chr22_23057960	23057960	IGLV3-27	intergenic	intergenic	33344	IGL
chr22_23003253	23003253	IGLV2-33	intergenic	intergenic	7692	IGL
chr22_23003015	23003015	IGLV2-33	intergenic	intergenic	7930	IGL
chr22_22453897	22453897	IGLV4-69	intergenic	intergenic	8833	IGL
